solid ASCII
  facet normal 9.951847e-01 -9.801714e-02 -8.705671e-17
    outer loop
      vertex   -3.613531e+01 -9.827879e+00 1.700000e+01
      vertex   -3.613531e+01 -9.827879e+00 1.900000e+01
      vertex   -3.617374e+01 -1.021806e+01 1.700000e+01
    endloop
  endfacet
  facet normal 9.951847e-01 -9.801714e-02 0.000000e+00
    outer loop
      vertex   -3.617374e+01 -1.021806e+01 1.700000e+01
      vertex   -3.613531e+01 -9.827879e+00 1.900000e+01
      vertex   -3.617374e+01 -1.021806e+01 1.900000e+01
    endloop
  endfacet
  facet normal 9.951847e-01 9.801714e-02 -0.000000e+00
    outer loop
      vertex   -3.617374e+01 -1.021806e+01 1.700000e+01
      vertex   -3.617374e+01 -1.021806e+01 1.900000e+01
      vertex   -3.613531e+01 -1.060824e+01 1.700000e+01
    endloop
  endfacet
  facet normal 9.951847e-01 9.801714e-02 -0.000000e+00
    outer loop
      vertex   -3.613531e+01 -1.060824e+01 1.700000e+01
      vertex   -3.617374e+01 -1.021806e+01 1.900000e+01
      vertex   -3.613531e+01 -1.060824e+01 1.900000e+01
    endloop
  endfacet
  facet normal 9.569403e-01 2.902847e-01 -0.000000e+00
    outer loop
      vertex   -3.613531e+01 -1.060824e+01 1.700000e+01
      vertex   -3.613531e+01 -1.060824e+01 1.900000e+01
      vertex   -3.602150e+01 -1.098343e+01 1.700000e+01
    endloop
  endfacet
  facet normal 9.569403e-01 2.902847e-01 -0.000000e+00
    outer loop
      vertex   -3.602150e+01 -1.098343e+01 1.700000e+01
      vertex   -3.613531e+01 -1.060824e+01 1.900000e+01
      vertex   -3.602150e+01 -1.098343e+01 1.900000e+01
    endloop
  endfacet
  facet normal 8.819213e-01 4.713967e-01 -0.000000e+00
    outer loop
      vertex   -3.602150e+01 -1.098343e+01 1.700000e+01
      vertex   -3.602150e+01 -1.098343e+01 1.900000e+01
      vertex   -3.583668e+01 -1.132920e+01 1.700000e+01
    endloop
  endfacet
  facet normal 8.819213e-01 4.713967e-01 -0.000000e+00
    outer loop
      vertex   -3.583668e+01 -1.132920e+01 1.700000e+01
      vertex   -3.602150e+01 -1.098343e+01 1.900000e+01
      vertex   -3.583668e+01 -1.132920e+01 1.900000e+01
    endloop
  endfacet
  facet normal 7.730105e-01 6.343933e-01 -0.000000e+00
    outer loop
      vertex   -3.583668e+01 -1.132920e+01 1.700000e+01
      vertex   -3.583668e+01 -1.132920e+01 1.900000e+01
      vertex   -3.558795e+01 -1.163227e+01 1.700000e+01
    endloop
  endfacet
  facet normal 7.730105e-01 6.343933e-01 -0.000000e+00
    outer loop
      vertex   -3.558795e+01 -1.163227e+01 1.700000e+01
      vertex   -3.583668e+01 -1.132920e+01 1.900000e+01
      vertex   -3.558795e+01 -1.163227e+01 1.900000e+01
    endloop
  endfacet
  facet normal 6.343933e-01 7.730105e-01 -0.000000e+00
    outer loop
      vertex   -3.558795e+01 -1.163227e+01 1.700000e+01
      vertex   -3.558795e+01 -1.163227e+01 1.900000e+01
      vertex   -3.528488e+01 -1.188100e+01 1.700000e+01
    endloop
  endfacet
  facet normal 6.343933e-01 7.730105e-01 -0.000000e+00
    outer loop
      vertex   -3.528488e+01 -1.188100e+01 1.700000e+01
      vertex   -3.558795e+01 -1.163227e+01 1.900000e+01
      vertex   -3.528488e+01 -1.188100e+01 1.900000e+01
    endloop
  endfacet
  facet normal 4.713967e-01 8.819213e-01 -0.000000e+00
    outer loop
      vertex   -3.528488e+01 -1.188100e+01 1.700000e+01
      vertex   -3.528488e+01 -1.188100e+01 1.900000e+01
      vertex   -3.493910e+01 -1.206582e+01 1.700000e+01
    endloop
  endfacet
  facet normal 4.713967e-01 8.819213e-01 -0.000000e+00
    outer loop
      vertex   -3.493910e+01 -1.206582e+01 1.700000e+01
      vertex   -3.528488e+01 -1.188100e+01 1.900000e+01
      vertex   -3.493910e+01 -1.206582e+01 1.900000e+01
    endloop
  endfacet
  facet normal 2.902847e-01 9.569403e-01 -0.000000e+00
    outer loop
      vertex   -3.493910e+01 -1.206582e+01 1.700000e+01
      vertex   -3.493910e+01 -1.206582e+01 1.900000e+01
      vertex   -3.456392e+01 -1.217963e+01 1.700000e+01
    endloop
  endfacet
  facet normal 2.902847e-01 9.569403e-01 -0.000000e+00
    outer loop
      vertex   -3.456392e+01 -1.217963e+01 1.700000e+01
      vertex   -3.493910e+01 -1.206582e+01 1.900000e+01
      vertex   -3.456392e+01 -1.217963e+01 1.900000e+01
    endloop
  endfacet
  facet normal 9.801714e-02 9.951847e-01 -0.000000e+00
    outer loop
      vertex   -3.456392e+01 -1.217963e+01 1.700000e+01
      vertex   -3.456392e+01 -1.217963e+01 1.900000e+01
      vertex   -3.417374e+01 -1.221806e+01 1.700000e+01
    endloop
  endfacet
  facet normal 9.801714e-02 9.951847e-01 -0.000000e+00
    outer loop
      vertex   -3.417374e+01 -1.221806e+01 1.700000e+01
      vertex   -3.456392e+01 -1.217963e+01 1.900000e+01
      vertex   -3.417374e+01 -1.221806e+01 1.900000e+01
    endloop
  endfacet
  facet normal -9.801714e-02 9.951847e-01 0.000000e+00
    outer loop
      vertex   -3.417374e+01 -1.221806e+01 1.700000e+01
      vertex   -3.417374e+01 -1.221806e+01 1.900000e+01
      vertex   -3.378356e+01 -1.217963e+01 1.700000e+01
    endloop
  endfacet
  facet normal -9.801714e-02 9.951847e-01 0.000000e+00
    outer loop
      vertex   -3.378356e+01 -1.217963e+01 1.700000e+01
      vertex   -3.417374e+01 -1.221806e+01 1.900000e+01
      vertex   -3.378356e+01 -1.217963e+01 1.900000e+01
    endloop
  endfacet
  facet normal -2.902847e-01 9.569403e-01 0.000000e+00
    outer loop
      vertex   -3.378356e+01 -1.217963e+01 1.700000e+01
      vertex   -3.378356e+01 -1.217963e+01 1.900000e+01
      vertex   -3.340837e+01 -1.206582e+01 1.700000e+01
    endloop
  endfacet
  facet normal -2.902847e-01 9.569403e-01 0.000000e+00
    outer loop
      vertex   -3.340837e+01 -1.206582e+01 1.700000e+01
      vertex   -3.378356e+01 -1.217963e+01 1.900000e+01
      vertex   -3.340837e+01 -1.206582e+01 1.900000e+01
    endloop
  endfacet
  facet normal -4.713967e-01 8.819213e-01 0.000000e+00
    outer loop
      vertex   -3.340837e+01 -1.206582e+01 1.700000e+01
      vertex   -3.340837e+01 -1.206582e+01 1.900000e+01
      vertex   -3.306260e+01 -1.188100e+01 1.700000e+01
    endloop
  endfacet
  facet normal -4.713967e-01 8.819213e-01 0.000000e+00
    outer loop
      vertex   -3.306260e+01 -1.188100e+01 1.700000e+01
      vertex   -3.340837e+01 -1.206582e+01 1.900000e+01
      vertex   -3.306260e+01 -1.188100e+01 1.900000e+01
    endloop
  endfacet
  facet normal -6.343933e-01 7.730105e-01 0.000000e+00
    outer loop
      vertex   -3.306260e+01 -1.188100e+01 1.700000e+01
      vertex   -3.306260e+01 -1.188100e+01 1.900000e+01
      vertex   -3.275952e+01 -1.163227e+01 1.700000e+01
    endloop
  endfacet
  facet normal -6.343933e-01 7.730105e-01 0.000000e+00
    outer loop
      vertex   -3.275952e+01 -1.163227e+01 1.700000e+01
      vertex   -3.306260e+01 -1.188100e+01 1.900000e+01
      vertex   -3.275952e+01 -1.163227e+01 1.900000e+01
    endloop
  endfacet
  facet normal -7.730105e-01 6.343933e-01 0.000000e+00
    outer loop
      vertex   -3.275952e+01 -1.163227e+01 1.700000e+01
      vertex   -3.275952e+01 -1.163227e+01 1.900000e+01
      vertex   -3.251080e+01 -1.132920e+01 1.700000e+01
    endloop
  endfacet
  facet normal -7.730105e-01 6.343933e-01 0.000000e+00
    outer loop
      vertex   -3.251080e+01 -1.132920e+01 1.700000e+01
      vertex   -3.275952e+01 -1.163227e+01 1.900000e+01
      vertex   -3.251080e+01 -1.132920e+01 1.900000e+01
    endloop
  endfacet
  facet normal -8.819213e-01 4.713967e-01 0.000000e+00
    outer loop
      vertex   -3.251080e+01 -1.132920e+01 1.700000e+01
      vertex   -3.251080e+01 -1.132920e+01 1.900000e+01
      vertex   -3.232598e+01 -1.098343e+01 1.700000e+01
    endloop
  endfacet
  facet normal -8.819213e-01 4.713967e-01 0.000000e+00
    outer loop
      vertex   -3.232598e+01 -1.098343e+01 1.700000e+01
      vertex   -3.251080e+01 -1.132920e+01 1.900000e+01
      vertex   -3.232598e+01 -1.098343e+01 1.900000e+01
    endloop
  endfacet
  facet normal -9.569403e-01 2.902847e-01 0.000000e+00
    outer loop
      vertex   -3.232598e+01 -1.098343e+01 1.700000e+01
      vertex   -3.232598e+01 -1.098343e+01 1.900000e+01
      vertex   -3.221217e+01 -1.060824e+01 1.700000e+01
    endloop
  endfacet
  facet normal -9.569403e-01 2.902847e-01 0.000000e+00
    outer loop
      vertex   -3.221217e+01 -1.060824e+01 1.700000e+01
      vertex   -3.232598e+01 -1.098343e+01 1.900000e+01
      vertex   -3.221217e+01 -1.060824e+01 1.900000e+01
    endloop
  endfacet
  facet normal -9.951847e-01 9.801714e-02 0.000000e+00
    outer loop
      vertex   -3.221217e+01 -1.060824e+01 1.700000e+01
      vertex   -3.221217e+01 -1.060824e+01 1.900000e+01
      vertex   -3.217374e+01 -1.021806e+01 1.700000e+01
    endloop
  endfacet
  facet normal -9.951847e-01 9.801714e-02 0.000000e+00
    outer loop
      vertex   -3.217374e+01 -1.021806e+01 1.700000e+01
      vertex   -3.221217e+01 -1.060824e+01 1.900000e+01
      vertex   -3.217374e+01 -1.021806e+01 1.900000e+01
    endloop
  endfacet
  facet normal -9.951847e-01 -9.801714e-02 0.000000e+00
    outer loop
      vertex   -3.217374e+01 -1.021806e+01 1.700000e+01
      vertex   -3.217374e+01 -1.021806e+01 1.900000e+01
      vertex   -3.221217e+01 -9.827879e+00 1.700000e+01
    endloop
  endfacet
  facet normal -9.951847e-01 -9.801714e-02 8.705671e-17
    outer loop
      vertex   -3.221217e+01 -9.827879e+00 1.700000e+01
      vertex   -3.217374e+01 -1.021806e+01 1.900000e+01
      vertex   -3.221217e+01 -9.827879e+00 1.900000e+01
    endloop
  endfacet
  facet normal -9.569403e-01 -2.902847e-01 2.578246e-16
    outer loop
      vertex   -3.221217e+01 -9.827879e+00 1.700000e+01
      vertex   -3.221217e+01 -9.827879e+00 1.900000e+01
      vertex   -3.232598e+01 -9.452693e+00 1.700000e+01
    endloop
  endfacet
  facet normal -9.569403e-01 -2.902847e-01 2.578246e-16
    outer loop
      vertex   -3.232598e+01 -9.452693e+00 1.700000e+01
      vertex   -3.221217e+01 -9.827879e+00 1.900000e+01
      vertex   -3.232598e+01 -9.452693e+00 1.900000e+01
    endloop
  endfacet
  facet normal -8.819213e-01 -4.713967e-01 4.186844e-16
    outer loop
      vertex   -3.232598e+01 -9.452693e+00 1.700000e+01
      vertex   -3.232598e+01 -9.452693e+00 1.900000e+01
      vertex   -3.251080e+01 -9.106920e+00 1.700000e+01
    endloop
  endfacet
  facet normal -8.819213e-01 -4.713967e-01 0.000000e+00
    outer loop
      vertex   -3.251080e+01 -9.106920e+00 1.700000e+01
      vertex   -3.232598e+01 -9.452693e+00 1.900000e+01
      vertex   -3.251080e+01 -9.106920e+00 1.900000e+01
    endloop
  endfacet
  facet normal -7.730105e-01 -6.343933e-01 0.000000e+00
    outer loop
      vertex   -3.251080e+01 -9.106920e+00 1.700000e+01
      vertex   -3.251080e+01 -9.106920e+00 1.900000e+01
      vertex   -3.275952e+01 -8.803846e+00 1.700000e+01
    endloop
  endfacet
  facet normal -7.730105e-01 -6.343933e-01 0.000000e+00
    outer loop
      vertex   -3.275952e+01 -8.803846e+00 1.700000e+01
      vertex   -3.251080e+01 -9.106920e+00 1.900000e+01
      vertex   -3.275952e+01 -8.803846e+00 1.900000e+01
    endloop
  endfacet
  facet normal -6.343933e-01 -7.730105e-01 0.000000e+00
    outer loop
      vertex   -3.275952e+01 -8.803846e+00 1.700000e+01
      vertex   -3.275952e+01 -8.803846e+00 1.900000e+01
      vertex   -3.306260e+01 -8.555121e+00 1.700000e+01
    endloop
  endfacet
  facet normal -6.343933e-01 -7.730105e-01 0.000000e+00
    outer loop
      vertex   -3.306260e+01 -8.555121e+00 1.700000e+01
      vertex   -3.275952e+01 -8.803846e+00 1.900000e+01
      vertex   -3.306260e+01 -8.555121e+00 1.900000e+01
    endloop
  endfacet
  facet normal -4.713967e-01 -8.819213e-01 0.000000e+00
    outer loop
      vertex   -3.306260e+01 -8.555121e+00 1.700000e+01
      vertex   -3.306260e+01 -8.555121e+00 1.900000e+01
      vertex   -3.340837e+01 -8.370301e+00 1.700000e+01
    endloop
  endfacet
  facet normal -4.713967e-01 -8.819213e-01 7.833034e-16
    outer loop
      vertex   -3.340837e+01 -8.370301e+00 1.700000e+01
      vertex   -3.306260e+01 -8.555121e+00 1.900000e+01
      vertex   -3.340837e+01 -8.370301e+00 1.900000e+01
    endloop
  endfacet
  facet normal -2.902847e-01 -9.569403e-01 8.499338e-16
    outer loop
      vertex   -3.340837e+01 -8.370301e+00 1.700000e+01
      vertex   -3.340837e+01 -8.370301e+00 1.900000e+01
      vertex   -3.378356e+01 -8.256489e+00 1.700000e+01
    endloop
  endfacet
  facet normal -2.902847e-01 -9.569403e-01 0.000000e+00
    outer loop
      vertex   -3.378356e+01 -8.256489e+00 1.700000e+01
      vertex   -3.340837e+01 -8.370301e+00 1.900000e+01
      vertex   -3.378356e+01 -8.256489e+00 1.900000e+01
    endloop
  endfacet
  facet normal -9.801714e-02 -9.951847e-01 0.000000e+00
    outer loop
      vertex   -3.378356e+01 -8.256489e+00 1.700000e+01
      vertex   -3.378356e+01 -8.256489e+00 1.900000e+01
      vertex   -3.417374e+01 -8.218060e+00 1.700000e+01
    endloop
  endfacet
  facet normal -9.801714e-02 -9.951847e-01 0.000000e+00
    outer loop
      vertex   -3.417374e+01 -8.218060e+00 1.700000e+01
      vertex   -3.378356e+01 -8.256489e+00 1.900000e+01
      vertex   -3.417374e+01 -8.218060e+00 1.900000e+01
    endloop
  endfacet
  facet normal 9.801714e-02 -9.951847e-01 0.000000e+00
    outer loop
      vertex   -3.417374e+01 -8.218060e+00 1.700000e+01
      vertex   -3.417374e+01 -8.218060e+00 1.900000e+01
      vertex   -3.456392e+01 -8.256489e+00 1.700000e+01
    endloop
  endfacet
  facet normal 9.801714e-02 -9.951847e-01 0.000000e+00
    outer loop
      vertex   -3.456392e+01 -8.256489e+00 1.700000e+01
      vertex   -3.417374e+01 -8.218060e+00 1.900000e+01
      vertex   -3.456392e+01 -8.256489e+00 1.900000e+01
    endloop
  endfacet
  facet normal 2.902847e-01 -9.569403e-01 0.000000e+00
    outer loop
      vertex   -3.456392e+01 -8.256489e+00 1.700000e+01
      vertex   -3.456392e+01 -8.256489e+00 1.900000e+01
      vertex   -3.493910e+01 -8.370301e+00 1.700000e+01
    endloop
  endfacet
  facet normal 2.902847e-01 -9.569403e-01 -8.499338e-16
    outer loop
      vertex   -3.493910e+01 -8.370301e+00 1.700000e+01
      vertex   -3.456392e+01 -8.256489e+00 1.900000e+01
      vertex   -3.493910e+01 -8.370301e+00 1.900000e+01
    endloop
  endfacet
  facet normal 4.713967e-01 -8.819213e-01 -7.833034e-16
    outer loop
      vertex   -3.493910e+01 -8.370301e+00 1.700000e+01
      vertex   -3.493910e+01 -8.370301e+00 1.900000e+01
      vertex   -3.528488e+01 -8.555121e+00 1.700000e+01
    endloop
  endfacet
  facet normal 4.713967e-01 -8.819213e-01 0.000000e+00
    outer loop
      vertex   -3.528488e+01 -8.555121e+00 1.700000e+01
      vertex   -3.493910e+01 -8.370301e+00 1.900000e+01
      vertex   -3.528488e+01 -8.555121e+00 1.900000e+01
    endloop
  endfacet
  facet normal 6.343933e-01 -7.730105e-01 0.000000e+00
    outer loop
      vertex   -3.528488e+01 -8.555121e+00 1.700000e+01
      vertex   -3.528488e+01 -8.555121e+00 1.900000e+01
      vertex   -3.558795e+01 -8.803846e+00 1.700000e+01
    endloop
  endfacet
  facet normal 6.343933e-01 -7.730105e-01 -6.865712e-16
    outer loop
      vertex   -3.558795e+01 -8.803846e+00 1.700000e+01
      vertex   -3.528488e+01 -8.555121e+00 1.900000e+01
      vertex   -3.558795e+01 -8.803846e+00 1.900000e+01
    endloop
  endfacet
  facet normal 7.730105e-01 -6.343933e-01 -5.634544e-16
    outer loop
      vertex   -3.558795e+01 -8.803846e+00 1.700000e+01
      vertex   -3.558795e+01 -8.803846e+00 1.900000e+01
      vertex   -3.583668e+01 -9.106920e+00 1.700000e+01
    endloop
  endfacet
  facet normal 7.730105e-01 -6.343933e-01 2.746285e-15
    outer loop
      vertex   -3.583668e+01 -9.106920e+00 1.700000e+01
      vertex   -3.558795e+01 -8.803846e+00 1.900000e+01
      vertex   -3.583668e+01 -9.106920e+00 1.900000e+01
    endloop
  endfacet
  facet normal 8.819213e-01 -4.713967e-01 3.133214e-15
    outer loop
      vertex   -3.583668e+01 -9.106920e+00 1.700000e+01
      vertex   -3.583668e+01 -9.106920e+00 1.900000e+01
      vertex   -3.602150e+01 -9.452693e+00 1.700000e+01
    endloop
  endfacet
  facet normal 8.819213e-01 -4.713967e-01 -4.186844e-16
    outer loop
      vertex   -3.602150e+01 -9.452693e+00 1.700000e+01
      vertex   -3.583668e+01 -9.106920e+00 1.900000e+01
      vertex   -3.602150e+01 -9.452693e+00 1.900000e+01
    endloop
  endfacet
  facet normal 9.569403e-01 -2.902847e-01 -2.578246e-16
    outer loop
      vertex   -3.602150e+01 -9.452693e+00 1.700000e+01
      vertex   -3.602150e+01 -9.452693e+00 1.900000e+01
      vertex   -3.613531e+01 -9.827879e+00 1.700000e+01
    endloop
  endfacet
  facet normal 9.569403e-01 -2.902847e-01 -2.578246e-16
    outer loop
      vertex   -3.613531e+01 -9.827879e+00 1.700000e+01
      vertex   -3.602150e+01 -9.452693e+00 1.900000e+01
      vertex   -3.613531e+01 -9.827879e+00 1.900000e+01
    endloop
  endfacet
  facet normal 9.951847e-01 -9.801714e-02 0.000000e+00
    outer loop
      vertex   -3.616410e+01 2.889229e+01 1.700000e+01
      vertex   -3.616410e+01 2.889229e+01 1.900000e+01
      vertex   -3.620253e+01 2.850211e+01 1.700000e+01
    endloop
  endfacet
  facet normal 9.951847e-01 -9.801714e-02 0.000000e+00
    outer loop
      vertex   -3.620253e+01 2.850211e+01 1.700000e+01
      vertex   -3.616410e+01 2.889229e+01 1.900000e+01
      vertex   -3.620253e+01 2.850211e+01 1.900000e+01
    endloop
  endfacet
  facet normal 9.951847e-01 9.801714e-02 -0.000000e+00
    outer loop
      vertex   -3.620253e+01 2.850211e+01 1.700000e+01
      vertex   -3.620253e+01 2.850211e+01 1.900000e+01
      vertex   -3.616410e+01 2.811193e+01 1.700000e+01
    endloop
  endfacet
  facet normal 9.951847e-01 9.801714e-02 -0.000000e+00
    outer loop
      vertex   -3.616410e+01 2.811193e+01 1.700000e+01
      vertex   -3.620253e+01 2.850211e+01 1.900000e+01
      vertex   -3.616410e+01 2.811193e+01 1.900000e+01
    endloop
  endfacet
  facet normal 9.569403e-01 2.902847e-01 -0.000000e+00
    outer loop
      vertex   -3.616410e+01 2.811193e+01 1.700000e+01
      vertex   -3.616410e+01 2.811193e+01 1.900000e+01
      vertex   -3.605029e+01 2.773674e+01 1.700000e+01
    endloop
  endfacet
  facet normal 9.569403e-01 2.902847e-01 -0.000000e+00
    outer loop
      vertex   -3.605029e+01 2.773674e+01 1.700000e+01
      vertex   -3.616410e+01 2.811193e+01 1.900000e+01
      vertex   -3.605029e+01 2.773674e+01 1.900000e+01
    endloop
  endfacet
  facet normal 8.819213e-01 4.713967e-01 -0.000000e+00
    outer loop
      vertex   -3.605029e+01 2.773674e+01 1.700000e+01
      vertex   -3.605029e+01 2.773674e+01 1.900000e+01
      vertex   -3.586547e+01 2.739097e+01 1.700000e+01
    endloop
  endfacet
  facet normal 8.819213e-01 4.713967e-01 -0.000000e+00
    outer loop
      vertex   -3.586547e+01 2.739097e+01 1.700000e+01
      vertex   -3.605029e+01 2.773674e+01 1.900000e+01
      vertex   -3.586547e+01 2.739097e+01 1.900000e+01
    endloop
  endfacet
  facet normal 7.730105e-01 6.343933e-01 -0.000000e+00
    outer loop
      vertex   -3.586547e+01 2.739097e+01 1.700000e+01
      vertex   -3.586547e+01 2.739097e+01 1.900000e+01
      vertex   -3.561674e+01 2.708790e+01 1.700000e+01
    endloop
  endfacet
  facet normal 7.730105e-01 6.343933e-01 -0.000000e+00
    outer loop
      vertex   -3.561674e+01 2.708790e+01 1.700000e+01
      vertex   -3.586547e+01 2.739097e+01 1.900000e+01
      vertex   -3.561674e+01 2.708790e+01 1.900000e+01
    endloop
  endfacet
  facet normal 6.343933e-01 7.730105e-01 -0.000000e+00
    outer loop
      vertex   -3.561674e+01 2.708790e+01 1.700000e+01
      vertex   -3.561674e+01 2.708790e+01 1.900000e+01
      vertex   -3.531367e+01 2.683917e+01 1.700000e+01
    endloop
  endfacet
  facet normal 6.343933e-01 7.730105e-01 -0.000000e+00
    outer loop
      vertex   -3.531367e+01 2.683917e+01 1.700000e+01
      vertex   -3.561674e+01 2.708790e+01 1.900000e+01
      vertex   -3.531367e+01 2.683917e+01 1.900000e+01
    endloop
  endfacet
  facet normal 4.713967e-01 8.819213e-01 -0.000000e+00
    outer loop
      vertex   -3.531367e+01 2.683917e+01 1.700000e+01
      vertex   -3.531367e+01 2.683917e+01 1.900000e+01
      vertex   -3.496789e+01 2.665435e+01 1.700000e+01
    endloop
  endfacet
  facet normal 4.713967e-01 8.819213e-01 -0.000000e+00
    outer loop
      vertex   -3.496789e+01 2.665435e+01 1.700000e+01
      vertex   -3.531367e+01 2.683917e+01 1.900000e+01
      vertex   -3.496789e+01 2.665435e+01 1.900000e+01
    endloop
  endfacet
  facet normal 2.902847e-01 9.569403e-01 -0.000000e+00
    outer loop
      vertex   -3.496789e+01 2.665435e+01 1.700000e+01
      vertex   -3.496789e+01 2.665435e+01 1.900000e+01
      vertex   -3.459271e+01 2.654054e+01 1.700000e+01
    endloop
  endfacet
  facet normal 2.902847e-01 9.569403e-01 -0.000000e+00
    outer loop
      vertex   -3.459271e+01 2.654054e+01 1.700000e+01
      vertex   -3.496789e+01 2.665435e+01 1.900000e+01
      vertex   -3.459271e+01 2.654054e+01 1.900000e+01
    endloop
  endfacet
  facet normal 9.801714e-02 9.951847e-01 -0.000000e+00
    outer loop
      vertex   -3.459271e+01 2.654054e+01 1.700000e+01
      vertex   -3.459271e+01 2.654054e+01 1.900000e+01
      vertex   -3.420253e+01 2.650211e+01 1.700000e+01
    endloop
  endfacet
  facet normal 9.801714e-02 9.951847e-01 -0.000000e+00
    outer loop
      vertex   -3.420253e+01 2.650211e+01 1.700000e+01
      vertex   -3.459271e+01 2.654054e+01 1.900000e+01
      vertex   -3.420253e+01 2.650211e+01 1.900000e+01
    endloop
  endfacet
  facet normal -9.801714e-02 9.951847e-01 0.000000e+00
    outer loop
      vertex   -3.420253e+01 2.650211e+01 1.700000e+01
      vertex   -3.420253e+01 2.650211e+01 1.900000e+01
      vertex   -3.381235e+01 2.654054e+01 1.700000e+01
    endloop
  endfacet
  facet normal -9.801714e-02 9.951847e-01 0.000000e+00
    outer loop
      vertex   -3.381235e+01 2.654054e+01 1.700000e+01
      vertex   -3.420253e+01 2.650211e+01 1.900000e+01
      vertex   -3.381235e+01 2.654054e+01 1.900000e+01
    endloop
  endfacet
  facet normal -2.902847e-01 9.569403e-01 0.000000e+00
    outer loop
      vertex   -3.381235e+01 2.654054e+01 1.700000e+01
      vertex   -3.381235e+01 2.654054e+01 1.900000e+01
      vertex   -3.343716e+01 2.665435e+01 1.700000e+01
    endloop
  endfacet
  facet normal -2.902847e-01 9.569403e-01 0.000000e+00
    outer loop
      vertex   -3.343716e+01 2.665435e+01 1.700000e+01
      vertex   -3.381235e+01 2.654054e+01 1.900000e+01
      vertex   -3.343716e+01 2.665435e+01 1.900000e+01
    endloop
  endfacet
  facet normal -4.713967e-01 8.819213e-01 0.000000e+00
    outer loop
      vertex   -3.343716e+01 2.665435e+01 1.700000e+01
      vertex   -3.343716e+01 2.665435e+01 1.900000e+01
      vertex   -3.309139e+01 2.683917e+01 1.700000e+01
    endloop
  endfacet
  facet normal -4.713967e-01 8.819213e-01 0.000000e+00
    outer loop
      vertex   -3.309139e+01 2.683917e+01 1.700000e+01
      vertex   -3.343716e+01 2.665435e+01 1.900000e+01
      vertex   -3.309139e+01 2.683917e+01 1.900000e+01
    endloop
  endfacet
  facet normal -6.343933e-01 7.730105e-01 0.000000e+00
    outer loop
      vertex   -3.309139e+01 2.683917e+01 1.700000e+01
      vertex   -3.309139e+01 2.683917e+01 1.900000e+01
      vertex   -3.278831e+01 2.708790e+01 1.700000e+01
    endloop
  endfacet
  facet normal -6.343933e-01 7.730105e-01 0.000000e+00
    outer loop
      vertex   -3.278831e+01 2.708790e+01 1.700000e+01
      vertex   -3.309139e+01 2.683917e+01 1.900000e+01
      vertex   -3.278831e+01 2.708790e+01 1.900000e+01
    endloop
  endfacet
  facet normal -7.730105e-01 6.343933e-01 0.000000e+00
    outer loop
      vertex   -3.278831e+01 2.708790e+01 1.700000e+01
      vertex   -3.278831e+01 2.708790e+01 1.900000e+01
      vertex   -3.253959e+01 2.739097e+01 1.700000e+01
    endloop
  endfacet
  facet normal -7.730105e-01 6.343933e-01 0.000000e+00
    outer loop
      vertex   -3.253959e+01 2.739097e+01 1.700000e+01
      vertex   -3.278831e+01 2.708790e+01 1.900000e+01
      vertex   -3.253959e+01 2.739097e+01 1.900000e+01
    endloop
  endfacet
  facet normal -8.819213e-01 4.713967e-01 0.000000e+00
    outer loop
      vertex   -3.253959e+01 2.739097e+01 1.700000e+01
      vertex   -3.253959e+01 2.739097e+01 1.900000e+01
      vertex   -3.235477e+01 2.773674e+01 1.700000e+01
    endloop
  endfacet
  facet normal -8.819213e-01 4.713967e-01 0.000000e+00
    outer loop
      vertex   -3.235477e+01 2.773674e+01 1.700000e+01
      vertex   -3.253959e+01 2.739097e+01 1.900000e+01
      vertex   -3.235477e+01 2.773674e+01 1.900000e+01
    endloop
  endfacet
  facet normal -9.569403e-01 2.902847e-01 0.000000e+00
    outer loop
      vertex   -3.235477e+01 2.773674e+01 1.700000e+01
      vertex   -3.235477e+01 2.773674e+01 1.900000e+01
      vertex   -3.224096e+01 2.811193e+01 1.700000e+01
    endloop
  endfacet
  facet normal -9.569403e-01 2.902847e-01 0.000000e+00
    outer loop
      vertex   -3.224096e+01 2.811193e+01 1.700000e+01
      vertex   -3.235477e+01 2.773674e+01 1.900000e+01
      vertex   -3.224096e+01 2.811193e+01 1.900000e+01
    endloop
  endfacet
  facet normal -9.951847e-01 9.801714e-02 0.000000e+00
    outer loop
      vertex   -3.224096e+01 2.811193e+01 1.700000e+01
      vertex   -3.224096e+01 2.811193e+01 1.900000e+01
      vertex   -3.220253e+01 2.850211e+01 1.700000e+01
    endloop
  endfacet
  facet normal -9.951847e-01 9.801714e-02 0.000000e+00
    outer loop
      vertex   -3.220253e+01 2.850211e+01 1.700000e+01
      vertex   -3.224096e+01 2.811193e+01 1.900000e+01
      vertex   -3.220253e+01 2.850211e+01 1.900000e+01
    endloop
  endfacet
  facet normal -9.951847e-01 -9.801714e-02 0.000000e+00
    outer loop
      vertex   -3.220253e+01 2.850211e+01 1.700000e+01
      vertex   -3.220253e+01 2.850211e+01 1.900000e+01
      vertex   -3.224096e+01 2.889229e+01 1.700000e+01
    endloop
  endfacet
  facet normal -9.951847e-01 -9.801714e-02 0.000000e+00
    outer loop
      vertex   -3.224096e+01 2.889229e+01 1.700000e+01
      vertex   -3.220253e+01 2.850211e+01 1.900000e+01
      vertex   -3.224096e+01 2.889229e+01 1.900000e+01
    endloop
  endfacet
  facet normal -9.569403e-01 -2.902847e-01 0.000000e+00
    outer loop
      vertex   -3.224096e+01 2.889229e+01 1.700000e+01
      vertex   -3.224096e+01 2.889229e+01 1.900000e+01
      vertex   -3.235477e+01 2.926748e+01 1.700000e+01
    endloop
  endfacet
  facet normal -9.569403e-01 -2.902847e-01 0.000000e+00
    outer loop
      vertex   -3.235477e+01 2.926748e+01 1.700000e+01
      vertex   -3.224096e+01 2.889229e+01 1.900000e+01
      vertex   -3.235477e+01 2.926748e+01 1.900000e+01
    endloop
  endfacet
  facet normal -8.819213e-01 -4.713967e-01 0.000000e+00
    outer loop
      vertex   -3.235477e+01 2.926748e+01 1.700000e+01
      vertex   -3.235477e+01 2.926748e+01 1.900000e+01
      vertex   -3.253959e+01 2.961325e+01 1.700000e+01
    endloop
  endfacet
  facet normal -8.819213e-01 -4.713967e-01 0.000000e+00
    outer loop
      vertex   -3.253959e+01 2.961325e+01 1.700000e+01
      vertex   -3.235477e+01 2.926748e+01 1.900000e+01
      vertex   -3.253959e+01 2.961325e+01 1.900000e+01
    endloop
  endfacet
  facet normal -7.730105e-01 -6.343933e-01 0.000000e+00
    outer loop
      vertex   -3.253959e+01 2.961325e+01 1.700000e+01
      vertex   -3.253959e+01 2.961325e+01 1.900000e+01
      vertex   -3.278831e+01 2.991632e+01 1.700000e+01
    endloop
  endfacet
  facet normal -7.730105e-01 -6.343933e-01 0.000000e+00
    outer loop
      vertex   -3.278831e+01 2.991632e+01 1.700000e+01
      vertex   -3.253959e+01 2.961325e+01 1.900000e+01
      vertex   -3.278831e+01 2.991632e+01 1.900000e+01
    endloop
  endfacet
  facet normal -6.343933e-01 -7.730105e-01 0.000000e+00
    outer loop
      vertex   -3.278831e+01 2.991632e+01 1.700000e+01
      vertex   -3.278831e+01 2.991632e+01 1.900000e+01
      vertex   -3.309139e+01 3.016505e+01 1.700000e+01
    endloop
  endfacet
  facet normal -6.343933e-01 -7.730105e-01 1.373142e-15
    outer loop
      vertex   -3.309139e+01 3.016505e+01 1.700000e+01
      vertex   -3.278831e+01 2.991632e+01 1.900000e+01
      vertex   -3.309139e+01 3.016505e+01 1.900000e+01
    endloop
  endfacet
  facet normal -4.713967e-01 -8.819213e-01 1.566607e-15
    outer loop
      vertex   -3.309139e+01 3.016505e+01 1.700000e+01
      vertex   -3.309139e+01 3.016505e+01 1.900000e+01
      vertex   -3.343716e+01 3.034987e+01 1.700000e+01
    endloop
  endfacet
  facet normal -4.713967e-01 -8.819213e-01 0.000000e+00
    outer loop
      vertex   -3.343716e+01 3.034987e+01 1.700000e+01
      vertex   -3.309139e+01 3.016505e+01 1.900000e+01
      vertex   -3.343716e+01 3.034987e+01 1.900000e+01
    endloop
  endfacet
  facet normal -2.902847e-01 -9.569403e-01 0.000000e+00
    outer loop
      vertex   -3.343716e+01 3.034987e+01 1.700000e+01
      vertex   -3.343716e+01 3.034987e+01 1.900000e+01
      vertex   -3.381235e+01 3.046368e+01 1.700000e+01
    endloop
  endfacet
  facet normal -2.902847e-01 -9.569403e-01 0.000000e+00
    outer loop
      vertex   -3.381235e+01 3.046368e+01 1.700000e+01
      vertex   -3.343716e+01 3.034987e+01 1.900000e+01
      vertex   -3.381235e+01 3.046368e+01 1.900000e+01
    endloop
  endfacet
  facet normal -9.801714e-02 -9.951847e-01 0.000000e+00
    outer loop
      vertex   -3.381235e+01 3.046368e+01 1.700000e+01
      vertex   -3.381235e+01 3.046368e+01 1.900000e+01
      vertex   -3.420253e+01 3.050211e+01 1.700000e+01
    endloop
  endfacet
  facet normal -9.801714e-02 -9.951847e-01 0.000000e+00
    outer loop
      vertex   -3.420253e+01 3.050211e+01 1.700000e+01
      vertex   -3.381235e+01 3.046368e+01 1.900000e+01
      vertex   -3.420253e+01 3.050211e+01 1.900000e+01
    endloop
  endfacet
  facet normal 9.801714e-02 -9.951847e-01 0.000000e+00
    outer loop
      vertex   -3.420253e+01 3.050211e+01 1.700000e+01
      vertex   -3.420253e+01 3.050211e+01 1.900000e+01
      vertex   -3.459271e+01 3.046368e+01 1.700000e+01
    endloop
  endfacet
  facet normal 9.801714e-02 -9.951847e-01 0.000000e+00
    outer loop
      vertex   -3.459271e+01 3.046368e+01 1.700000e+01
      vertex   -3.420253e+01 3.050211e+01 1.900000e+01
      vertex   -3.459271e+01 3.046368e+01 1.900000e+01
    endloop
  endfacet
  facet normal 2.902847e-01 -9.569403e-01 0.000000e+00
    outer loop
      vertex   -3.459271e+01 3.046368e+01 1.700000e+01
      vertex   -3.459271e+01 3.046368e+01 1.900000e+01
      vertex   -3.496789e+01 3.034987e+01 1.700000e+01
    endloop
  endfacet
  facet normal 2.902847e-01 -9.569403e-01 0.000000e+00
    outer loop
      vertex   -3.496789e+01 3.034987e+01 1.700000e+01
      vertex   -3.459271e+01 3.046368e+01 1.900000e+01
      vertex   -3.496789e+01 3.034987e+01 1.900000e+01
    endloop
  endfacet
  facet normal 4.713967e-01 -8.819213e-01 0.000000e+00
    outer loop
      vertex   -3.496789e+01 3.034987e+01 1.700000e+01
      vertex   -3.496789e+01 3.034987e+01 1.900000e+01
      vertex   -3.531367e+01 3.016505e+01 1.700000e+01
    endloop
  endfacet
  facet normal 4.713967e-01 -8.819213e-01 0.000000e+00
    outer loop
      vertex   -3.531367e+01 3.016505e+01 1.700000e+01
      vertex   -3.496789e+01 3.034987e+01 1.900000e+01
      vertex   -3.531367e+01 3.016505e+01 1.900000e+01
    endloop
  endfacet
  facet normal 6.343933e-01 -7.730105e-01 0.000000e+00
    outer loop
      vertex   -3.531367e+01 3.016505e+01 1.700000e+01
      vertex   -3.531367e+01 3.016505e+01 1.900000e+01
      vertex   -3.561674e+01 2.991632e+01 1.700000e+01
    endloop
  endfacet
  facet normal 6.343933e-01 -7.730105e-01 0.000000e+00
    outer loop
      vertex   -3.561674e+01 2.991632e+01 1.700000e+01
      vertex   -3.531367e+01 3.016505e+01 1.900000e+01
      vertex   -3.561674e+01 2.991632e+01 1.900000e+01
    endloop
  endfacet
  facet normal 7.730105e-01 -6.343933e-01 0.000000e+00
    outer loop
      vertex   -3.561674e+01 2.991632e+01 1.700000e+01
      vertex   -3.561674e+01 2.991632e+01 1.900000e+01
      vertex   -3.586547e+01 2.961325e+01 1.700000e+01
    endloop
  endfacet
  facet normal 7.730105e-01 -6.343933e-01 2.746285e-15
    outer loop
      vertex   -3.586547e+01 2.961325e+01 1.700000e+01
      vertex   -3.561674e+01 2.991632e+01 1.900000e+01
      vertex   -3.586547e+01 2.961325e+01 1.900000e+01
    endloop
  endfacet
  facet normal 8.819213e-01 -4.713967e-01 3.133214e-15
    outer loop
      vertex   -3.586547e+01 2.961325e+01 1.700000e+01
      vertex   -3.586547e+01 2.961325e+01 1.900000e+01
      vertex   -3.605029e+01 2.926748e+01 1.700000e+01
    endloop
  endfacet
  facet normal 8.819213e-01 -4.713967e-01 0.000000e+00
    outer loop
      vertex   -3.605029e+01 2.926748e+01 1.700000e+01
      vertex   -3.586547e+01 2.961325e+01 1.900000e+01
      vertex   -3.605029e+01 2.926748e+01 1.900000e+01
    endloop
  endfacet
  facet normal 9.569403e-01 -2.902847e-01 0.000000e+00
    outer loop
      vertex   -3.605029e+01 2.926748e+01 1.700000e+01
      vertex   -3.605029e+01 2.926748e+01 1.900000e+01
      vertex   -3.616410e+01 2.889229e+01 1.700000e+01
    endloop
  endfacet
  facet normal 9.569403e-01 -2.902847e-01 0.000000e+00
    outer loop
      vertex   -3.616410e+01 2.889229e+01 1.700000e+01
      vertex   -3.605029e+01 2.926748e+01 1.900000e+01
      vertex   -3.616410e+01 2.889229e+01 1.900000e+01
    endloop
  endfacet
  facet normal 9.951847e-01 -9.801714e-02 0.000000e+00
    outer loop
      vertex   -1.834670e+00 2.906353e+01 1.700000e+01
      vertex   -1.834670e+00 2.906353e+01 1.900000e+01
      vertex   -1.873100e+00 2.867335e+01 1.700000e+01
    endloop
  endfacet
  facet normal 9.951847e-01 -9.801714e-02 0.000000e+00
    outer loop
      vertex   -1.873100e+00 2.867335e+01 1.700000e+01
      vertex   -1.834670e+00 2.906353e+01 1.900000e+01
      vertex   -1.873100e+00 2.867335e+01 1.900000e+01
    endloop
  endfacet
  facet normal 9.951847e-01 9.801714e-02 -0.000000e+00
    outer loop
      vertex   -1.873100e+00 2.867335e+01 1.700000e+01
      vertex   -1.873100e+00 2.867335e+01 1.900000e+01
      vertex   -1.834670e+00 2.828317e+01 1.700000e+01
    endloop
  endfacet
  facet normal 9.951847e-01 9.801714e-02 -0.000000e+00
    outer loop
      vertex   -1.834670e+00 2.828317e+01 1.700000e+01
      vertex   -1.873100e+00 2.867335e+01 1.900000e+01
      vertex   -1.834670e+00 2.828317e+01 1.900000e+01
    endloop
  endfacet
  facet normal 9.569403e-01 2.902847e-01 -0.000000e+00
    outer loop
      vertex   -1.834670e+00 2.828317e+01 1.700000e+01
      vertex   -1.834670e+00 2.828317e+01 1.900000e+01
      vertex   -1.720859e+00 2.790798e+01 1.700000e+01
    endloop
  endfacet
  facet normal 9.569403e-01 2.902847e-01 -0.000000e+00
    outer loop
      vertex   -1.720859e+00 2.790798e+01 1.700000e+01
      vertex   -1.834670e+00 2.828317e+01 1.900000e+01
      vertex   -1.720859e+00 2.790798e+01 1.900000e+01
    endloop
  endfacet
  facet normal 8.819213e-01 4.713967e-01 -0.000000e+00
    outer loop
      vertex   -1.720859e+00 2.790798e+01 1.700000e+01
      vertex   -1.720859e+00 2.790798e+01 1.900000e+01
      vertex   -1.536039e+00 2.756221e+01 1.700000e+01
    endloop
  endfacet
  facet normal 8.819213e-01 4.713967e-01 -0.000000e+00
    outer loop
      vertex   -1.536039e+00 2.756221e+01 1.700000e+01
      vertex   -1.720859e+00 2.790798e+01 1.900000e+01
      vertex   -1.536039e+00 2.756221e+01 1.900000e+01
    endloop
  endfacet
  facet normal 7.730105e-01 6.343933e-01 -0.000000e+00
    outer loop
      vertex   -1.536039e+00 2.756221e+01 1.700000e+01
      vertex   -1.536039e+00 2.756221e+01 1.900000e+01
      vertex   -1.287313e+00 2.725914e+01 1.700000e+01
    endloop
  endfacet
  facet normal 7.730105e-01 6.343933e-01 -0.000000e+00
    outer loop
      vertex   -1.287313e+00 2.725914e+01 1.700000e+01
      vertex   -1.536039e+00 2.756221e+01 1.900000e+01
      vertex   -1.287313e+00 2.725914e+01 1.900000e+01
    endloop
  endfacet
  facet normal 6.343933e-01 7.730105e-01 -0.000000e+00
    outer loop
      vertex   -1.287313e+00 2.725914e+01 1.700000e+01
      vertex   -1.287313e+00 2.725914e+01 1.900000e+01
      vertex   -9.842402e-01 2.701041e+01 1.700000e+01
    endloop
  endfacet
  facet normal 6.343933e-01 7.730105e-01 -0.000000e+00
    outer loop
      vertex   -9.842402e-01 2.701041e+01 1.700000e+01
      vertex   -1.287313e+00 2.725914e+01 1.900000e+01
      vertex   -9.842402e-01 2.701041e+01 1.900000e+01
    endloop
  endfacet
  facet normal 4.713967e-01 8.819213e-01 -0.000000e+00
    outer loop
      vertex   -9.842402e-01 2.701041e+01 1.700000e+01
      vertex   -9.842402e-01 2.701041e+01 1.900000e+01
      vertex   -6.384666e-01 2.682559e+01 1.700000e+01
    endloop
  endfacet
  facet normal 4.713967e-01 8.819213e-01 -0.000000e+00
    outer loop
      vertex   -6.384666e-01 2.682559e+01 1.700000e+01
      vertex   -9.842402e-01 2.701041e+01 1.900000e+01
      vertex   -6.384666e-01 2.682559e+01 1.900000e+01
    endloop
  endfacet
  facet normal 2.902847e-01 9.569403e-01 -0.000000e+00
    outer loop
      vertex   -6.384666e-01 2.682559e+01 1.700000e+01
      vertex   -6.384666e-01 2.682559e+01 1.900000e+01
      vertex   -2.632803e-01 2.671178e+01 1.700000e+01
    endloop
  endfacet
  facet normal 2.902847e-01 9.569403e-01 -0.000000e+00
    outer loop
      vertex   -2.632803e-01 2.671178e+01 1.700000e+01
      vertex   -6.384666e-01 2.682559e+01 1.900000e+01
      vertex   -2.632803e-01 2.671178e+01 1.900000e+01
    endloop
  endfacet
  facet normal 9.801714e-02 9.951847e-01 -0.000000e+00
    outer loop
      vertex   -2.632803e-01 2.671178e+01 1.700000e+01
      vertex   -2.632803e-01 2.671178e+01 1.900000e+01
      vertex   1.269003e-01 2.667335e+01 1.700000e+01
    endloop
  endfacet
  facet normal 9.801714e-02 9.951847e-01 -0.000000e+00
    outer loop
      vertex   1.269003e-01 2.667335e+01 1.700000e+01
      vertex   -2.632803e-01 2.671178e+01 1.900000e+01
      vertex   1.269003e-01 2.667335e+01 1.900000e+01
    endloop
  endfacet
  facet normal -9.801714e-02 9.951847e-01 0.000000e+00
    outer loop
      vertex   1.269003e-01 2.667335e+01 1.700000e+01
      vertex   1.269003e-01 2.667335e+01 1.900000e+01
      vertex   5.170810e-01 2.671178e+01 1.700000e+01
    endloop
  endfacet
  facet normal -9.801714e-02 9.951847e-01 0.000000e+00
    outer loop
      vertex   5.170810e-01 2.671178e+01 1.700000e+01
      vertex   1.269003e-01 2.667335e+01 1.900000e+01
      vertex   5.170810e-01 2.671178e+01 1.900000e+01
    endloop
  endfacet
  facet normal -2.902847e-01 9.569403e-01 0.000000e+00
    outer loop
      vertex   5.170810e-01 2.671178e+01 1.700000e+01
      vertex   5.170810e-01 2.671178e+01 1.900000e+01
      vertex   8.922672e-01 2.682559e+01 1.700000e+01
    endloop
  endfacet
  facet normal -2.902847e-01 9.569403e-01 0.000000e+00
    outer loop
      vertex   8.922672e-01 2.682559e+01 1.700000e+01
      vertex   5.170810e-01 2.671178e+01 1.900000e+01
      vertex   8.922672e-01 2.682559e+01 1.900000e+01
    endloop
  endfacet
  facet normal -4.713967e-01 8.819213e-01 0.000000e+00
    outer loop
      vertex   8.922672e-01 2.682559e+01 1.700000e+01
      vertex   8.922672e-01 2.682559e+01 1.900000e+01
      vertex   1.238041e+00 2.701041e+01 1.700000e+01
    endloop
  endfacet
  facet normal -4.713967e-01 8.819213e-01 1.046711e-16
    outer loop
      vertex   1.238041e+00 2.701041e+01 1.700000e+01
      vertex   8.922672e-01 2.682559e+01 1.900000e+01
      vertex   1.238041e+00 2.701041e+01 1.900000e+01
    endloop
  endfacet
  facet normal -6.343933e-01 7.730105e-01 1.408636e-16
    outer loop
      vertex   1.238041e+00 2.701041e+01 1.700000e+01
      vertex   1.238041e+00 2.701041e+01 1.900000e+01
      vertex   1.541114e+00 2.725914e+01 1.700000e+01
    endloop
  endfacet
  facet normal -6.343933e-01 7.730105e-01 0.000000e+00
    outer loop
      vertex   1.541114e+00 2.725914e+01 1.700000e+01
      vertex   1.238041e+00 2.701041e+01 1.900000e+01
      vertex   1.541114e+00 2.725914e+01 1.900000e+01
    endloop
  endfacet
  facet normal -7.730105e-01 6.343933e-01 0.000000e+00
    outer loop
      vertex   1.541114e+00 2.725914e+01 1.700000e+01
      vertex   1.541114e+00 2.725914e+01 1.900000e+01
      vertex   1.789840e+00 2.756221e+01 1.700000e+01
    endloop
  endfacet
  facet normal -7.730105e-01 6.343933e-01 -8.582140e-17
    outer loop
      vertex   1.789840e+00 2.756221e+01 1.700000e+01
      vertex   1.541114e+00 2.725914e+01 1.900000e+01
      vertex   1.789840e+00 2.756221e+01 1.900000e+01
    endloop
  endfacet
  facet normal -8.819213e-01 4.713967e-01 -9.791293e-17
    outer loop
      vertex   1.789840e+00 2.756221e+01 1.700000e+01
      vertex   1.789840e+00 2.756221e+01 1.900000e+01
      vertex   1.974659e+00 2.790798e+01 1.700000e+01
    endloop
  endfacet
  facet normal -8.819213e-01 4.713967e-01 0.000000e+00
    outer loop
      vertex   1.974659e+00 2.790798e+01 1.700000e+01
      vertex   1.789840e+00 2.756221e+01 1.900000e+01
      vertex   1.974659e+00 2.790798e+01 1.900000e+01
    endloop
  endfacet
  facet normal -9.569403e-01 2.902847e-01 0.000000e+00
    outer loop
      vertex   1.974659e+00 2.790798e+01 1.700000e+01
      vertex   1.974659e+00 2.790798e+01 1.900000e+01
      vertex   2.088471e+00 2.828317e+01 1.700000e+01
    endloop
  endfacet
  facet normal -9.569403e-01 2.902847e-01 0.000000e+00
    outer loop
      vertex   2.088471e+00 2.828317e+01 1.700000e+01
      vertex   1.974659e+00 2.790798e+01 1.900000e+01
      vertex   2.088471e+00 2.828317e+01 1.900000e+01
    endloop
  endfacet
  facet normal -9.951847e-01 9.801714e-02 0.000000e+00
    outer loop
      vertex   2.088471e+00 2.828317e+01 1.700000e+01
      vertex   2.088471e+00 2.828317e+01 1.900000e+01
      vertex   2.126900e+00 2.867335e+01 1.700000e+01
    endloop
  endfacet
  facet normal -9.951847e-01 9.801714e-02 0.000000e+00
    outer loop
      vertex   2.126900e+00 2.867335e+01 1.700000e+01
      vertex   2.088471e+00 2.828317e+01 1.900000e+01
      vertex   2.126900e+00 2.867335e+01 1.900000e+01
    endloop
  endfacet
  facet normal -9.951847e-01 -9.801714e-02 0.000000e+00
    outer loop
      vertex   2.126900e+00 2.867335e+01 1.700000e+01
      vertex   2.126900e+00 2.867335e+01 1.900000e+01
      vertex   2.088471e+00 2.906353e+01 1.700000e+01
    endloop
  endfacet
  facet normal -9.951847e-01 -9.801714e-02 0.000000e+00
    outer loop
      vertex   2.088471e+00 2.906353e+01 1.700000e+01
      vertex   2.126900e+00 2.867335e+01 1.900000e+01
      vertex   2.088471e+00 2.906353e+01 1.900000e+01
    endloop
  endfacet
  facet normal -9.569403e-01 -2.902847e-01 0.000000e+00
    outer loop
      vertex   2.088471e+00 2.906353e+01 1.700000e+01
      vertex   2.088471e+00 2.906353e+01 1.900000e+01
      vertex   1.974659e+00 2.943872e+01 1.700000e+01
    endloop
  endfacet
  facet normal -9.569403e-01 -2.902847e-01 -3.187252e-16
    outer loop
      vertex   1.974659e+00 2.943872e+01 1.700000e+01
      vertex   2.088471e+00 2.906353e+01 1.900000e+01
      vertex   1.974659e+00 2.943872e+01 1.900000e+01
    endloop
  endfacet
  facet normal -8.819213e-01 -4.713967e-01 -2.937388e-16
    outer loop
      vertex   1.974659e+00 2.943872e+01 1.700000e+01
      vertex   1.974659e+00 2.943872e+01 1.900000e+01
      vertex   1.789840e+00 2.978449e+01 1.700000e+01
    endloop
  endfacet
  facet normal -8.819213e-01 -4.713967e-01 -9.791293e-17
    outer loop
      vertex   1.789840e+00 2.978449e+01 1.700000e+01
      vertex   1.974659e+00 2.943872e+01 1.900000e+01
      vertex   1.789840e+00 2.978449e+01 1.900000e+01
    endloop
  endfacet
  facet normal -7.730105e-01 -6.343933e-01 -8.582140e-17
    outer loop
      vertex   1.789840e+00 2.978449e+01 1.700000e+01
      vertex   1.789840e+00 2.978449e+01 1.900000e+01
      vertex   1.541114e+00 3.008756e+01 1.700000e+01
    endloop
  endfacet
  facet normal -7.730105e-01 -6.343933e-01 -2.574642e-16
    outer loop
      vertex   1.541114e+00 3.008756e+01 1.700000e+01
      vertex   1.789840e+00 2.978449e+01 1.900000e+01
      vertex   1.541114e+00 3.008756e+01 1.900000e+01
    endloop
  endfacet
  facet normal -6.343933e-01 -7.730105e-01 -2.112954e-16
    outer loop
      vertex   1.541114e+00 3.008756e+01 1.700000e+01
      vertex   1.541114e+00 3.008756e+01 1.900000e+01
      vertex   1.238041e+00 3.033629e+01 1.700000e+01
    endloop
  endfacet
  facet normal -6.343933e-01 -7.730105e-01 1.302711e-15
    outer loop
      vertex   1.238041e+00 3.033629e+01 1.700000e+01
      vertex   1.541114e+00 3.008756e+01 1.900000e+01
      vertex   1.238041e+00 3.033629e+01 1.900000e+01
    endloop
  endfacet
  facet normal -4.713967e-01 -8.819213e-01 1.514271e-15
    outer loop
      vertex   1.238041e+00 3.033629e+01 1.700000e+01
      vertex   1.238041e+00 3.033629e+01 1.900000e+01
      vertex   8.922672e-01 3.052111e+01 1.700000e+01
    endloop
  endfacet
  facet normal -4.713967e-01 -8.819213e-01 -7.850333e-17
    outer loop
      vertex   8.922672e-01 3.052111e+01 1.700000e+01
      vertex   1.238041e+00 3.033629e+01 1.900000e+01
      vertex   8.922672e-01 3.052111e+01 1.900000e+01
    endloop
  endfacet
  facet normal -2.902847e-01 -9.569403e-01 -4.834211e-17
    outer loop
      vertex   8.922672e-01 3.052111e+01 1.700000e+01
      vertex   8.922672e-01 3.052111e+01 1.900000e+01
      vertex   5.170810e-01 3.063492e+01 1.700000e+01
    endloop
  endfacet
  facet normal -2.902847e-01 -9.569403e-01 -6.445615e-17
    outer loop
      vertex   5.170810e-01 3.063492e+01 1.700000e+01
      vertex   8.922672e-01 3.052111e+01 1.900000e+01
      vertex   5.170810e-01 3.063492e+01 1.900000e+01
    endloop
  endfacet
  facet normal -9.801714e-02 -9.951847e-01 -2.176418e-17
    outer loop
      vertex   5.170810e-01 3.063492e+01 1.700000e+01
      vertex   5.170810e-01 3.063492e+01 1.900000e+01
      vertex   1.269003e-01 3.067335e+01 1.700000e+01
    endloop
  endfacet
  facet normal -9.801714e-02 -9.951847e-01 -2.312444e-17
    outer loop
      vertex   1.269003e-01 3.067335e+01 1.700000e+01
      vertex   5.170810e-01 3.063492e+01 1.900000e+01
      vertex   1.269003e-01 3.067335e+01 1.900000e+01
    endloop
  endfacet
  facet normal 9.801714e-02 -9.951847e-01 2.312444e-17
    outer loop
      vertex   1.269003e-01 3.067335e+01 1.700000e+01
      vertex   1.269003e-01 3.067335e+01 1.900000e+01
      vertex   -2.632803e-01 3.063492e+01 1.700000e+01
    endloop
  endfacet
  facet normal 9.801714e-02 -9.951847e-01 2.448470e-17
    outer loop
      vertex   -2.632803e-01 3.063492e+01 1.700000e+01
      vertex   1.269003e-01 3.067335e+01 1.900000e+01
      vertex   -2.632803e-01 3.063492e+01 1.900000e+01
    endloop
  endfacet
  facet normal 2.902847e-01 -9.569403e-01 7.251316e-17
    outer loop
      vertex   -2.632803e-01 3.063492e+01 1.700000e+01
      vertex   -2.632803e-01 3.063492e+01 1.900000e+01
      vertex   -6.384666e-01 3.052111e+01 1.700000e+01
    endloop
  endfacet
  facet normal 2.902847e-01 -9.569403e-01 6.445615e-17
    outer loop
      vertex   -6.384666e-01 3.052111e+01 1.700000e+01
      vertex   -2.632803e-01 3.063492e+01 1.900000e+01
      vertex   -6.384666e-01 3.052111e+01 1.900000e+01
    endloop
  endfacet
  facet normal 4.713967e-01 -8.819213e-01 1.046711e-16
    outer loop
      vertex   -6.384666e-01 3.052111e+01 1.700000e+01
      vertex   -6.384666e-01 3.052111e+01 1.900000e+01
      vertex   -9.842402e-01 3.033629e+01 1.700000e+01
    endloop
  endfacet
  facet normal 4.713967e-01 -8.819213e-01 1.046711e-16
    outer loop
      vertex   -9.842402e-01 3.033629e+01 1.700000e+01
      vertex   -6.384666e-01 3.052111e+01 1.900000e+01
      vertex   -9.842402e-01 3.033629e+01 1.900000e+01
    endloop
  endfacet
  facet normal 6.343933e-01 -7.730105e-01 1.408636e-16
    outer loop
      vertex   -9.842402e-01 3.033629e+01 1.700000e+01
      vertex   -9.842402e-01 3.033629e+01 1.900000e+01
      vertex   -1.287313e+00 3.008756e+01 1.700000e+01
    endloop
  endfacet
  facet normal 6.343933e-01 -7.730105e-01 1.408636e-16
    outer loop
      vertex   -1.287313e+00 3.008756e+01 1.700000e+01
      vertex   -9.842402e-01 3.033629e+01 1.900000e+01
      vertex   -1.287313e+00 3.008756e+01 1.900000e+01
    endloop
  endfacet
  facet normal 7.730105e-01 -6.343933e-01 1.716428e-16
    outer loop
      vertex   -1.287313e+00 3.008756e+01 1.700000e+01
      vertex   -1.287313e+00 3.008756e+01 1.900000e+01
      vertex   -1.536039e+00 2.978449e+01 1.700000e+01
    endloop
  endfacet
  facet normal 7.730105e-01 -6.343933e-01 8.582140e-17
    outer loop
      vertex   -1.536039e+00 2.978449e+01 1.700000e+01
      vertex   -1.287313e+00 3.008756e+01 1.900000e+01
      vertex   -1.536039e+00 2.978449e+01 1.900000e+01
    endloop
  endfacet
  facet normal 8.819213e-01 -4.713967e-01 9.791293e-17
    outer loop
      vertex   -1.536039e+00 2.978449e+01 1.700000e+01
      vertex   -1.536039e+00 2.978449e+01 1.900000e+01
      vertex   -1.720859e+00 2.943872e+01 1.700000e+01
    endloop
  endfacet
  facet normal 8.819213e-01 -4.713967e-01 3.916517e-16
    outer loop
      vertex   -1.720859e+00 2.943872e+01 1.700000e+01
      vertex   -1.536039e+00 2.978449e+01 1.900000e+01
      vertex   -1.720859e+00 2.943872e+01 1.900000e+01
    endloop
  endfacet
  facet normal 9.569403e-01 -2.902847e-01 4.249669e-16
    outer loop
      vertex   -1.720859e+00 2.943872e+01 1.700000e+01
      vertex   -1.720859e+00 2.943872e+01 1.900000e+01
      vertex   -1.834670e+00 2.906353e+01 1.700000e+01
    endloop
  endfacet
  facet normal 9.569403e-01 -2.902847e-01 0.000000e+00
    outer loop
      vertex   -1.834670e+00 2.906353e+01 1.700000e+01
      vertex   -1.720859e+00 2.943872e+01 1.900000e+01
      vertex   -1.834670e+00 2.906353e+01 1.900000e+01
    endloop
  endfacet
  facet normal 9.954601e-01 -9.505492e-02 4.867626e-03
    outer loop
      vertex   -2.112285e+00 -9.668539e+00 1.700000e+01
      vertex   -2.141403e+00 -9.871058e+00 1.900000e+01
      vertex   -2.151138e+00 -1.007543e+01 1.700000e+01
    endloop
  endfacet
  facet normal 9.999882e-01 0.000000e+00 -4.867626e-03
    outer loop
      vertex   -2.151138e+00 -1.007543e+01 1.700000e+01
      vertex   -2.141403e+00 -9.871058e+00 1.900000e+01
      vertex   -2.141403e+00 -1.027980e+01 1.900000e+01
    endloop
  endfacet
  facet normal 9.954601e-01 9.505492e-02 4.867626e-03
    outer loop
      vertex   -2.151138e+00 -1.007543e+01 1.700000e+01
      vertex   -2.141403e+00 -1.027980e+01 1.900000e+01
      vertex   -2.112285e+00 -1.048232e+01 1.700000e+01
    endloop
  endfacet
  facet normal 9.819171e-01 1.892490e-01 -4.867626e-03
    outer loop
      vertex   -2.112285e+00 -1.048232e+01 1.700000e+01
      vertex   -2.141403e+00 -1.027980e+01 1.900000e+01
      vertex   -2.064048e+00 -1.068115e+01 1.900000e+01
    endloop
  endfacet
  facet normal 9.594816e-01 2.817292e-01 4.867626e-03
    outer loop
      vertex   -2.112285e+00 -1.048232e+01 1.700000e+01
      vertex   -2.064048e+00 -1.068115e+01 1.900000e+01
      vertex   -1.997129e+00 -1.087450e+01 1.700000e+01
    endloop
  endfacet
  facet normal 9.283569e-01 3.716581e-01 -4.867626e-03
    outer loop
      vertex   -1.997129e+00 -1.087450e+01 1.700000e+01
      vertex   -2.064048e+00 -1.068115e+01 1.900000e+01
      vertex   -1.912134e+00 -1.106062e+01 1.900000e+01
    endloop
  endfacet
  facet normal 8.888249e-01 4.582211e-01 4.867626e-03
    outer loop
      vertex   -1.997129e+00 -1.087450e+01 1.700000e+01
      vertex   -1.912134e+00 -1.106062e+01 1.900000e+01
      vertex   -1.809833e+00 -1.123781e+01 1.700000e+01
    endloop
  endfacet
  facet normal 8.412436e-01 5.406344e-01 -4.867626e-03
    outer loop
      vertex   -1.809833e+00 -1.123781e+01 1.700000e+01
      vertex   -1.912134e+00 -1.106062e+01 1.900000e+01
      vertex   -1.691152e+00 -1.140447e+01 1.900000e+01
    endloop
  endfacet
  facet normal 7.860438e-01 6.181517e-01 4.867626e-03
    outer loop
      vertex   -1.809833e+00 -1.123781e+01 1.700000e+01
      vertex   -1.691152e+00 -1.140447e+01 1.900000e+01
      vertex   -1.557166e+00 -1.155910e+01 1.700000e+01
    endloop
  endfacet
  facet normal 7.237255e-01 6.900708e-01 -4.867626e-03
    outer loop
      vertex   -1.557166e+00 -1.155910e+01 1.700000e+01
      vertex   -1.691152e+00 -1.140447e+01 1.900000e+01
      vertex   -1.409089e+00 -1.170029e+01 1.900000e+01
    endloop
  endfacet
  facet normal 6.548530e-01 7.557406e-01 4.867626e-03
    outer loop
      vertex   -1.557166e+00 -1.155910e+01 1.700000e+01
      vertex   -1.409089e+00 -1.170029e+01 1.900000e+01
      vertex   -1.248261e+00 -1.182677e+01 1.700000e+01
    endloop
  endfacet
  facet normal 5.800500e-01 8.145663e-01 -4.867626e-03
    outer loop
      vertex   -1.248261e+00 -1.182677e+01 1.700000e+01
      vertex   -1.409089e+00 -1.170029e+01 1.900000e+01
      vertex   -1.076138e+00 -1.193738e+01 1.900000e+01
    endloop
  endfacet
  facet normal 4.999941e-01 8.660151e-01 4.867626e-03
    outer loop
      vertex   -1.248261e+00 -1.182677e+01 1.700000e+01
      vertex   -1.076138e+00 -1.193738e+01 1.900000e+01
      vertex   -8.942805e-01 -1.203114e+01 1.700000e+01
    endloop
  endfacet
  facet normal 4.154101e-01 9.096212e-01 -4.867626e-03
    outer loop
      vertex   -8.942805e-01 -1.203114e+01 1.700000e+01
      vertex   -1.076138e+00 -1.193738e+01 1.900000e+01
      vertex   -7.043343e-01 -1.210718e+01 1.900000e+01
    endloop
  endfacet
  facet normal 3.270641e-01 9.449896e-01 4.867626e-03
    outer loop
      vertex   -8.942805e-01 -1.203114e+01 1.700000e+01
      vertex   -7.043343e-01 -1.210718e+01 1.900000e+01
      vertex   -5.080199e-01 -1.216482e+01 1.700000e+01
    endloop
  endfacet
  facet normal 2.357561e-01 9.718001e-01 -4.867626e-03
    outer loop
      vertex   -5.080199e-01 -1.216482e+01 1.700000e+01
      vertex   -7.043343e-01 -1.210718e+01 1.900000e+01
      vertex   -3.071151e-01 -1.220354e+01 1.900000e+01
    endloop
  endfacet
  facet normal 1.423132e-01 9.898097e-01 4.867626e-03
    outer loop
      vertex   -5.080199e-01 -1.216482e+01 1.700000e+01
      vertex   -3.071151e-01 -1.220354e+01 1.900000e+01
      vertex   -1.034393e-01 -1.222299e+01 1.700000e+01
    endloop
  endfacet
  facet normal 4.758135e-02 9.988555e-01 -4.867626e-03
    outer loop
      vertex   -1.034393e-01 -1.222299e+01 1.700000e+01
      vertex   -3.071151e-01 -1.220354e+01 1.900000e+01
      vertex   1.011629e-01 -1.222299e+01 1.900000e+01
    endloop
  endfacet
  facet normal -4.758135e-02 9.988555e-01 4.867626e-03
    outer loop
      vertex   -1.034393e-01 -1.222299e+01 1.700000e+01
      vertex   1.011629e-01 -1.222299e+01 1.900000e+01
      vertex   3.048387e-01 -1.220354e+01 1.700000e+01
    endloop
  endfacet
  facet normal -1.423132e-01 9.898097e-01 -4.867626e-03
    outer loop
      vertex   3.048387e-01 -1.220354e+01 1.700000e+01
      vertex   1.011629e-01 -1.222299e+01 1.900000e+01
      vertex   5.057435e-01 -1.216482e+01 1.900000e+01
    endloop
  endfacet
  facet normal -2.357561e-01 9.718001e-01 4.867626e-03
    outer loop
      vertex   3.048387e-01 -1.220354e+01 1.700000e+01
      vertex   5.057435e-01 -1.216482e+01 1.900000e+01
      vertex   7.020579e-01 -1.210718e+01 1.700000e+01
    endloop
  endfacet
  facet normal -3.270641e-01 9.449896e-01 -4.867626e-03
    outer loop
      vertex   7.020579e-01 -1.210718e+01 1.700000e+01
      vertex   5.057435e-01 -1.216482e+01 1.900000e+01
      vertex   8.920041e-01 -1.203114e+01 1.900000e+01
    endloop
  endfacet
  facet normal -4.154101e-01 9.096212e-01 4.867626e-03
    outer loop
      vertex   7.020579e-01 -1.210718e+01 1.700000e+01
      vertex   8.920041e-01 -1.203114e+01 1.900000e+01
      vertex   1.073862e+00 -1.193738e+01 1.700000e+01
    endloop
  endfacet
  facet normal -4.999941e-01 8.660151e-01 -4.867626e-03
    outer loop
      vertex   1.073862e+00 -1.193738e+01 1.700000e+01
      vertex   8.920041e-01 -1.203114e+01 1.900000e+01
      vertex   1.245984e+00 -1.182677e+01 1.900000e+01
    endloop
  endfacet
  facet normal -5.800500e-01 8.145663e-01 4.867626e-03
    outer loop
      vertex   1.073862e+00 -1.193738e+01 1.700000e+01
      vertex   1.245984e+00 -1.182677e+01 1.900000e+01
      vertex   1.406812e+00 -1.170029e+01 1.700000e+01
    endloop
  endfacet
  facet normal -6.548530e-01 7.557406e-01 -4.867626e-03
    outer loop
      vertex   1.406812e+00 -1.170029e+01 1.700000e+01
      vertex   1.245984e+00 -1.182677e+01 1.900000e+01
      vertex   1.554890e+00 -1.155910e+01 1.900000e+01
    endloop
  endfacet
  facet normal -7.237255e-01 6.900708e-01 4.867626e-03
    outer loop
      vertex   1.406812e+00 -1.170029e+01 1.700000e+01
      vertex   1.554890e+00 -1.155910e+01 1.900000e+01
      vertex   1.688876e+00 -1.140447e+01 1.700000e+01
    endloop
  endfacet
  facet normal -7.860438e-01 6.181517e-01 -4.867626e-03
    outer loop
      vertex   1.688876e+00 -1.140447e+01 1.700000e+01
      vertex   1.554890e+00 -1.155910e+01 1.900000e+01
      vertex   1.807557e+00 -1.123781e+01 1.900000e+01
    endloop
  endfacet
  facet normal -8.412436e-01 5.406344e-01 4.867626e-03
    outer loop
      vertex   1.688876e+00 -1.140447e+01 1.700000e+01
      vertex   1.807557e+00 -1.123781e+01 1.900000e+01
      vertex   1.909858e+00 -1.106062e+01 1.700000e+01
    endloop
  endfacet
  facet normal -8.888249e-01 4.582211e-01 -4.867626e-03
    outer loop
      vertex   1.909858e+00 -1.106062e+01 1.700000e+01
      vertex   1.807557e+00 -1.123781e+01 1.900000e+01
      vertex   1.994853e+00 -1.087450e+01 1.900000e+01
    endloop
  endfacet
  facet normal -9.283569e-01 3.716581e-01 4.867626e-03
    outer loop
      vertex   1.909858e+00 -1.106062e+01 1.700000e+01
      vertex   1.994853e+00 -1.087450e+01 1.900000e+01
      vertex   2.061772e+00 -1.068115e+01 1.700000e+01
    endloop
  endfacet
  facet normal -9.594816e-01 2.817292e-01 -4.867626e-03
    outer loop
      vertex   2.061772e+00 -1.068115e+01 1.700000e+01
      vertex   1.994853e+00 -1.087450e+01 1.900000e+01
      vertex   2.110009e+00 -1.048232e+01 1.900000e+01
    endloop
  endfacet
  facet normal -9.819171e-01 1.892490e-01 4.867626e-03
    outer loop
      vertex   2.061772e+00 -1.068115e+01 1.700000e+01
      vertex   2.110009e+00 -1.048232e+01 1.900000e+01
      vertex   2.139126e+00 -1.027980e+01 1.700000e+01
    endloop
  endfacet
  facet normal -9.954601e-01 9.505492e-02 -4.867626e-03
    outer loop
      vertex   2.139126e+00 -1.027980e+01 1.700000e+01
      vertex   2.110009e+00 -1.048232e+01 1.900000e+01
      vertex   2.148862e+00 -1.007543e+01 1.900000e+01
    endloop
  endfacet
  facet normal -9.999882e-01 0.000000e+00 4.867626e-03
    outer loop
      vertex   2.139126e+00 -1.027980e+01 1.700000e+01
      vertex   2.148862e+00 -1.007543e+01 1.900000e+01
      vertex   2.139126e+00 -9.871058e+00 1.700000e+01
    endloop
  endfacet
  facet normal -9.954601e-01 -9.505492e-02 -4.867626e-03
    outer loop
      vertex   2.139126e+00 -9.871058e+00 1.700000e+01
      vertex   2.148862e+00 -1.007543e+01 1.900000e+01
      vertex   2.110009e+00 -9.668539e+00 1.900000e+01
    endloop
  endfacet
  facet normal -9.819171e-01 -1.892490e-01 4.867626e-03
    outer loop
      vertex   2.139126e+00 -9.871058e+00 1.700000e+01
      vertex   2.110009e+00 -9.668539e+00 1.900000e+01
      vertex   2.061772e+00 -9.469704e+00 1.700000e+01
    endloop
  endfacet
  facet normal -9.594816e-01 -2.817292e-01 -4.867626e-03
    outer loop
      vertex   2.061772e+00 -9.469704e+00 1.700000e+01
      vertex   2.110009e+00 -9.668539e+00 1.900000e+01
      vertex   1.994853e+00 -9.276354e+00 1.900000e+01
    endloop
  endfacet
  facet normal -9.283569e-01 -3.716581e-01 4.867626e-03
    outer loop
      vertex   2.061772e+00 -9.469704e+00 1.700000e+01
      vertex   1.994853e+00 -9.276354e+00 1.900000e+01
      vertex   1.909858e+00 -9.090242e+00 1.700000e+01
    endloop
  endfacet
  facet normal -8.888249e-01 -4.582211e-01 -4.867626e-03
    outer loop
      vertex   1.909858e+00 -9.090242e+00 1.700000e+01
      vertex   1.994853e+00 -9.276354e+00 1.900000e+01
      vertex   1.807557e+00 -8.913051e+00 1.900000e+01
    endloop
  endfacet
  facet normal -8.412436e-01 -5.406344e-01 4.867626e-03
    outer loop
      vertex   1.909858e+00 -9.090242e+00 1.700000e+01
      vertex   1.807557e+00 -8.913051e+00 1.900000e+01
      vertex   1.688876e+00 -8.746387e+00 1.700000e+01
    endloop
  endfacet
  facet normal -7.860438e-01 -6.181517e-01 -4.867626e-03
    outer loop
      vertex   1.688876e+00 -8.746387e+00 1.700000e+01
      vertex   1.807557e+00 -8.913051e+00 1.900000e+01
      vertex   1.554890e+00 -8.591759e+00 1.900000e+01
    endloop
  endfacet
  facet normal -7.237255e-01 -6.900708e-01 4.867626e-03
    outer loop
      vertex   1.688876e+00 -8.746387e+00 1.700000e+01
      vertex   1.554890e+00 -8.591759e+00 1.900000e+01
      vertex   1.406812e+00 -8.450567e+00 1.700000e+01
    endloop
  endfacet
  facet normal -6.548530e-01 -7.557406e-01 -4.867626e-03
    outer loop
      vertex   1.406812e+00 -8.450567e+00 1.700000e+01
      vertex   1.554890e+00 -8.591759e+00 1.900000e+01
      vertex   1.245984e+00 -8.324090e+00 1.900000e+01
    endloop
  endfacet
  facet normal -5.800500e-01 -8.145663e-01 4.867626e-03
    outer loop
      vertex   1.406812e+00 -8.450567e+00 1.700000e+01
      vertex   1.245984e+00 -8.324090e+00 1.900000e+01
      vertex   1.073862e+00 -8.213474e+00 1.700000e+01
    endloop
  endfacet
  facet normal -4.999941e-01 -8.660151e-01 -4.867626e-03
    outer loop
      vertex   1.073862e+00 -8.213474e+00 1.700000e+01
      vertex   1.245984e+00 -8.324090e+00 1.900000e+01
      vertex   8.920041e-01 -8.119720e+00 1.900000e+01
    endloop
  endfacet
  facet normal -4.154101e-01 -9.096212e-01 4.867626e-03
    outer loop
      vertex   1.073862e+00 -8.213474e+00 1.700000e+01
      vertex   8.920041e-01 -8.119720e+00 1.900000e+01
      vertex   7.020579e-01 -8.043677e+00 1.700000e+01
    endloop
  endfacet
  facet normal -3.270641e-01 -9.449896e-01 -4.867626e-03
    outer loop
      vertex   7.020579e-01 -8.043677e+00 1.700000e+01
      vertex   8.920041e-01 -8.119720e+00 1.900000e+01
      vertex   5.057435e-01 -7.986034e+00 1.900000e+01
    endloop
  endfacet
  facet normal -2.357561e-01 -9.718001e-01 4.867626e-03
    outer loop
      vertex   7.020579e-01 -8.043677e+00 1.700000e+01
      vertex   5.057435e-01 -7.986034e+00 1.900000e+01
      vertex   3.048387e-01 -7.947313e+00 1.700000e+01
    endloop
  endfacet
  facet normal -1.423132e-01 -9.898097e-01 -4.867626e-03
    outer loop
      vertex   3.048387e-01 -7.947313e+00 1.700000e+01
      vertex   5.057435e-01 -7.986034e+00 1.900000e+01
      vertex   1.011629e-01 -7.927864e+00 1.900000e+01
    endloop
  endfacet
  facet normal -4.758135e-02 -9.988555e-01 4.867626e-03
    outer loop
      vertex   3.048387e-01 -7.947313e+00 1.700000e+01
      vertex   1.011629e-01 -7.927864e+00 1.900000e+01
      vertex   -1.034393e-01 -7.927864e+00 1.700000e+01
    endloop
  endfacet
  facet normal 4.758135e-02 -9.988555e-01 -4.867626e-03
    outer loop
      vertex   -1.034393e-01 -7.927864e+00 1.700000e+01
      vertex   1.011629e-01 -7.927864e+00 1.900000e+01
      vertex   -3.071151e-01 -7.947313e+00 1.900000e+01
    endloop
  endfacet
  facet normal 1.423132e-01 -9.898097e-01 4.867626e-03
    outer loop
      vertex   -1.034393e-01 -7.927864e+00 1.700000e+01
      vertex   -3.071151e-01 -7.947313e+00 1.900000e+01
      vertex   -5.080199e-01 -7.986034e+00 1.700000e+01
    endloop
  endfacet
  facet normal 2.357561e-01 -9.718001e-01 -4.867626e-03
    outer loop
      vertex   -5.080199e-01 -7.986034e+00 1.700000e+01
      vertex   -3.071151e-01 -7.947313e+00 1.900000e+01
      vertex   -7.043343e-01 -8.043677e+00 1.900000e+01
    endloop
  endfacet
  facet normal 3.270641e-01 -9.449896e-01 4.867626e-03
    outer loop
      vertex   -5.080199e-01 -7.986034e+00 1.700000e+01
      vertex   -7.043343e-01 -8.043677e+00 1.900000e+01
      vertex   -8.942805e-01 -8.119720e+00 1.700000e+01
    endloop
  endfacet
  facet normal 4.154101e-01 -9.096212e-01 -4.867626e-03
    outer loop
      vertex   -8.942805e-01 -8.119720e+00 1.700000e+01
      vertex   -7.043343e-01 -8.043677e+00 1.900000e+01
      vertex   -1.076138e+00 -8.213474e+00 1.900000e+01
    endloop
  endfacet
  facet normal 4.999941e-01 -8.660151e-01 4.867626e-03
    outer loop
      vertex   -8.942805e-01 -8.119720e+00 1.700000e+01
      vertex   -1.076138e+00 -8.213474e+00 1.900000e+01
      vertex   -1.248261e+00 -8.324090e+00 1.700000e+01
    endloop
  endfacet
  facet normal 5.800500e-01 -8.145663e-01 -4.867626e-03
    outer loop
      vertex   -1.248261e+00 -8.324090e+00 1.700000e+01
      vertex   -1.076138e+00 -8.213474e+00 1.900000e+01
      vertex   -1.409089e+00 -8.450567e+00 1.900000e+01
    endloop
  endfacet
  facet normal 6.548530e-01 -7.557406e-01 4.867626e-03
    outer loop
      vertex   -1.248261e+00 -8.324090e+00 1.700000e+01
      vertex   -1.409089e+00 -8.450567e+00 1.900000e+01
      vertex   -1.557166e+00 -8.591759e+00 1.700000e+01
    endloop
  endfacet
  facet normal 7.237255e-01 -6.900708e-01 -4.867626e-03
    outer loop
      vertex   -1.557166e+00 -8.591759e+00 1.700000e+01
      vertex   -1.409089e+00 -8.450567e+00 1.900000e+01
      vertex   -1.691152e+00 -8.746387e+00 1.900000e+01
    endloop
  endfacet
  facet normal 7.860438e-01 -6.181517e-01 4.867626e-03
    outer loop
      vertex   -1.557166e+00 -8.591759e+00 1.700000e+01
      vertex   -1.691152e+00 -8.746387e+00 1.900000e+01
      vertex   -1.809833e+00 -8.913051e+00 1.700000e+01
    endloop
  endfacet
  facet normal 8.412436e-01 -5.406344e-01 -4.867626e-03
    outer loop
      vertex   -1.809833e+00 -8.913051e+00 1.700000e+01
      vertex   -1.691152e+00 -8.746387e+00 1.900000e+01
      vertex   -1.912134e+00 -9.090242e+00 1.900000e+01
    endloop
  endfacet
  facet normal 8.888249e-01 -4.582211e-01 4.867626e-03
    outer loop
      vertex   -1.809833e+00 -8.913051e+00 1.700000e+01
      vertex   -1.912134e+00 -9.090242e+00 1.900000e+01
      vertex   -1.997129e+00 -9.276354e+00 1.700000e+01
    endloop
  endfacet
  facet normal 9.283569e-01 -3.716581e-01 -4.867626e-03
    outer loop
      vertex   -1.997129e+00 -9.276354e+00 1.700000e+01
      vertex   -1.912134e+00 -9.090242e+00 1.900000e+01
      vertex   -2.064048e+00 -9.469704e+00 1.900000e+01
    endloop
  endfacet
  facet normal 9.594816e-01 -2.817292e-01 4.867626e-03
    outer loop
      vertex   -1.997129e+00 -9.276354e+00 1.700000e+01
      vertex   -2.064048e+00 -9.469704e+00 1.900000e+01
      vertex   -2.112285e+00 -9.668539e+00 1.700000e+01
    endloop
  endfacet
  facet normal 9.819171e-01 -1.892490e-01 -4.867626e-03
    outer loop
      vertex   -2.112285e+00 -9.668539e+00 1.700000e+01
      vertex   -2.064048e+00 -9.469704e+00 1.900000e+01
      vertex   -2.141403e+00 -9.871058e+00 1.900000e+01
    endloop
  endfacet
  facet normal 1.000000e+00 1.058169e-15 -0.000000e+00
    outer loop
      vertex   -2.500000e+00 3.024258e+01 1.700000e+01
      vertex   -2.500000e+00 3.360000e+01 1.700000e+01
      vertex   -2.500000e+00 3.024258e+01 1.900000e+01
    endloop
  endfacet
  facet normal 1.000000e+00 1.058169e-15 0.000000e+00
    outer loop
      vertex   -2.500000e+00 3.024258e+01 1.900000e+01
      vertex   -2.500000e+00 3.360000e+01 1.700000e+01
      vertex   -2.500000e+00 3.360000e+01 1.900000e+01
    endloop
  endfacet
  facet normal -7.868879e-01 -6.170960e-01 -0.000000e+00
    outer loop
      vertex   -2.501980e+00 2.692552e+01 1.900000e+01
      vertex   -2.501980e+00 2.692552e+01 1.700000e+01
      vertex   -2.206572e+00 2.654883e+01 1.900000e+01
    endloop
  endfacet
  facet normal -7.868879e-01 -6.170960e-01 -0.000000e+00
    outer loop
      vertex   -2.206572e+00 2.654883e+01 1.900000e+01
      vertex   -2.501980e+00 2.692552e+01 1.700000e+01
      vertex   -2.206572e+00 2.654883e+01 1.700000e+01
    endloop
  endfacet
  facet normal -6.787145e-01 -7.344022e-01 -0.000000e+00
    outer loop
      vertex   -2.206572e+00 2.654883e+01 1.900000e+01
      vertex   -2.206572e+00 2.654883e+01 1.700000e+01
      vertex   -1.855009e+00 2.622392e+01 1.900000e+01
    endloop
  endfacet
  facet normal -6.787145e-01 -7.344022e-01 -0.000000e+00
    outer loop
      vertex   -1.855009e+00 2.622392e+01 1.900000e+01
      vertex   -2.206572e+00 2.654883e+01 1.700000e+01
      vertex   -1.855009e+00 2.622392e+01 1.700000e+01
    endloop
  endfacet
  facet normal -5.532596e-01 -8.330089e-01 -0.000000e+00
    outer loop
      vertex   -1.855009e+00 2.622392e+01 1.900000e+01
      vertex   -1.855009e+00 2.622392e+01 1.700000e+01
      vertex   -1.456242e+00 2.595907e+01 1.900000e+01
    endloop
  endfacet
  facet normal -5.532596e-01 -8.330089e-01 -0.000000e+00
    outer loop
      vertex   -1.456242e+00 2.595907e+01 1.900000e+01
      vertex   -1.855009e+00 2.622392e+01 1.700000e+01
      vertex   -1.456242e+00 2.595907e+01 1.700000e+01
    endloop
  endfacet
  facet normal -4.137174e-01 -9.104053e-01 -0.000000e+00
    outer loop
      vertex   -1.456242e+00 2.595907e+01 1.900000e+01
      vertex   -1.456242e+00 2.595907e+01 1.700000e+01
      vertex   -1.020425e+00 2.576102e+01 1.900000e+01
    endloop
  endfacet
  facet normal -4.137174e-01 -9.104053e-01 -0.000000e+00
    outer loop
      vertex   -1.020425e+00 2.576102e+01 1.900000e+01
      vertex   -1.456242e+00 2.595907e+01 1.700000e+01
      vertex   -1.020425e+00 2.576102e+01 1.700000e+01
    endloop
  endfacet
  facet normal -2.636411e-01 -9.646208e-01 -0.000000e+00
    outer loop
      vertex   -1.020425e+00 2.576102e+01 1.900000e+01
      vertex   -1.020425e+00 2.576102e+01 1.700000e+01
      vertex   -5.586550e-01 2.563482e+01 1.900000e+01
    endloop
  endfacet
  facet normal -2.636411e-01 -9.646208e-01 -0.000000e+00
    outer loop
      vertex   -5.586550e-01 2.563482e+01 1.900000e+01
      vertex   -1.020425e+00 2.576102e+01 1.700000e+01
      vertex   -5.586550e-01 2.563482e+01 1.700000e+01
    endloop
  endfacet
  facet normal -1.068519e-01 -9.942749e-01 -0.000000e+00
    outer loop
      vertex   -5.586550e-01 2.563482e+01 1.900000e+01
      vertex   -5.586550e-01 2.563482e+01 1.700000e+01
      vertex   -8.268909e-02 2.558367e+01 1.900000e+01
    endloop
  endfacet
  facet normal -1.068519e-01 -9.942749e-01 -0.000000e+00
    outer loop
      vertex   -8.268909e-02 2.558367e+01 1.900000e+01
      vertex   -5.586550e-01 2.563482e+01 1.700000e+01
      vertex   -8.268909e-02 2.558367e+01 1.700000e+01
    endloop
  endfacet
  facet normal 5.265797e-02 -9.986126e-01 0.000000e+00
    outer loop
      vertex   -8.268909e-02 2.558367e+01 1.900000e+01
      vertex   -8.268909e-02 2.558367e+01 1.700000e+01
      vertex   3.953533e-01 2.560887e+01 1.900000e+01
    endloop
  endfacet
  facet normal 5.265797e-02 -9.986126e-01 0.000000e+00
    outer loop
      vertex   3.953533e-01 2.560887e+01 1.900000e+01
      vertex   -8.268909e-02 2.558367e+01 1.700000e+01
      vertex   3.953533e-01 2.560887e+01 1.700000e+01
    endloop
  endfacet
  facet normal 2.108271e-01 -9.775234e-01 0.000000e+00
    outer loop
      vertex   3.953533e-01 2.560887e+01 1.900000e+01
      vertex   3.953533e-01 2.560887e+01 1.700000e+01
      vertex   8.633002e-01 2.570980e+01 1.900000e+01
    endloop
  endfacet
  facet normal 2.108271e-01 -9.775234e-01 0.000000e+00
    outer loop
      vertex   8.633002e-01 2.570980e+01 1.900000e+01
      vertex   3.953533e-01 2.560887e+01 1.700000e+01
      vertex   8.633002e-01 2.570980e+01 1.700000e+01
    endloop
  endfacet
  facet normal 3.636280e-01 -9.315442e-01 0.000000e+00
    outer loop
      vertex   8.633002e-01 2.570980e+01 1.900000e+01
      vertex   8.633002e-01 2.570980e+01 1.700000e+01
      vertex   1.309237e+00 2.588387e+01 1.900000e+01
    endloop
  endfacet
  facet normal 3.636280e-01 -9.315442e-01 0.000000e+00
    outer loop
      vertex   1.309237e+00 2.588387e+01 1.900000e+01
      vertex   8.633002e-01 2.570980e+01 1.700000e+01
      vertex   1.309237e+00 2.588387e+01 1.700000e+01
    endloop
  endfacet
  facet normal 5.071702e-01 -8.618459e-01 0.000000e+00
    outer loop
      vertex   1.309237e+00 2.588387e+01 1.900000e+01
      vertex   1.309237e+00 2.588387e+01 1.700000e+01
      vertex   1.721808e+00 2.612665e+01 1.900000e+01
    endloop
  endfacet
  facet normal 5.071702e-01 -8.618459e-01 0.000000e+00
    outer loop
      vertex   1.721808e+00 2.612665e+01 1.900000e+01
      vertex   1.309237e+00 2.588387e+01 1.700000e+01
      vertex   1.721808e+00 2.612665e+01 1.700000e+01
    endloop
  endfacet
  facet normal 6.377987e-01 -7.702031e-01 0.000000e+00
    outer loop
      vertex   1.721808e+00 2.612665e+01 1.900000e+01
      vertex   1.721808e+00 2.612665e+01 1.700000e+01
      vertex   2.090509e+00 2.643197e+01 1.900000e+01
    endloop
  endfacet
  facet normal 6.377987e-01 -7.702031e-01 0.000000e+00
    outer loop
      vertex   2.090509e+00 2.643197e+01 1.900000e+01
      vertex   1.721808e+00 2.612665e+01 1.700000e+01
      vertex   2.090509e+00 2.643197e+01 1.700000e+01
    endloop
  endfacet
  facet normal 7.521875e-01 -6.589491e-01 0.000000e+00
    outer loop
      vertex   2.090509e+00 2.643197e+01 1.900000e+01
      vertex   2.090509e+00 2.643197e+01 1.700000e+01
      vertex   2.405952e+00 2.679205e+01 1.900000e+01
    endloop
  endfacet
  facet normal 7.521875e-01 -6.589491e-01 0.000000e+00
    outer loop
      vertex   2.405952e+00 2.679205e+01 1.900000e+01
      vertex   2.090509e+00 2.643197e+01 1.700000e+01
      vertex   2.405952e+00 2.679205e+01 1.700000e+01
    endloop
  endfacet
  facet normal 8.474239e-01 -5.309169e-01 0.000000e+00
    outer loop
      vertex   2.405952e+00 2.679205e+01 1.900000e+01
      vertex   2.405952e+00 2.679205e+01 1.700000e+01
      vertex   2.660106e+00 2.719772e+01 1.900000e+01
    endloop
  endfacet
  facet normal 8.474239e-01 -5.309169e-01 0.000000e+00
    outer loop
      vertex   2.660106e+00 2.719772e+01 1.900000e+01
      vertex   2.405952e+00 2.679205e+01 1.700000e+01
      vertex   2.660106e+00 2.719772e+01 1.700000e+01
    endloop
  endfacet
  facet normal 9.210830e-01 -3.893664e-01 0.000000e+00
    outer loop
      vertex   2.660106e+00 2.719772e+01 1.900000e+01
      vertex   2.660106e+00 2.719772e+01 1.700000e+01
      vertex   2.846498e+00 2.763865e+01 1.900000e+01
    endloop
  endfacet
  facet normal 9.210830e-01 -3.893664e-01 0.000000e+00
    outer loop
      vertex   2.846498e+00 2.763865e+01 1.900000e+01
      vertex   2.660106e+00 2.719772e+01 1.700000e+01
      vertex   2.846498e+00 2.763865e+01 1.700000e+01
    endloop
  endfacet
  facet normal 9.712892e-01 -2.379017e-01 0.000000e+00
    outer loop
      vertex   2.846498e+00 2.763865e+01 1.900000e+01
      vertex   2.846498e+00 2.763865e+01 1.700000e+01
      vertex   2.960383e+00 2.810361e+01 1.900000e+01
    endloop
  endfacet
  facet normal 9.712892e-01 -2.379017e-01 0.000000e+00
    outer loop
      vertex   2.960383e+00 2.810361e+01 1.900000e+01
      vertex   2.846498e+00 2.763865e+01 1.700000e+01
      vertex   2.960383e+00 2.810361e+01 1.700000e+01
    endloop
  endfacet
  facet normal 9.967643e-01 -8.037950e-02 0.000000e+00
    outer loop
      vertex   2.960383e+00 2.810361e+01 1.900000e+01
      vertex   2.960383e+00 2.810361e+01 1.700000e+01
      vertex   2.998861e+00 2.858077e+01 1.900000e+01
    endloop
  endfacet
  facet normal 9.967643e-01 -8.037950e-02 0.000000e+00
    outer loop
      vertex   2.998861e+00 2.858077e+01 1.900000e+01
      vertex   2.960383e+00 2.810361e+01 1.700000e+01
      vertex   2.998861e+00 2.858077e+01 1.700000e+01
    endloop
  endfacet
  facet normal 9.968596e-01 7.918932e-02 0.000000e+00
    outer loop
      vertex   2.998861e+00 2.858077e+01 1.900000e+01
      vertex   2.998861e+00 2.858077e+01 1.700000e+01
      vertex   2.960953e+00 2.905797e+01 1.900000e+01
    endloop
  endfacet
  facet normal 9.968596e-01 7.918932e-02 0.000000e+00
    outer loop
      vertex   2.960953e+00 2.905797e+01 1.900000e+01
      vertex   2.998861e+00 2.858077e+01 1.700000e+01
      vertex   2.960953e+00 2.905797e+01 1.700000e+01
    endloop
  endfacet
  facet normal 9.715726e-01 2.367418e-01 0.000000e+00
    outer loop
      vertex   2.960953e+00 2.905797e+01 1.900000e+01
      vertex   2.960953e+00 2.905797e+01 1.700000e+01
      vertex   2.847623e+00 2.952307e+01 1.900000e+01
    endloop
  endfacet
  facet normal 9.715726e-01 2.367418e-01 0.000000e+00
    outer loop
      vertex   2.847623e+00 2.952307e+01 1.900000e+01
      vertex   2.960953e+00 2.905797e+01 1.700000e+01
      vertex   2.847623e+00 2.952307e+01 1.700000e+01
    endloop
  endfacet
  facet normal 9.215472e-01 3.882663e-01 0.000000e+00
    outer loop
      vertex   2.847623e+00 2.952307e+01 1.900000e+01
      vertex   2.847623e+00 2.952307e+01 1.700000e+01
      vertex   2.661757e+00 2.996422e+01 1.900000e+01
    endloop
  endfacet
  facet normal 9.215472e-01 3.882663e-01 0.000000e+00
    outer loop
      vertex   2.661757e+00 2.996422e+01 1.900000e+01
      vertex   2.847623e+00 2.952307e+01 1.700000e+01
      vertex   2.661757e+00 2.996422e+01 1.700000e+01
    endloop
  endfacet
  facet normal 8.480572e-01 5.299047e-01 0.000000e+00
    outer loop
      vertex   2.661757e+00 2.996422e+01 1.900000e+01
      vertex   2.661757e+00 2.996422e+01 1.700000e+01
      vertex   2.408088e+00 3.037019e+01 1.900000e+01
    endloop
  endfacet
  facet normal 8.480572e-01 5.299047e-01 0.000000e+00
    outer loop
      vertex   2.408088e+00 3.037019e+01 1.900000e+01
      vertex   2.661757e+00 2.996422e+01 1.700000e+01
      vertex   2.408088e+00 3.037019e+01 1.700000e+01
    endloop
  endfacet
  facet normal 7.529737e-01 6.580506e-01 0.000000e+00
    outer loop
      vertex   2.408088e+00 3.037019e+01 1.900000e+01
      vertex   2.408088e+00 3.037019e+01 1.700000e+01
      vertex   2.093075e+00 3.073064e+01 1.900000e+01
    endloop
  endfacet
  facet normal 7.529737e-01 6.580506e-01 0.000000e+00
    outer loop
      vertex   2.093075e+00 3.073064e+01 1.900000e+01
      vertex   2.408088e+00 3.037019e+01 1.700000e+01
      vertex   2.093075e+00 3.073064e+01 1.700000e+01
    endloop
  endfacet
  facet normal 6.387179e-01 7.694410e-01 0.000000e+00
    outer loop
      vertex   2.093075e+00 3.073064e+01 1.900000e+01
      vertex   2.093075e+00 3.073064e+01 1.700000e+01
      vertex   1.724739e+00 3.103640e+01 1.900000e+01
    endloop
  endfacet
  facet normal 6.387179e-01 7.694410e-01 0.000000e+00
    outer loop
      vertex   1.724739e+00 3.103640e+01 1.900000e+01
      vertex   2.093075e+00 3.073064e+01 1.700000e+01
      vertex   1.724739e+00 3.103640e+01 1.700000e+01
    endloop
  endfacet
  facet normal 5.081989e-01 8.612397e-01 0.000000e+00
    outer loop
      vertex   1.724739e+00 3.103640e+01 1.900000e+01
      vertex   1.724739e+00 3.103640e+01 1.700000e+01
      vertex   1.312458e+00 3.127968e+01 1.900000e+01
    endloop
  endfacet
  facet normal 5.081989e-01 8.612397e-01 0.000000e+00
    outer loop
      vertex   1.312458e+00 3.127968e+01 1.900000e+01
      vertex   1.724739e+00 3.103640e+01 1.700000e+01
      vertex   1.312458e+00 3.127968e+01 1.700000e+01
    endloop
  endfacet
  facet normal 3.647400e-01 9.311094e-01 0.000000e+00
    outer loop
      vertex   1.312458e+00 3.127968e+01 1.900000e+01
      vertex   1.312458e+00 3.127968e+01 1.700000e+01
      vertex   8.667296e-01 3.145428e+01 1.900000e+01
    endloop
  endfacet
  facet normal 3.647400e-01 9.311094e-01 0.000000e+00
    outer loop
      vertex   8.667296e-01 3.145428e+01 1.900000e+01
      vertex   1.312458e+00 3.127968e+01 1.700000e+01
      vertex   8.667296e-01 3.145428e+01 1.700000e+01
    endloop
  endfacet
  facet normal 2.119941e-01 9.772710e-01 0.000000e+00
    outer loop
      vertex   8.667296e-01 3.145428e+01 1.900000e+01
      vertex   8.667296e-01 3.145428e+01 1.700000e+01
      vertex   3.989036e-01 3.155577e+01 1.900000e+01
    endloop
  endfacet
  facet normal 2.119941e-01 9.772710e-01 0.000000e+00
    outer loop
      vertex   3.989036e-01 3.155577e+01 1.900000e+01
      vertex   8.667296e-01 3.145428e+01 1.700000e+01
      vertex   3.989036e-01 3.155577e+01 1.700000e+01
    endloop
  endfacet
  facet normal 5.385026e-02 9.985490e-01 0.000000e+00
    outer loop
      vertex   3.989036e-01 3.155577e+01 1.900000e+01
      vertex   3.989036e-01 3.155577e+01 1.700000e+01
      vertex   -7.910839e-02 3.158154e+01 1.900000e+01
    endloop
  endfacet
  facet normal 5.385026e-02 9.985490e-01 0.000000e+00
    outer loop
      vertex   -7.910839e-02 3.158154e+01 1.900000e+01
      vertex   3.989036e-01 3.155577e+01 1.700000e+01
      vertex   -7.910839e-02 3.158154e+01 1.700000e+01
    endloop
  endfacet
  facet normal -1.056647e-01 9.944018e-01 0.000000e+00
    outer loop
      vertex   -7.910839e-02 3.158154e+01 1.900000e+01
      vertex   -7.910839e-02 3.158154e+01 1.700000e+01
      vertex   -5.551351e-01 3.153096e+01 1.900000e+01
    endloop
  endfacet
  facet normal -1.056647e-01 9.944018e-01 0.000000e+00
    outer loop
      vertex   -5.551351e-01 3.153096e+01 1.900000e+01
      vertex   -7.910839e-02 3.158154e+01 1.700000e+01
      vertex   -5.551351e-01 3.153096e+01 1.700000e+01
    endloop
  endfacet
  facet normal -2.624892e-01 9.649349e-01 0.000000e+00
    outer loop
      vertex   -5.551351e-01 3.153096e+01 1.900000e+01
      vertex   -5.551351e-01 3.153096e+01 1.700000e+01
      vertex   -1.017056e+00 3.140531e+01 1.900000e+01
    endloop
  endfacet
  facet normal -2.624892e-01 9.649349e-01 0.000000e+00
    outer loop
      vertex   -1.017056e+00 3.140531e+01 1.900000e+01
      vertex   -5.551351e-01 3.153096e+01 1.700000e+01
      vertex   -1.017056e+00 3.140531e+01 1.700000e+01
    endloop
  endfacet
  facet normal -4.126301e-01 9.108987e-01 0.000000e+00
    outer loop
      vertex   -1.017056e+00 3.140531e+01 1.900000e+01
      vertex   -1.017056e+00 3.140531e+01 1.700000e+01
      vertex   -1.453109e+00 3.120778e+01 1.900000e+01
    endloop
  endfacet
  facet normal -4.126301e-01 9.108987e-01 0.000000e+00
    outer loop
      vertex   -1.453109e+00 3.120778e+01 1.900000e+01
      vertex   -1.017056e+00 3.140531e+01 1.700000e+01
      vertex   -1.453109e+00 3.120778e+01 1.700000e+01
    endloop
  endfacet
  facet normal -5.522646e-01 8.336689e-01 0.000000e+00
    outer loop
      vertex   -1.453109e+00 3.120778e+01 1.900000e+01
      vertex   -1.453109e+00 3.120778e+01 1.700000e+01
      vertex   -1.852192e+00 3.094340e+01 1.900000e+01
    endloop
  endfacet
  facet normal -5.522646e-01 8.336689e-01 0.000000e+00
    outer loop
      vertex   -1.852192e+00 3.094340e+01 1.900000e+01
      vertex   -1.453109e+00 3.120778e+01 1.700000e+01
      vertex   -1.852192e+00 3.094340e+01 1.700000e+01
    endloop
  endfacet
  facet normal -6.778372e-01 7.352121e-01 0.000000e+00
    outer loop
      vertex   -1.852192e+00 3.094340e+01 1.900000e+01
      vertex   -1.852192e+00 3.094340e+01 1.700000e+01
      vertex   -2.204143e+00 3.061892e+01 1.900000e+01
    endloop
  endfacet
  facet normal -6.778372e-01 7.352121e-01 0.000000e+00
    outer loop
      vertex   -2.204143e+00 3.061892e+01 1.900000e+01
      vertex   -1.852192e+00 3.094340e+01 1.700000e+01
      vertex   -2.204143e+00 3.061892e+01 1.700000e+01
    endloop
  endfacet
  facet normal -7.861505e-01 6.180351e-01 0.000000e+00
    outer loop
      vertex   -2.204143e+00 3.061892e+01 1.900000e+01
      vertex   -2.204143e+00 3.061892e+01 1.700000e+01
      vertex   -2.500000e+00 3.024258e+01 1.900000e+01
    endloop
  endfacet
  facet normal -7.861505e-01 6.180351e-01 0.000000e+00
    outer loop
      vertex   -2.500000e+00 3.024258e+01 1.900000e+01
      vertex   -2.204143e+00 3.061892e+01 1.700000e+01
      vertex   -2.500000e+00 3.024258e+01 1.700000e+01
    endloop
  endfacet
  facet normal 9.915639e-01 -1.296188e-01 0.000000e+00
    outer loop
      vertex   -2.533113e+00 2.659000e+01 1.900000e+01
      vertex   -2.533113e+00 2.659000e+01 1.700000e+01
      vertex   -2.518547e+00 2.670142e+01 1.900000e+01
    endloop
  endfacet
  facet normal 9.915639e-01 -1.296188e-01 0.000000e+00
    outer loop
      vertex   -2.518547e+00 2.670142e+01 1.900000e+01
      vertex   -2.533113e+00 2.659000e+01 1.700000e+01
      vertex   -2.518547e+00 2.670142e+01 1.700000e+01
    endloop
  endfacet
  facet normal 9.957226e-01 -9.239330e-02 0.000000e+00
    outer loop
      vertex   -2.518547e+00 2.670142e+01 1.900000e+01
      vertex   -2.518547e+00 2.670142e+01 1.700000e+01
      vertex   -2.508165e+00 2.681331e+01 1.900000e+01
    endloop
  endfacet
  facet normal 9.957226e-01 -9.239330e-02 0.000000e+00
    outer loop
      vertex   -2.508165e+00 2.681331e+01 1.900000e+01
      vertex   -2.518547e+00 2.670142e+01 1.700000e+01
      vertex   -2.508165e+00 2.681331e+01 1.700000e+01
    endloop
  endfacet
  facet normal 9.984843e-01 -5.503814e-02 0.000000e+00
    outer loop
      vertex   -2.508165e+00 2.681331e+01 1.900000e+01
      vertex   -2.508165e+00 2.681331e+01 1.700000e+01
      vertex   -2.501980e+00 2.692552e+01 1.900000e+01
    endloop
  endfacet
  facet normal 9.984843e-01 -5.503814e-02 0.000000e+00
    outer loop
      vertex   -2.501980e+00 2.692552e+01 1.900000e+01
      vertex   -2.508165e+00 2.681331e+01 1.700000e+01
      vertex   -2.501980e+00 2.692552e+01 1.700000e+01
    endloop
  endfacet
  facet normal 9.996929e-01 2.478317e-02 0.000000e+00
    outer loop
      vertex   -2.500000e+00 2.614550e+01 1.900000e+01
      vertex   -2.500000e+00 2.614550e+01 1.700000e+01
      vertex   -2.503685e+00 2.629415e+01 1.900000e+01
    endloop
  endfacet
  facet normal 9.996929e-01 2.478317e-02 0.000000e+00
    outer loop
      vertex   -2.503685e+00 2.629415e+01 1.900000e+01
      vertex   -2.500000e+00 2.614550e+01 1.700000e+01
      vertex   -2.503685e+00 2.629415e+01 1.700000e+01
    endloop
  endfacet
  facet normal 9.972368e-01 7.428861e-02 0.000000e+00
    outer loop
      vertex   -2.503685e+00 2.629415e+01 1.900000e+01
      vertex   -2.503685e+00 2.629415e+01 1.700000e+01
      vertex   -2.514732e+00 2.644244e+01 1.900000e+01
    endloop
  endfacet
  facet normal 9.972368e-01 7.428861e-02 0.000000e+00
    outer loop
      vertex   -2.514732e+00 2.644244e+01 1.900000e+01
      vertex   -2.503685e+00 2.629415e+01 1.700000e+01
      vertex   -2.514732e+00 2.644244e+01 1.700000e+01
    endloop
  endfacet
  facet normal 9.923307e-01 1.236115e-01 0.000000e+00
    outer loop
      vertex   -2.514732e+00 2.644244e+01 1.900000e+01
      vertex   -2.514732e+00 2.644244e+01 1.700000e+01
      vertex   -2.533113e+00 2.659000e+01 1.900000e+01
    endloop
  endfacet
  facet normal 9.923307e-01 1.236115e-01 0.000000e+00
    outer loop
      vertex   -2.533113e+00 2.659000e+01 1.900000e+01
      vertex   -2.514732e+00 2.644244e+01 1.700000e+01
      vertex   -2.533113e+00 2.659000e+01 1.700000e+01
    endloop
  endfacet
  facet normal 1.000000e+00 2.689820e-15 -0.000000e+00
    outer loop
      vertex   -2.500000e+00 2.449450e+01 1.700000e+01
      vertex   -2.500000e+00 2.614550e+01 1.700000e+01
      vertex   -2.500000e+00 2.449450e+01 1.900000e+01
    endloop
  endfacet
  facet normal 1.000000e+00 2.689820e-15 0.000000e+00
    outer loop
      vertex   -2.500000e+00 2.449450e+01 1.900000e+01
      vertex   -2.500000e+00 2.614550e+01 1.700000e+01
      vertex   -2.500000e+00 2.614550e+01 1.900000e+01
    endloop
  endfacet
  facet normal 9.923307e-01 -1.236115e-01 0.000000e+00
    outer loop
      vertex   -2.533113e+00 2.405000e+01 1.900000e+01
      vertex   -2.533113e+00 2.405000e+01 1.700000e+01
      vertex   -2.514732e+00 2.419756e+01 1.900000e+01
    endloop
  endfacet
  facet normal 9.923307e-01 -1.236115e-01 0.000000e+00
    outer loop
      vertex   -2.514732e+00 2.419756e+01 1.900000e+01
      vertex   -2.533113e+00 2.405000e+01 1.700000e+01
      vertex   -2.514732e+00 2.419756e+01 1.700000e+01
    endloop
  endfacet
  facet normal 9.972368e-01 -7.428861e-02 0.000000e+00
    outer loop
      vertex   -2.514732e+00 2.419756e+01 1.900000e+01
      vertex   -2.514732e+00 2.419756e+01 1.700000e+01
      vertex   -2.503685e+00 2.434585e+01 1.900000e+01
    endloop
  endfacet
  facet normal 9.972368e-01 -7.428861e-02 0.000000e+00
    outer loop
      vertex   -2.503685e+00 2.434585e+01 1.900000e+01
      vertex   -2.514732e+00 2.419756e+01 1.700000e+01
      vertex   -2.503685e+00 2.434585e+01 1.700000e+01
    endloop
  endfacet
  facet normal 9.996929e-01 -2.478317e-02 0.000000e+00
    outer loop
      vertex   -2.503685e+00 2.434585e+01 1.900000e+01
      vertex   -2.503685e+00 2.434585e+01 1.700000e+01
      vertex   -2.500000e+00 2.449450e+01 1.900000e+01
    endloop
  endfacet
  facet normal 9.996929e-01 -2.478317e-02 0.000000e+00
    outer loop
      vertex   -2.500000e+00 2.449450e+01 1.900000e+01
      vertex   -2.503685e+00 2.434585e+01 1.700000e+01
      vertex   -2.500000e+00 2.449450e+01 1.700000e+01
    endloop
  endfacet
  facet normal 9.996929e-01 2.478317e-02 0.000000e+00
    outer loop
      vertex   -2.500000e+00 2.360550e+01 1.900000e+01
      vertex   -2.500000e+00 2.360550e+01 1.700000e+01
      vertex   -2.503685e+00 2.375415e+01 1.900000e+01
    endloop
  endfacet
  facet normal 9.996929e-01 2.478317e-02 0.000000e+00
    outer loop
      vertex   -2.503685e+00 2.375415e+01 1.900000e+01
      vertex   -2.500000e+00 2.360550e+01 1.700000e+01
      vertex   -2.503685e+00 2.375415e+01 1.700000e+01
    endloop
  endfacet
  facet normal 9.972368e-01 7.428861e-02 0.000000e+00
    outer loop
      vertex   -2.503685e+00 2.375415e+01 1.900000e+01
      vertex   -2.503685e+00 2.375415e+01 1.700000e+01
      vertex   -2.514732e+00 2.390244e+01 1.900000e+01
    endloop
  endfacet
  facet normal 9.972368e-01 7.428861e-02 0.000000e+00
    outer loop
      vertex   -2.514732e+00 2.390244e+01 1.900000e+01
      vertex   -2.503685e+00 2.375415e+01 1.700000e+01
      vertex   -2.514732e+00 2.390244e+01 1.700000e+01
    endloop
  endfacet
  facet normal 9.923307e-01 1.236115e-01 0.000000e+00
    outer loop
      vertex   -2.514732e+00 2.390244e+01 1.900000e+01
      vertex   -2.514732e+00 2.390244e+01 1.700000e+01
      vertex   -2.533113e+00 2.405000e+01 1.900000e+01
    endloop
  endfacet
  facet normal 9.923307e-01 1.236115e-01 0.000000e+00
    outer loop
      vertex   -2.533113e+00 2.405000e+01 1.900000e+01
      vertex   -2.514732e+00 2.390244e+01 1.700000e+01
      vertex   -2.533113e+00 2.405000e+01 1.700000e+01
    endloop
  endfacet
  facet normal 1.000000e+00 1.344910e-15 -0.000000e+00
    outer loop
      vertex   -2.500000e+00 2.195450e+01 1.700000e+01
      vertex   -2.500000e+00 2.360550e+01 1.700000e+01
      vertex   -2.500000e+00 2.195450e+01 1.900000e+01
    endloop
  endfacet
  facet normal 1.000000e+00 1.344910e-15 0.000000e+00
    outer loop
      vertex   -2.500000e+00 2.195450e+01 1.900000e+01
      vertex   -2.500000e+00 2.360550e+01 1.700000e+01
      vertex   -2.500000e+00 2.360550e+01 1.900000e+01
    endloop
  endfacet
  facet normal 9.923307e-01 -1.236115e-01 0.000000e+00
    outer loop
      vertex   -2.533113e+00 2.151000e+01 1.900000e+01
      vertex   -2.533113e+00 2.151000e+01 1.700000e+01
      vertex   -2.514732e+00 2.165756e+01 1.900000e+01
    endloop
  endfacet
  facet normal 9.923307e-01 -1.236115e-01 0.000000e+00
    outer loop
      vertex   -2.514732e+00 2.165756e+01 1.900000e+01
      vertex   -2.533113e+00 2.151000e+01 1.700000e+01
      vertex   -2.514732e+00 2.165756e+01 1.700000e+01
    endloop
  endfacet
  facet normal 9.972368e-01 -7.428861e-02 0.000000e+00
    outer loop
      vertex   -2.514732e+00 2.165756e+01 1.900000e+01
      vertex   -2.514732e+00 2.165756e+01 1.700000e+01
      vertex   -2.503685e+00 2.180585e+01 1.900000e+01
    endloop
  endfacet
  facet normal 9.972368e-01 -7.428861e-02 0.000000e+00
    outer loop
      vertex   -2.503685e+00 2.180585e+01 1.900000e+01
      vertex   -2.514732e+00 2.165756e+01 1.700000e+01
      vertex   -2.503685e+00 2.180585e+01 1.700000e+01
    endloop
  endfacet
  facet normal 9.996929e-01 -2.478317e-02 0.000000e+00
    outer loop
      vertex   -2.503685e+00 2.180585e+01 1.900000e+01
      vertex   -2.503685e+00 2.180585e+01 1.700000e+01
      vertex   -2.500000e+00 2.195450e+01 1.900000e+01
    endloop
  endfacet
  facet normal 9.996929e-01 -2.478317e-02 0.000000e+00
    outer loop
      vertex   -2.500000e+00 2.195450e+01 1.900000e+01
      vertex   -2.503685e+00 2.180585e+01 1.700000e+01
      vertex   -2.500000e+00 2.195450e+01 1.700000e+01
    endloop
  endfacet
  facet normal 9.996929e-01 2.478317e-02 0.000000e+00
    outer loop
      vertex   -2.500000e+00 2.106550e+01 1.900000e+01
      vertex   -2.500000e+00 2.106550e+01 1.700000e+01
      vertex   -2.503685e+00 2.121415e+01 1.900000e+01
    endloop
  endfacet
  facet normal 9.996929e-01 2.478317e-02 0.000000e+00
    outer loop
      vertex   -2.503685e+00 2.121415e+01 1.900000e+01
      vertex   -2.500000e+00 2.106550e+01 1.700000e+01
      vertex   -2.503685e+00 2.121415e+01 1.700000e+01
    endloop
  endfacet
  facet normal 9.972368e-01 7.428861e-02 0.000000e+00
    outer loop
      vertex   -2.503685e+00 2.121415e+01 1.900000e+01
      vertex   -2.503685e+00 2.121415e+01 1.700000e+01
      vertex   -2.514732e+00 2.136244e+01 1.900000e+01
    endloop
  endfacet
  facet normal 9.972368e-01 7.428861e-02 0.000000e+00
    outer loop
      vertex   -2.514732e+00 2.136244e+01 1.900000e+01
      vertex   -2.503685e+00 2.121415e+01 1.700000e+01
      vertex   -2.514732e+00 2.136244e+01 1.700000e+01
    endloop
  endfacet
  facet normal 9.923307e-01 1.236115e-01 0.000000e+00
    outer loop
      vertex   -2.514732e+00 2.136244e+01 1.900000e+01
      vertex   -2.514732e+00 2.136244e+01 1.700000e+01
      vertex   -2.533113e+00 2.151000e+01 1.900000e+01
    endloop
  endfacet
  facet normal 9.923307e-01 1.236115e-01 0.000000e+00
    outer loop
      vertex   -2.533113e+00 2.151000e+01 1.900000e+01
      vertex   -2.514732e+00 2.136244e+01 1.700000e+01
      vertex   -2.533113e+00 2.151000e+01 1.700000e+01
    endloop
  endfacet
  facet normal 1.000000e+00 1.344910e-15 -0.000000e+00
    outer loop
      vertex   -2.500000e+00 1.941450e+01 1.700000e+01
      vertex   -2.500000e+00 2.106550e+01 1.700000e+01
      vertex   -2.500000e+00 1.941450e+01 1.900000e+01
    endloop
  endfacet
  facet normal 1.000000e+00 1.344910e-15 0.000000e+00
    outer loop
      vertex   -2.500000e+00 1.941450e+01 1.900000e+01
      vertex   -2.500000e+00 2.106550e+01 1.700000e+01
      vertex   -2.500000e+00 2.106550e+01 1.900000e+01
    endloop
  endfacet
  facet normal 9.923307e-01 -1.236115e-01 0.000000e+00
    outer loop
      vertex   -2.533113e+00 1.897000e+01 1.900000e+01
      vertex   -2.533113e+00 1.897000e+01 1.700000e+01
      vertex   -2.514732e+00 1.911756e+01 1.900000e+01
    endloop
  endfacet
  facet normal 9.923307e-01 -1.236115e-01 0.000000e+00
    outer loop
      vertex   -2.514732e+00 1.911756e+01 1.900000e+01
      vertex   -2.533113e+00 1.897000e+01 1.700000e+01
      vertex   -2.514732e+00 1.911756e+01 1.700000e+01
    endloop
  endfacet
  facet normal 9.972368e-01 -7.428861e-02 0.000000e+00
    outer loop
      vertex   -2.514732e+00 1.911756e+01 1.900000e+01
      vertex   -2.514732e+00 1.911756e+01 1.700000e+01
      vertex   -2.503685e+00 1.926585e+01 1.900000e+01
    endloop
  endfacet
  facet normal 9.972368e-01 -7.428861e-02 0.000000e+00
    outer loop
      vertex   -2.503685e+00 1.926585e+01 1.900000e+01
      vertex   -2.514732e+00 1.911756e+01 1.700000e+01
      vertex   -2.503685e+00 1.926585e+01 1.700000e+01
    endloop
  endfacet
  facet normal 9.996929e-01 -2.478317e-02 0.000000e+00
    outer loop
      vertex   -2.503685e+00 1.926585e+01 1.900000e+01
      vertex   -2.503685e+00 1.926585e+01 1.700000e+01
      vertex   -2.500000e+00 1.941450e+01 1.900000e+01
    endloop
  endfacet
  facet normal 9.996929e-01 -2.478317e-02 0.000000e+00
    outer loop
      vertex   -2.500000e+00 1.941450e+01 1.900000e+01
      vertex   -2.503685e+00 1.926585e+01 1.700000e+01
      vertex   -2.500000e+00 1.941450e+01 1.700000e+01
    endloop
  endfacet
  facet normal 9.996929e-01 2.478317e-02 0.000000e+00
    outer loop
      vertex   -2.500000e+00 1.852550e+01 1.900000e+01
      vertex   -2.500000e+00 1.852550e+01 1.700000e+01
      vertex   -2.503685e+00 1.867415e+01 1.900000e+01
    endloop
  endfacet
  facet normal 9.996929e-01 2.478317e-02 0.000000e+00
    outer loop
      vertex   -2.503685e+00 1.867415e+01 1.900000e+01
      vertex   -2.500000e+00 1.852550e+01 1.700000e+01
      vertex   -2.503685e+00 1.867415e+01 1.700000e+01
    endloop
  endfacet
  facet normal 9.972368e-01 7.428861e-02 0.000000e+00
    outer loop
      vertex   -2.503685e+00 1.867415e+01 1.900000e+01
      vertex   -2.503685e+00 1.867415e+01 1.700000e+01
      vertex   -2.514732e+00 1.882244e+01 1.900000e+01
    endloop
  endfacet
  facet normal 9.972368e-01 7.428861e-02 0.000000e+00
    outer loop
      vertex   -2.514732e+00 1.882244e+01 1.900000e+01
      vertex   -2.503685e+00 1.867415e+01 1.700000e+01
      vertex   -2.514732e+00 1.882244e+01 1.700000e+01
    endloop
  endfacet
  facet normal 9.923307e-01 1.236115e-01 0.000000e+00
    outer loop
      vertex   -2.514732e+00 1.882244e+01 1.900000e+01
      vertex   -2.514732e+00 1.882244e+01 1.700000e+01
      vertex   -2.533113e+00 1.897000e+01 1.900000e+01
    endloop
  endfacet
  facet normal 9.923307e-01 1.236115e-01 0.000000e+00
    outer loop
      vertex   -2.533113e+00 1.897000e+01 1.900000e+01
      vertex   -2.514732e+00 1.882244e+01 1.700000e+01
      vertex   -2.533113e+00 1.897000e+01 1.700000e+01
    endloop
  endfacet
  facet normal 1.000000e+00 5.379639e-16 -0.000000e+00
    outer loop
      vertex   -2.500000e+00 1.687450e+01 1.700000e+01
      vertex   -2.500000e+00 1.852550e+01 1.700000e+01
      vertex   -2.500000e+00 1.687450e+01 1.900000e+01
    endloop
  endfacet
  facet normal 1.000000e+00 5.379639e-16 0.000000e+00
    outer loop
      vertex   -2.500000e+00 1.687450e+01 1.900000e+01
      vertex   -2.500000e+00 1.852550e+01 1.700000e+01
      vertex   -2.500000e+00 1.852550e+01 1.900000e+01
    endloop
  endfacet
  facet normal 9.923307e-01 -1.236115e-01 0.000000e+00
    outer loop
      vertex   -2.533113e+00 1.643000e+01 1.900000e+01
      vertex   -2.533113e+00 1.643000e+01 1.700000e+01
      vertex   -2.514732e+00 1.657756e+01 1.900000e+01
    endloop
  endfacet
  facet normal 9.923307e-01 -1.236115e-01 0.000000e+00
    outer loop
      vertex   -2.514732e+00 1.657756e+01 1.900000e+01
      vertex   -2.533113e+00 1.643000e+01 1.700000e+01
      vertex   -2.514732e+00 1.657756e+01 1.700000e+01
    endloop
  endfacet
  facet normal 9.972368e-01 -7.428861e-02 0.000000e+00
    outer loop
      vertex   -2.514732e+00 1.657756e+01 1.900000e+01
      vertex   -2.514732e+00 1.657756e+01 1.700000e+01
      vertex   -2.503685e+00 1.672585e+01 1.900000e+01
    endloop
  endfacet
  facet normal 9.972368e-01 -7.428861e-02 0.000000e+00
    outer loop
      vertex   -2.503685e+00 1.672585e+01 1.900000e+01
      vertex   -2.514732e+00 1.657756e+01 1.700000e+01
      vertex   -2.503685e+00 1.672585e+01 1.700000e+01
    endloop
  endfacet
  facet normal 9.996929e-01 -2.478317e-02 0.000000e+00
    outer loop
      vertex   -2.503685e+00 1.672585e+01 1.900000e+01
      vertex   -2.503685e+00 1.672585e+01 1.700000e+01
      vertex   -2.500000e+00 1.687450e+01 1.900000e+01
    endloop
  endfacet
  facet normal 9.996929e-01 -2.478317e-02 0.000000e+00
    outer loop
      vertex   -2.500000e+00 1.687450e+01 1.900000e+01
      vertex   -2.503685e+00 1.672585e+01 1.700000e+01
      vertex   -2.500000e+00 1.687450e+01 1.700000e+01
    endloop
  endfacet
  facet normal 9.996929e-01 2.478317e-02 0.000000e+00
    outer loop
      vertex   -2.500000e+00 1.598550e+01 1.900000e+01
      vertex   -2.500000e+00 1.598550e+01 1.700000e+01
      vertex   -2.503685e+00 1.613415e+01 1.900000e+01
    endloop
  endfacet
  facet normal 9.996929e-01 2.478317e-02 0.000000e+00
    outer loop
      vertex   -2.503685e+00 1.613415e+01 1.900000e+01
      vertex   -2.500000e+00 1.598550e+01 1.700000e+01
      vertex   -2.503685e+00 1.613415e+01 1.700000e+01
    endloop
  endfacet
  facet normal 9.972368e-01 7.428861e-02 0.000000e+00
    outer loop
      vertex   -2.503685e+00 1.613415e+01 1.900000e+01
      vertex   -2.503685e+00 1.613415e+01 1.700000e+01
      vertex   -2.514732e+00 1.628244e+01 1.900000e+01
    endloop
  endfacet
  facet normal 9.972368e-01 7.428861e-02 0.000000e+00
    outer loop
      vertex   -2.514732e+00 1.628244e+01 1.900000e+01
      vertex   -2.503685e+00 1.613415e+01 1.700000e+01
      vertex   -2.514732e+00 1.628244e+01 1.700000e+01
    endloop
  endfacet
  facet normal 9.923307e-01 1.236115e-01 0.000000e+00
    outer loop
      vertex   -2.514732e+00 1.628244e+01 1.900000e+01
      vertex   -2.514732e+00 1.628244e+01 1.700000e+01
      vertex   -2.533113e+00 1.643000e+01 1.900000e+01
    endloop
  endfacet
  facet normal 9.923307e-01 1.236115e-01 0.000000e+00
    outer loop
      vertex   -2.533113e+00 1.643000e+01 1.900000e+01
      vertex   -2.514732e+00 1.628244e+01 1.700000e+01
      vertex   -2.533113e+00 1.643000e+01 1.700000e+01
    endloop
  endfacet
  facet normal 1.000000e+00 1.882874e-15 -0.000000e+00
    outer loop
      vertex   -2.500000e+00 1.433450e+01 1.700000e+01
      vertex   -2.500000e+00 1.598550e+01 1.700000e+01
      vertex   -2.500000e+00 1.433450e+01 1.900000e+01
    endloop
  endfacet
  facet normal 1.000000e+00 1.882874e-15 0.000000e+00
    outer loop
      vertex   -2.500000e+00 1.433450e+01 1.900000e+01
      vertex   -2.500000e+00 1.598550e+01 1.700000e+01
      vertex   -2.500000e+00 1.598550e+01 1.900000e+01
    endloop
  endfacet
  facet normal 9.923307e-01 -1.236115e-01 0.000000e+00
    outer loop
      vertex   -2.533113e+00 1.389000e+01 1.900000e+01
      vertex   -2.533113e+00 1.389000e+01 1.700000e+01
      vertex   -2.514732e+00 1.403756e+01 1.900000e+01
    endloop
  endfacet
  facet normal 9.923307e-01 -1.236115e-01 0.000000e+00
    outer loop
      vertex   -2.514732e+00 1.403756e+01 1.900000e+01
      vertex   -2.533113e+00 1.389000e+01 1.700000e+01
      vertex   -2.514732e+00 1.403756e+01 1.700000e+01
    endloop
  endfacet
  facet normal 9.972368e-01 -7.428861e-02 0.000000e+00
    outer loop
      vertex   -2.514732e+00 1.403756e+01 1.900000e+01
      vertex   -2.514732e+00 1.403756e+01 1.700000e+01
      vertex   -2.503685e+00 1.418585e+01 1.900000e+01
    endloop
  endfacet
  facet normal 9.972368e-01 -7.428861e-02 0.000000e+00
    outer loop
      vertex   -2.503685e+00 1.418585e+01 1.900000e+01
      vertex   -2.514732e+00 1.403756e+01 1.700000e+01
      vertex   -2.503685e+00 1.418585e+01 1.700000e+01
    endloop
  endfacet
  facet normal 9.996929e-01 -2.478317e-02 0.000000e+00
    outer loop
      vertex   -2.503685e+00 1.418585e+01 1.900000e+01
      vertex   -2.503685e+00 1.418585e+01 1.700000e+01
      vertex   -2.500000e+00 1.433450e+01 1.900000e+01
    endloop
  endfacet
  facet normal 9.996929e-01 -2.478317e-02 0.000000e+00
    outer loop
      vertex   -2.500000e+00 1.433450e+01 1.900000e+01
      vertex   -2.503685e+00 1.418585e+01 1.700000e+01
      vertex   -2.500000e+00 1.433450e+01 1.700000e+01
    endloop
  endfacet
  facet normal 9.996929e-01 2.478317e-02 0.000000e+00
    outer loop
      vertex   -2.500000e+00 1.344550e+01 1.900000e+01
      vertex   -2.500000e+00 1.344550e+01 1.700000e+01
      vertex   -2.503685e+00 1.359415e+01 1.900000e+01
    endloop
  endfacet
  facet normal 9.996929e-01 2.478317e-02 0.000000e+00
    outer loop
      vertex   -2.503685e+00 1.359415e+01 1.900000e+01
      vertex   -2.500000e+00 1.344550e+01 1.700000e+01
      vertex   -2.503685e+00 1.359415e+01 1.700000e+01
    endloop
  endfacet
  facet normal 9.972368e-01 7.428861e-02 0.000000e+00
    outer loop
      vertex   -2.503685e+00 1.359415e+01 1.900000e+01
      vertex   -2.503685e+00 1.359415e+01 1.700000e+01
      vertex   -2.514732e+00 1.374244e+01 1.900000e+01
    endloop
  endfacet
  facet normal 9.972368e-01 7.428861e-02 0.000000e+00
    outer loop
      vertex   -2.514732e+00 1.374244e+01 1.900000e+01
      vertex   -2.503685e+00 1.359415e+01 1.700000e+01
      vertex   -2.514732e+00 1.374244e+01 1.700000e+01
    endloop
  endfacet
  facet normal 9.923307e-01 1.236115e-01 0.000000e+00
    outer loop
      vertex   -2.514732e+00 1.374244e+01 1.900000e+01
      vertex   -2.514732e+00 1.374244e+01 1.700000e+01
      vertex   -2.533113e+00 1.389000e+01 1.900000e+01
    endloop
  endfacet
  facet normal 9.923307e-01 1.236115e-01 0.000000e+00
    outer loop
      vertex   -2.533113e+00 1.389000e+01 1.900000e+01
      vertex   -2.514732e+00 1.374244e+01 1.700000e+01
      vertex   -2.533113e+00 1.389000e+01 1.700000e+01
    endloop
  endfacet
  facet normal 1.000000e+00 1.882874e-15 -0.000000e+00
    outer loop
      vertex   -2.500000e+00 1.179450e+01 1.700000e+01
      vertex   -2.500000e+00 1.344550e+01 1.700000e+01
      vertex   -2.500000e+00 1.179450e+01 1.900000e+01
    endloop
  endfacet
  facet normal 1.000000e+00 1.882874e-15 0.000000e+00
    outer loop
      vertex   -2.500000e+00 1.179450e+01 1.900000e+01
      vertex   -2.500000e+00 1.344550e+01 1.700000e+01
      vertex   -2.500000e+00 1.344550e+01 1.900000e+01
    endloop
  endfacet
  facet normal 9.923307e-01 -1.236115e-01 2.195782e-16
    outer loop
      vertex   -2.533113e+00 1.135000e+01 1.900000e+01
      vertex   -2.533113e+00 1.135000e+01 1.700000e+01
      vertex   -2.514732e+00 1.149756e+01 1.900000e+01
    endloop
  endfacet
  facet normal 9.923307e-01 -1.236115e-01 0.000000e+00
    outer loop
      vertex   -2.514732e+00 1.149756e+01 1.900000e+01
      vertex   -2.533113e+00 1.135000e+01 1.700000e+01
      vertex   -2.514732e+00 1.149756e+01 1.700000e+01
    endloop
  endfacet
  facet normal 9.972368e-01 -7.428861e-02 0.000000e+00
    outer loop
      vertex   -2.514732e+00 1.149756e+01 1.900000e+01
      vertex   -2.514732e+00 1.149756e+01 1.700000e+01
      vertex   -2.503685e+00 1.164585e+01 1.900000e+01
    endloop
  endfacet
  facet normal 9.972368e-01 -7.428861e-02 0.000000e+00
    outer loop
      vertex   -2.503685e+00 1.164585e+01 1.900000e+01
      vertex   -2.514732e+00 1.149756e+01 1.700000e+01
      vertex   -2.503685e+00 1.164585e+01 1.700000e+01
    endloop
  endfacet
  facet normal 9.996929e-01 -2.478317e-02 0.000000e+00
    outer loop
      vertex   -2.503685e+00 1.164585e+01 1.900000e+01
      vertex   -2.503685e+00 1.164585e+01 1.700000e+01
      vertex   -2.500000e+00 1.179450e+01 1.900000e+01
    endloop
  endfacet
  facet normal 9.996929e-01 -2.478317e-02 0.000000e+00
    outer loop
      vertex   -2.500000e+00 1.179450e+01 1.900000e+01
      vertex   -2.503685e+00 1.164585e+01 1.700000e+01
      vertex   -2.500000e+00 1.179450e+01 1.700000e+01
    endloop
  endfacet
  facet normal 9.996929e-01 2.478317e-02 0.000000e+00
    outer loop
      vertex   -2.500000e+00 1.090550e+01 1.900000e+01
      vertex   -2.500000e+00 1.090550e+01 1.700000e+01
      vertex   -2.503685e+00 1.105415e+01 1.900000e+01
    endloop
  endfacet
  facet normal 9.996929e-01 2.478317e-02 0.000000e+00
    outer loop
      vertex   -2.503685e+00 1.105415e+01 1.900000e+01
      vertex   -2.500000e+00 1.090550e+01 1.700000e+01
      vertex   -2.503685e+00 1.105415e+01 1.700000e+01
    endloop
  endfacet
  facet normal 9.972368e-01 7.428861e-02 0.000000e+00
    outer loop
      vertex   -2.503685e+00 1.105415e+01 1.900000e+01
      vertex   -2.503685e+00 1.105415e+01 1.700000e+01
      vertex   -2.514732e+00 1.120244e+01 1.900000e+01
    endloop
  endfacet
  facet normal 9.972368e-01 7.428861e-02 0.000000e+00
    outer loop
      vertex   -2.514732e+00 1.120244e+01 1.900000e+01
      vertex   -2.503685e+00 1.105415e+01 1.700000e+01
      vertex   -2.514732e+00 1.120244e+01 1.700000e+01
    endloop
  endfacet
  facet normal 9.923307e-01 1.236115e-01 0.000000e+00
    outer loop
      vertex   -2.514732e+00 1.120244e+01 1.900000e+01
      vertex   -2.514732e+00 1.120244e+01 1.700000e+01
      vertex   -2.533113e+00 1.135000e+01 1.900000e+01
    endloop
  endfacet
  facet normal 9.923307e-01 1.236115e-01 -2.195782e-16
    outer loop
      vertex   -2.533113e+00 1.135000e+01 1.900000e+01
      vertex   -2.514732e+00 1.120244e+01 1.700000e+01
      vertex   -2.533113e+00 1.135000e+01 1.700000e+01
    endloop
  endfacet
  facet normal 1.000000e+00 1.882874e-15 -0.000000e+00
    outer loop
      vertex   -2.500000e+00 9.254500e+00 1.700000e+01
      vertex   -2.500000e+00 1.090550e+01 1.700000e+01
      vertex   -2.500000e+00 9.254500e+00 1.900000e+01
    endloop
  endfacet
  facet normal 1.000000e+00 1.882874e-15 0.000000e+00
    outer loop
      vertex   -2.500000e+00 9.254500e+00 1.900000e+01
      vertex   -2.500000e+00 1.090550e+01 1.700000e+01
      vertex   -2.500000e+00 1.090550e+01 1.900000e+01
    endloop
  endfacet
  facet normal 9.923307e-01 -1.236115e-01 -1.097891e-16
    outer loop
      vertex   -2.533113e+00 8.810000e+00 1.900000e+01
      vertex   -2.533113e+00 8.810000e+00 1.700000e+01
      vertex   -2.514732e+00 8.957559e+00 1.900000e+01
    endloop
  endfacet
  facet normal 9.923307e-01 -1.236115e-01 0.000000e+00
    outer loop
      vertex   -2.514732e+00 8.957559e+00 1.900000e+01
      vertex   -2.533113e+00 8.810000e+00 1.700000e+01
      vertex   -2.514732e+00 8.957559e+00 1.700000e+01
    endloop
  endfacet
  facet normal 9.972368e-01 -7.428861e-02 0.000000e+00
    outer loop
      vertex   -2.514732e+00 8.957559e+00 1.900000e+01
      vertex   -2.514732e+00 8.957559e+00 1.700000e+01
      vertex   -2.503685e+00 9.105847e+00 1.900000e+01
    endloop
  endfacet
  facet normal 9.972368e-01 -7.428861e-02 0.000000e+00
    outer loop
      vertex   -2.503685e+00 9.105847e+00 1.900000e+01
      vertex   -2.514732e+00 8.957559e+00 1.700000e+01
      vertex   -2.503685e+00 9.105847e+00 1.700000e+01
    endloop
  endfacet
  facet normal 9.996929e-01 -2.478317e-02 0.000000e+00
    outer loop
      vertex   -2.503685e+00 9.105847e+00 1.900000e+01
      vertex   -2.503685e+00 9.105847e+00 1.700000e+01
      vertex   -2.500000e+00 9.254500e+00 1.900000e+01
    endloop
  endfacet
  facet normal 9.996929e-01 -2.478317e-02 0.000000e+00
    outer loop
      vertex   -2.500000e+00 9.254500e+00 1.900000e+01
      vertex   -2.503685e+00 9.105847e+00 1.700000e+01
      vertex   -2.500000e+00 9.254500e+00 1.700000e+01
    endloop
  endfacet
  facet normal 9.996929e-01 2.478317e-02 0.000000e+00
    outer loop
      vertex   -2.500000e+00 8.365500e+00 1.900000e+01
      vertex   -2.500000e+00 8.365500e+00 1.700000e+01
      vertex   -2.503685e+00 8.514153e+00 1.900000e+01
    endloop
  endfacet
  facet normal 9.996929e-01 2.478317e-02 0.000000e+00
    outer loop
      vertex   -2.503685e+00 8.514153e+00 1.900000e+01
      vertex   -2.500000e+00 8.365500e+00 1.700000e+01
      vertex   -2.503685e+00 8.514153e+00 1.700000e+01
    endloop
  endfacet
  facet normal 9.972368e-01 7.428861e-02 0.000000e+00
    outer loop
      vertex   -2.503685e+00 8.514153e+00 1.900000e+01
      vertex   -2.503685e+00 8.514153e+00 1.700000e+01
      vertex   -2.514732e+00 8.662441e+00 1.900000e+01
    endloop
  endfacet
  facet normal 9.972368e-01 7.428861e-02 0.000000e+00
    outer loop
      vertex   -2.514732e+00 8.662441e+00 1.900000e+01
      vertex   -2.503685e+00 8.514153e+00 1.700000e+01
      vertex   -2.514732e+00 8.662441e+00 1.700000e+01
    endloop
  endfacet
  facet normal 9.923307e-01 1.236115e-01 0.000000e+00
    outer loop
      vertex   -2.514732e+00 8.662441e+00 1.900000e+01
      vertex   -2.514732e+00 8.662441e+00 1.700000e+01
      vertex   -2.533113e+00 8.810000e+00 1.900000e+01
    endloop
  endfacet
  facet normal 9.923307e-01 1.236115e-01 1.097891e-16
    outer loop
      vertex   -2.533113e+00 8.810000e+00 1.900000e+01
      vertex   -2.514732e+00 8.662441e+00 1.700000e+01
      vertex   -2.533113e+00 8.810000e+00 1.700000e+01
    endloop
  endfacet
  facet normal 1.000000e+00 5.379639e-16 7.167119e-31
    outer loop
      vertex   -2.500000e+00 6.714500e+00 1.700000e+01
      vertex   -2.500000e+00 8.365500e+00 1.700000e+01
      vertex   -2.500000e+00 6.714500e+00 1.900000e+01
    endloop
  endfacet
  facet normal 1.000000e+00 5.379639e-16 0.000000e+00
    outer loop
      vertex   -2.500000e+00 6.714500e+00 1.900000e+01
      vertex   -2.500000e+00 8.365500e+00 1.700000e+01
      vertex   -2.500000e+00 8.365500e+00 1.900000e+01
    endloop
  endfacet
  facet normal 9.923307e-01 -1.236115e-01 -5.489455e-17
    outer loop
      vertex   -2.533113e+00 6.270000e+00 1.900000e+01
      vertex   -2.533113e+00 6.270000e+00 1.700000e+01
      vertex   -2.514732e+00 6.417559e+00 1.900000e+01
    endloop
  endfacet
  facet normal 9.923307e-01 -1.236115e-01 0.000000e+00
    outer loop
      vertex   -2.514732e+00 6.417559e+00 1.900000e+01
      vertex   -2.533113e+00 6.270000e+00 1.700000e+01
      vertex   -2.514732e+00 6.417559e+00 1.700000e+01
    endloop
  endfacet
  facet normal 9.972368e-01 -7.428861e-02 0.000000e+00
    outer loop
      vertex   -2.514732e+00 6.417559e+00 1.900000e+01
      vertex   -2.514732e+00 6.417559e+00 1.700000e+01
      vertex   -2.503685e+00 6.565847e+00 1.900000e+01
    endloop
  endfacet
  facet normal 9.972368e-01 -7.428861e-02 0.000000e+00
    outer loop
      vertex   -2.503685e+00 6.565847e+00 1.900000e+01
      vertex   -2.514732e+00 6.417559e+00 1.700000e+01
      vertex   -2.503685e+00 6.565847e+00 1.700000e+01
    endloop
  endfacet
  facet normal 9.996929e-01 -2.478317e-02 0.000000e+00
    outer loop
      vertex   -2.503685e+00 6.565847e+00 1.900000e+01
      vertex   -2.503685e+00 6.565847e+00 1.700000e+01
      vertex   -2.500000e+00 6.714500e+00 1.900000e+01
    endloop
  endfacet
  facet normal 9.996929e-01 -2.478317e-02 -3.301781e-17
    outer loop
      vertex   -2.500000e+00 6.714500e+00 1.900000e+01
      vertex   -2.503685e+00 6.565847e+00 1.700000e+01
      vertex   -2.500000e+00 6.714500e+00 1.700000e+01
    endloop
  endfacet
  facet normal 9.996929e-01 2.478317e-02 0.000000e+00
    outer loop
      vertex   -2.500000e+00 5.825500e+00 1.900000e+01
      vertex   -2.500000e+00 5.825500e+00 1.700000e+01
      vertex   -2.503685e+00 5.974153e+00 1.900000e+01
    endloop
  endfacet
  facet normal 9.996929e-01 2.478317e-02 0.000000e+00
    outer loop
      vertex   -2.503685e+00 5.974153e+00 1.900000e+01
      vertex   -2.500000e+00 5.825500e+00 1.700000e+01
      vertex   -2.503685e+00 5.974153e+00 1.700000e+01
    endloop
  endfacet
  facet normal 9.972368e-01 7.428861e-02 0.000000e+00
    outer loop
      vertex   -2.503685e+00 5.974153e+00 1.900000e+01
      vertex   -2.503685e+00 5.974153e+00 1.700000e+01
      vertex   -2.514732e+00 6.122441e+00 1.900000e+01
    endloop
  endfacet
  facet normal 9.972368e-01 7.428861e-02 0.000000e+00
    outer loop
      vertex   -2.514732e+00 6.122441e+00 1.900000e+01
      vertex   -2.503685e+00 5.974153e+00 1.700000e+01
      vertex   -2.514732e+00 6.122441e+00 1.700000e+01
    endloop
  endfacet
  facet normal 9.923307e-01 1.236115e-01 0.000000e+00
    outer loop
      vertex   -2.514732e+00 6.122441e+00 1.900000e+01
      vertex   -2.514732e+00 6.122441e+00 1.700000e+01
      vertex   -2.533113e+00 6.270000e+00 1.900000e+01
    endloop
  endfacet
  facet normal 9.923307e-01 1.236115e-01 5.489455e-17
    outer loop
      vertex   -2.533113e+00 6.270000e+00 1.900000e+01
      vertex   -2.514732e+00 6.122441e+00 1.700000e+01
      vertex   -2.533113e+00 6.270000e+00 1.700000e+01
    endloop
  endfacet
  facet normal 1.000000e+00 1.613892e-15 -0.000000e+00
    outer loop
      vertex   -2.500000e+00 4.174500e+00 1.700000e+01
      vertex   -2.500000e+00 5.825500e+00 1.700000e+01
      vertex   -2.500000e+00 4.174500e+00 1.900000e+01
    endloop
  endfacet
  facet normal 1.000000e+00 1.613892e-15 0.000000e+00
    outer loop
      vertex   -2.500000e+00 4.174500e+00 1.900000e+01
      vertex   -2.500000e+00 5.825500e+00 1.700000e+01
      vertex   -2.500000e+00 5.825500e+00 1.900000e+01
    endloop
  endfacet
  facet normal 9.923307e-01 -1.236115e-01 5.489455e-17
    outer loop
      vertex   -2.533113e+00 3.730000e+00 1.900000e+01
      vertex   -2.533113e+00 3.730000e+00 1.700000e+01
      vertex   -2.514732e+00 3.877559e+00 1.900000e+01
    endloop
  endfacet
  facet normal 9.923307e-01 -1.236115e-01 0.000000e+00
    outer loop
      vertex   -2.514732e+00 3.877559e+00 1.900000e+01
      vertex   -2.533113e+00 3.730000e+00 1.700000e+01
      vertex   -2.514732e+00 3.877559e+00 1.700000e+01
    endloop
  endfacet
  facet normal 9.972368e-01 -7.428861e-02 0.000000e+00
    outer loop
      vertex   -2.514732e+00 3.877559e+00 1.900000e+01
      vertex   -2.514732e+00 3.877559e+00 1.700000e+01
      vertex   -2.503685e+00 4.025847e+00 1.900000e+01
    endloop
  endfacet
  facet normal 9.972368e-01 -7.428861e-02 0.000000e+00
    outer loop
      vertex   -2.503685e+00 4.025847e+00 1.900000e+01
      vertex   -2.514732e+00 3.877559e+00 1.700000e+01
      vertex   -2.503685e+00 4.025847e+00 1.700000e+01
    endloop
  endfacet
  facet normal 9.996929e-01 -2.478317e-02 0.000000e+00
    outer loop
      vertex   -2.503685e+00 4.025847e+00 1.900000e+01
      vertex   -2.503685e+00 4.025847e+00 1.700000e+01
      vertex   -2.500000e+00 4.174500e+00 1.900000e+01
    endloop
  endfacet
  facet normal 9.996929e-01 -2.478317e-02 0.000000e+00
    outer loop
      vertex   -2.500000e+00 4.174500e+00 1.900000e+01
      vertex   -2.503685e+00 4.025847e+00 1.700000e+01
      vertex   -2.500000e+00 4.174500e+00 1.700000e+01
    endloop
  endfacet
  facet normal 9.996929e-01 2.478317e-02 0.000000e+00
    outer loop
      vertex   -2.500000e+00 3.285500e+00 1.900000e+01
      vertex   -2.500000e+00 3.285500e+00 1.700000e+01
      vertex   -2.503685e+00 3.434153e+00 1.900000e+01
    endloop
  endfacet
  facet normal 9.996929e-01 2.478317e-02 0.000000e+00
    outer loop
      vertex   -2.503685e+00 3.434153e+00 1.900000e+01
      vertex   -2.500000e+00 3.285500e+00 1.700000e+01
      vertex   -2.503685e+00 3.434153e+00 1.700000e+01
    endloop
  endfacet
  facet normal 9.972368e-01 7.428861e-02 0.000000e+00
    outer loop
      vertex   -2.503685e+00 3.434153e+00 1.900000e+01
      vertex   -2.503685e+00 3.434153e+00 1.700000e+01
      vertex   -2.514732e+00 3.582441e+00 1.900000e+01
    endloop
  endfacet
  facet normal 9.972368e-01 7.428861e-02 0.000000e+00
    outer loop
      vertex   -2.514732e+00 3.582441e+00 1.900000e+01
      vertex   -2.503685e+00 3.434153e+00 1.700000e+01
      vertex   -2.514732e+00 3.582441e+00 1.700000e+01
    endloop
  endfacet
  facet normal 9.923307e-01 1.236115e-01 0.000000e+00
    outer loop
      vertex   -2.514732e+00 3.582441e+00 1.900000e+01
      vertex   -2.514732e+00 3.582441e+00 1.700000e+01
      vertex   -2.533113e+00 3.730000e+00 1.900000e+01
    endloop
  endfacet
  facet normal 9.923307e-01 1.236115e-01 -5.489455e-17
    outer loop
      vertex   -2.533113e+00 3.730000e+00 1.900000e+01
      vertex   -2.514732e+00 3.582441e+00 1.700000e+01
      vertex   -2.533113e+00 3.730000e+00 1.700000e+01
    endloop
  endfacet
  facet normal 1.000000e+00 1.613892e-15 -8.958899e-31
    outer loop
      vertex   -2.500000e+00 1.634500e+00 1.700000e+01
      vertex   -2.500000e+00 3.285500e+00 1.700000e+01
      vertex   -2.500000e+00 1.634500e+00 1.900000e+01
    endloop
  endfacet
  facet normal 1.000000e+00 1.613892e-15 0.000000e+00
    outer loop
      vertex   -2.500000e+00 1.634500e+00 1.900000e+01
      vertex   -2.500000e+00 3.285500e+00 1.700000e+01
      vertex   -2.500000e+00 3.285500e+00 1.900000e+01
    endloop
  endfacet
  facet normal 9.923307e-01 -1.236115e-01 1.372364e-17
    outer loop
      vertex   -2.533113e+00 1.190000e+00 1.900000e+01
      vertex   -2.533113e+00 1.190000e+00 1.700000e+01
      vertex   -2.514732e+00 1.337559e+00 1.900000e+01
    endloop
  endfacet
  facet normal 9.923307e-01 -1.236115e-01 0.000000e+00
    outer loop
      vertex   -2.514732e+00 1.337559e+00 1.900000e+01
      vertex   -2.533113e+00 1.190000e+00 1.700000e+01
      vertex   -2.514732e+00 1.337559e+00 1.700000e+01
    endloop
  endfacet
  facet normal 9.972368e-01 -7.428861e-02 0.000000e+00
    outer loop
      vertex   -2.514732e+00 1.337559e+00 1.900000e+01
      vertex   -2.514732e+00 1.337559e+00 1.700000e+01
      vertex   -2.503685e+00 1.485847e+00 1.900000e+01
    endloop
  endfacet
  facet normal 9.972368e-01 -7.428861e-02 0.000000e+00
    outer loop
      vertex   -2.503685e+00 1.485847e+00 1.900000e+01
      vertex   -2.514732e+00 1.337559e+00 1.700000e+01
      vertex   -2.503685e+00 1.485847e+00 1.700000e+01
    endloop
  endfacet
  facet normal 9.996929e-01 -2.478317e-02 0.000000e+00
    outer loop
      vertex   -2.503685e+00 1.485847e+00 1.900000e+01
      vertex   -2.503685e+00 1.485847e+00 1.700000e+01
      vertex   -2.500000e+00 1.634500e+00 1.900000e+01
    endloop
  endfacet
  facet normal 9.996929e-01 -2.478317e-02 1.375742e-17
    outer loop
      vertex   -2.500000e+00 1.634500e+00 1.900000e+01
      vertex   -2.503685e+00 1.485847e+00 1.700000e+01
      vertex   -2.500000e+00 1.634500e+00 1.700000e+01
    endloop
  endfacet
  facet normal 9.996929e-01 2.478317e-02 -2.751484e-17
    outer loop
      vertex   -2.500000e+00 7.455000e-01 1.900000e+01
      vertex   -2.500000e+00 7.455000e-01 1.700000e+01
      vertex   -2.503685e+00 8.941533e-01 1.900000e+01
    endloop
  endfacet
  facet normal 9.996929e-01 2.478317e-02 0.000000e+00
    outer loop
      vertex   -2.503685e+00 8.941533e-01 1.900000e+01
      vertex   -2.500000e+00 7.455000e-01 1.700000e+01
      vertex   -2.503685e+00 8.941533e-01 1.700000e+01
    endloop
  endfacet
  facet normal 9.972368e-01 7.428861e-02 0.000000e+00
    outer loop
      vertex   -2.503685e+00 8.941533e-01 1.900000e+01
      vertex   -2.503685e+00 8.941533e-01 1.700000e+01
      vertex   -2.514732e+00 1.042441e+00 1.900000e+01
    endloop
  endfacet
  facet normal 9.972368e-01 7.428861e-02 0.000000e+00
    outer loop
      vertex   -2.514732e+00 1.042441e+00 1.900000e+01
      vertex   -2.503685e+00 8.941533e-01 1.700000e+01
      vertex   -2.514732e+00 1.042441e+00 1.700000e+01
    endloop
  endfacet
  facet normal 9.923307e-01 1.236115e-01 0.000000e+00
    outer loop
      vertex   -2.514732e+00 1.042441e+00 1.900000e+01
      vertex   -2.514732e+00 1.042441e+00 1.700000e+01
      vertex   -2.533113e+00 1.190000e+00 1.900000e+01
    endloop
  endfacet
  facet normal 9.923307e-01 1.236115e-01 -1.372364e-17
    outer loop
      vertex   -2.533113e+00 1.190000e+00 1.900000e+01
      vertex   -2.514732e+00 1.042441e+00 1.700000e+01
      vertex   -2.533113e+00 1.190000e+00 1.700000e+01
    endloop
  endfacet
  facet normal 1.000000e+00 1.066485e-15 9.472288e-31
    outer loop
      vertex   -2.500000e+00 -8.415402e+00 1.700000e+01
      vertex   -2.500000e+00 7.455000e-01 1.700000e+01
      vertex   -2.500000e+00 -8.415402e+00 1.900000e+01
    endloop
  endfacet
  facet normal 1.000000e+00 1.066485e-15 -1.377787e-30
    outer loop
      vertex   -2.500000e+00 -8.415402e+00 1.900000e+01
      vertex   -2.500000e+00 7.455000e-01 1.700000e+01
      vertex   -2.500000e+00 7.455000e-01 1.900000e+01
    endloop
  endfacet
  facet normal -7.861620e-01 -6.180204e-01 1.097825e-15
    outer loop
      vertex   -2.500000e+00 -1.173546e+01 1.900000e+01
      vertex   -2.500000e+00 -1.173546e+01 1.700000e+01
      vertex   -2.204219e+00 -1.211171e+01 1.900000e+01
    endloop
  endfacet
  facet normal -7.861620e-01 -6.180204e-01 -0.000000e+00
    outer loop
      vertex   -2.204219e+00 -1.211171e+01 1.900000e+01
      vertex   -2.500000e+00 -1.173546e+01 1.700000e+01
      vertex   -2.204219e+00 -1.211171e+01 1.700000e+01
    endloop
  endfacet
  facet normal -6.778783e-01 -7.351741e-01 -0.000000e+00
    outer loop
      vertex   -2.204219e+00 -1.211171e+01 1.900000e+01
      vertex   -2.204219e+00 -1.211171e+01 1.700000e+01
      vertex   -1.852368e+00 -1.243614e+01 1.900000e+01
    endloop
  endfacet
  facet normal -6.778783e-01 -7.351741e-01 -0.000000e+00
    outer loop
      vertex   -1.852368e+00 -1.243614e+01 1.900000e+01
      vertex   -2.204219e+00 -1.211171e+01 1.700000e+01
      vertex   -1.852368e+00 -1.243614e+01 1.700000e+01
    endloop
  endfacet
  facet normal -5.523423e-01 -8.336174e-01 -0.000000e+00
    outer loop
      vertex   -1.852368e+00 -1.243614e+01 1.900000e+01
      vertex   -1.852368e+00 -1.243614e+01 1.700000e+01
      vertex   -1.453403e+00 -1.270049e+01 1.900000e+01
    endloop
  endfacet
  facet normal -5.523423e-01 -8.336174e-01 -0.000000e+00
    outer loop
      vertex   -1.453403e+00 -1.270049e+01 1.900000e+01
      vertex   -1.852368e+00 -1.243614e+01 1.700000e+01
      vertex   -1.453403e+00 -1.270049e+01 1.700000e+01
    endloop
  endfacet
  facet normal -4.127491e-01 -9.108448e-01 -0.000000e+00
    outer loop
      vertex   -1.453403e+00 -1.270049e+01 1.900000e+01
      vertex   -1.453403e+00 -1.270049e+01 1.700000e+01
      vertex   -1.017477e+00 -1.289803e+01 1.900000e+01
    endloop
  endfacet
  facet normal -4.127491e-01 -9.108448e-01 -0.000000e+00
    outer loop
      vertex   -1.017477e+00 -1.289803e+01 1.900000e+01
      vertex   -1.453403e+00 -1.270049e+01 1.700000e+01
      vertex   -1.017477e+00 -1.289803e+01 1.700000e+01
    endloop
  endfacet
  facet normal -2.626512e-01 -9.648908e-01 -0.000000e+00
    outer loop
      vertex   -1.017477e+00 -1.289803e+01 1.900000e+01
      vertex   -1.017477e+00 -1.289803e+01 1.700000e+01
      vertex   -5.556851e-01 -1.302373e+01 1.900000e+01
    endloop
  endfacet
  facet normal -2.626512e-01 -9.648908e-01 -0.000000e+00
    outer loop
      vertex   -5.556851e-01 -1.302373e+01 1.900000e+01
      vertex   -1.017477e+00 -1.289803e+01 1.700000e+01
      vertex   -5.556851e-01 -1.302373e+01 1.700000e+01
    endloop
  endfacet
  facet normal -1.058688e-01 -9.943801e-01 -0.000000e+00
    outer loop
      vertex   -5.556851e-01 -1.302373e+01 1.900000e+01
      vertex   -5.556851e-01 -1.302373e+01 1.700000e+01
      vertex   -7.977978e-02 -1.307440e+01 1.900000e+01
    endloop
  endfacet
  facet normal -1.058688e-01 -9.943801e-01 -0.000000e+00
    outer loop
      vertex   -7.977978e-02 -1.307440e+01 1.900000e+01
      vertex   -5.556851e-01 -1.302373e+01 1.700000e+01
      vertex   -7.977978e-02 -1.307440e+01 1.700000e+01
    endloop
  endfacet
  facet normal 5.360808e-02 -9.985621e-01 0.000000e+00
    outer loop
      vertex   -7.977978e-02 -1.307440e+01 1.900000e+01
      vertex   -7.977978e-02 -1.307440e+01 1.700000e+01
      vertex   3.981270e-01 -1.304874e+01 1.900000e+01
    endloop
  endfacet
  facet normal 5.360808e-02 -9.985621e-01 0.000000e+00
    outer loop
      vertex   3.981270e-01 -1.304874e+01 1.900000e+01
      vertex   -7.977978e-02 -1.307440e+01 1.700000e+01
      vertex   3.981270e-01 -1.304874e+01 1.700000e+01
    endloop
  endfacet
  facet normal 2.117206e-01 -9.773302e-01 0.000000e+00
    outer loop
      vertex   3.981270e-01 -1.304874e+01 1.900000e+01
      vertex   3.981270e-01 -1.304874e+01 1.700000e+01
      vertex   8.658724e-01 -1.294741e+01 1.900000e+01
    endloop
  endfacet
  facet normal 2.117206e-01 -9.773302e-01 0.000000e+00
    outer loop
      vertex   8.658724e-01 -1.294741e+01 1.900000e+01
      vertex   3.981270e-01 -1.304874e+01 1.700000e+01
      vertex   8.658724e-01 -1.294741e+01 1.700000e+01
    endloop
  endfacet
  facet normal 3.644447e-01 -9.312250e-01 0.000000e+00
    outer loop
      vertex   8.658724e-01 -1.294741e+01 1.900000e+01
      vertex   8.658724e-01 -1.294741e+01 1.700000e+01
      vertex   1.311552e+00 -1.277299e+01 1.900000e+01
    endloop
  endfacet
  facet normal 3.644447e-01 -9.312250e-01 0.000000e+00
    outer loop
      vertex   1.311552e+00 -1.277299e+01 1.900000e+01
      vertex   8.658724e-01 -1.294741e+01 1.700000e+01
      vertex   1.311552e+00 -1.277299e+01 1.700000e+01
    endloop
  endfacet
  facet normal 5.078936e-01 -8.614198e-01 0.000000e+00
    outer loop
      vertex   1.311552e+00 -1.277299e+01 1.900000e+01
      vertex   1.311552e+00 -1.277299e+01 1.700000e+01
      vertex   1.723823e+00 -1.252992e+01 1.900000e+01
    endloop
  endfacet
  facet normal 5.078936e-01 -8.614198e-01 0.000000e+00
    outer loop
      vertex   1.723823e+00 -1.252992e+01 1.900000e+01
      vertex   1.311552e+00 -1.277299e+01 1.700000e+01
      vertex   1.723823e+00 -1.252992e+01 1.700000e+01
    endloop
  endfacet
  facet normal 6.384164e-01 -7.696912e-01 0.000000e+00
    outer loop
      vertex   1.723823e+00 -1.252992e+01 1.900000e+01
      vertex   1.723823e+00 -1.252992e+01 1.700000e+01
      vertex   2.092194e+00 -1.222437e+01 1.900000e+01
    endloop
  endfacet
  facet normal 6.384164e-01 -7.696912e-01 0.000000e+00
    outer loop
      vertex   2.092194e+00 -1.222437e+01 1.900000e+01
      vertex   1.723823e+00 -1.252992e+01 1.700000e+01
      vertex   2.092194e+00 -1.222437e+01 1.700000e+01
    endloop
  endfacet
  facet normal 7.526913e-01 -6.583736e-01 0.000000e+00
    outer loop
      vertex   2.092194e+00 -1.222437e+01 1.900000e+01
      vertex   2.092194e+00 -1.222437e+01 1.700000e+01
      vertex   2.407288e+00 -1.186414e+01 1.900000e+01
    endloop
  endfacet
  facet normal 7.526913e-01 -6.583736e-01 0.000000e+00
    outer loop
      vertex   2.407288e+00 -1.186414e+01 1.900000e+01
      vertex   2.092194e+00 -1.222437e+01 1.700000e+01
      vertex   2.407288e+00 -1.186414e+01 1.700000e+01
    endloop
  endfacet
  facet normal 8.478099e-01 -5.303002e-01 0.000000e+00
    outer loop
      vertex   2.407288e+00 -1.186414e+01 1.900000e+01
      vertex   2.407288e+00 -1.186414e+01 1.700000e+01
      vertex   2.661087e+00 -1.145838e+01 1.900000e+01
    endloop
  endfacet
  facet normal 8.478099e-01 -5.303002e-01 0.000000e+00
    outer loop
      vertex   2.661087e+00 -1.145838e+01 1.900000e+01
      vertex   2.407288e+00 -1.186414e+01 1.700000e+01
      vertex   2.661087e+00 -1.145838e+01 1.700000e+01
    endloop
  endfacet
  facet normal 9.213515e-01 -3.887305e-01 0.000000e+00
    outer loop
      vertex   2.661087e+00 -1.145838e+01 1.900000e+01
      vertex   2.661087e+00 -1.145838e+01 1.700000e+01
      vertex   2.847131e+00 -1.101743e+01 1.900000e+01
    endloop
  endfacet
  facet normal 9.213515e-01 -3.887305e-01 0.000000e+00
    outer loop
      vertex   2.847131e+00 -1.101743e+01 1.900000e+01
      vertex   2.661087e+00 -1.145838e+01 1.700000e+01
      vertex   2.847131e+00 -1.101743e+01 1.700000e+01
    endloop
  endfacet
  facet normal 9.714444e-01 -2.372674e-01 0.000000e+00
    outer loop
      vertex   2.847131e+00 -1.101743e+01 1.900000e+01
      vertex   2.847131e+00 -1.101743e+01 1.700000e+01
      vertex   2.960686e+00 -1.055250e+01 1.900000e+01
    endloop
  endfacet
  facet normal 9.714444e-01 -2.372674e-01 0.000000e+00
    outer loop
      vertex   2.960686e+00 -1.055250e+01 1.900000e+01
      vertex   2.847131e+00 -1.101743e+01 1.700000e+01
      vertex   2.960686e+00 -1.055250e+01 1.700000e+01
    endloop
  endfacet
  facet normal 9.968136e-01 -7.976583e-02 0.000000e+00
    outer loop
      vertex   2.960686e+00 -1.055250e+01 1.900000e+01
      vertex   2.960686e+00 -1.055250e+01 1.700000e+01
      vertex   2.998862e+00 -1.007543e+01 1.900000e+01
    endloop
  endfacet
  facet normal 9.968136e-01 -7.976583e-02 0.000000e+00
    outer loop
      vertex   2.998862e+00 -1.007543e+01 1.900000e+01
      vertex   2.960686e+00 -1.055250e+01 1.700000e+01
      vertex   2.998862e+00 -1.007543e+01 1.700000e+01
    endloop
  endfacet
  facet normal 9.968136e-01 7.976583e-02 0.000000e+00
    outer loop
      vertex   2.998862e+00 -1.007543e+01 1.900000e+01
      vertex   2.998862e+00 -1.007543e+01 1.700000e+01
      vertex   2.960686e+00 -9.598359e+00 1.900000e+01
    endloop
  endfacet
  facet normal 9.968136e-01 7.976583e-02 0.000000e+00
    outer loop
      vertex   2.960686e+00 -9.598359e+00 1.900000e+01
      vertex   2.998862e+00 -1.007543e+01 1.700000e+01
      vertex   2.960686e+00 -9.598359e+00 1.700000e+01
    endloop
  endfacet
  facet normal 9.714444e-01 2.372674e-01 0.000000e+00
    outer loop
      vertex   2.960686e+00 -9.598359e+00 1.900000e+01
      vertex   2.960686e+00 -9.598359e+00 1.700000e+01
      vertex   2.847131e+00 -9.133430e+00 1.900000e+01
    endloop
  endfacet
  facet normal 9.714444e-01 2.372674e-01 0.000000e+00
    outer loop
      vertex   2.847131e+00 -9.133430e+00 1.900000e+01
      vertex   2.960686e+00 -9.598359e+00 1.700000e+01
      vertex   2.847131e+00 -9.133430e+00 1.700000e+01
    endloop
  endfacet
  facet normal 9.213515e-01 3.887305e-01 0.000000e+00
    outer loop
      vertex   2.847131e+00 -9.133430e+00 1.900000e+01
      vertex   2.847131e+00 -9.133430e+00 1.700000e+01
      vertex   2.661087e+00 -8.692476e+00 1.900000e+01
    endloop
  endfacet
  facet normal 9.213515e-01 3.887305e-01 0.000000e+00
    outer loop
      vertex   2.661087e+00 -8.692476e+00 1.900000e+01
      vertex   2.847131e+00 -9.133430e+00 1.700000e+01
      vertex   2.661087e+00 -8.692476e+00 1.700000e+01
    endloop
  endfacet
  facet normal 8.478099e-01 5.303002e-01 0.000000e+00
    outer loop
      vertex   2.661087e+00 -8.692476e+00 1.900000e+01
      vertex   2.661087e+00 -8.692476e+00 1.700000e+01
      vertex   2.407288e+00 -8.286719e+00 1.900000e+01
    endloop
  endfacet
  facet normal 8.478099e-01 5.303002e-01 0.000000e+00
    outer loop
      vertex   2.407288e+00 -8.286719e+00 1.900000e+01
      vertex   2.661087e+00 -8.692476e+00 1.700000e+01
      vertex   2.407288e+00 -8.286719e+00 1.700000e+01
    endloop
  endfacet
  facet normal 7.526913e-01 6.583736e-01 0.000000e+00
    outer loop
      vertex   2.407288e+00 -8.286719e+00 1.900000e+01
      vertex   2.407288e+00 -8.286719e+00 1.700000e+01
      vertex   2.092194e+00 -7.926484e+00 1.900000e+01
    endloop
  endfacet
  facet normal 7.526913e-01 6.583736e-01 0.000000e+00
    outer loop
      vertex   2.092194e+00 -7.926484e+00 1.900000e+01
      vertex   2.407288e+00 -8.286719e+00 1.700000e+01
      vertex   2.092194e+00 -7.926484e+00 1.700000e+01
    endloop
  endfacet
  facet normal 6.384164e-01 7.696912e-01 0.000000e+00
    outer loop
      vertex   2.092194e+00 -7.926484e+00 1.900000e+01
      vertex   2.092194e+00 -7.926484e+00 1.700000e+01
      vertex   1.723823e+00 -7.620941e+00 1.900000e+01
    endloop
  endfacet
  facet normal 6.384164e-01 7.696912e-01 0.000000e+00
    outer loop
      vertex   1.723823e+00 -7.620941e+00 1.900000e+01
      vertex   2.092194e+00 -7.926484e+00 1.700000e+01
      vertex   1.723823e+00 -7.620941e+00 1.700000e+01
    endloop
  endfacet
  facet normal 5.078936e-01 8.614198e-01 0.000000e+00
    outer loop
      vertex   1.723823e+00 -7.620941e+00 1.900000e+01
      vertex   1.723823e+00 -7.620941e+00 1.700000e+01
      vertex   1.311552e+00 -7.377866e+00 1.900000e+01
    endloop
  endfacet
  facet normal 5.078936e-01 8.614198e-01 0.000000e+00
    outer loop
      vertex   1.311552e+00 -7.377866e+00 1.900000e+01
      vertex   1.723823e+00 -7.620941e+00 1.700000e+01
      vertex   1.311552e+00 -7.377866e+00 1.700000e+01
    endloop
  endfacet
  facet normal 3.644447e-01 9.312250e-01 0.000000e+00
    outer loop
      vertex   1.311552e+00 -7.377866e+00 1.900000e+01
      vertex   1.311552e+00 -7.377866e+00 1.700000e+01
      vertex   8.658724e-01 -7.203445e+00 1.900000e+01
    endloop
  endfacet
  facet normal 3.644447e-01 9.312250e-01 0.000000e+00
    outer loop
      vertex   8.658724e-01 -7.203445e+00 1.900000e+01
      vertex   1.311552e+00 -7.377866e+00 1.700000e+01
      vertex   8.658724e-01 -7.203445e+00 1.700000e+01
    endloop
  endfacet
  facet normal 2.117206e-01 9.773302e-01 0.000000e+00
    outer loop
      vertex   8.658724e-01 -7.203445e+00 1.900000e+01
      vertex   8.658724e-01 -7.203445e+00 1.700000e+01
      vertex   3.981270e-01 -7.102116e+00 1.900000e+01
    endloop
  endfacet
  facet normal 2.117206e-01 9.773302e-01 0.000000e+00
    outer loop
      vertex   3.981270e-01 -7.102116e+00 1.900000e+01
      vertex   8.658724e-01 -7.203445e+00 1.700000e+01
      vertex   3.981270e-01 -7.102116e+00 1.700000e+01
    endloop
  endfacet
  facet normal 5.360808e-02 9.985621e-01 0.000000e+00
    outer loop
      vertex   3.981270e-01 -7.102116e+00 1.900000e+01
      vertex   3.981270e-01 -7.102116e+00 1.700000e+01
      vertex   -7.977978e-02 -7.076460e+00 1.900000e+01
    endloop
  endfacet
  facet normal 5.360808e-02 9.985621e-01 0.000000e+00
    outer loop
      vertex   -7.977978e-02 -7.076460e+00 1.900000e+01
      vertex   3.981270e-01 -7.102116e+00 1.700000e+01
      vertex   -7.977978e-02 -7.076460e+00 1.700000e+01
    endloop
  endfacet
  facet normal -1.058688e-01 9.943801e-01 0.000000e+00
    outer loop
      vertex   -7.977978e-02 -7.076460e+00 1.900000e+01
      vertex   -7.977978e-02 -7.076460e+00 1.700000e+01
      vertex   -5.556851e-01 -7.127128e+00 1.900000e+01
    endloop
  endfacet
  facet normal -1.058688e-01 9.943801e-01 0.000000e+00
    outer loop
      vertex   -5.556851e-01 -7.127128e+00 1.900000e+01
      vertex   -7.977978e-02 -7.076460e+00 1.700000e+01
      vertex   -5.556851e-01 -7.127128e+00 1.700000e+01
    endloop
  endfacet
  facet normal -2.626512e-01 9.648908e-01 0.000000e+00
    outer loop
      vertex   -5.556851e-01 -7.127128e+00 1.900000e+01
      vertex   -5.556851e-01 -7.127128e+00 1.700000e+01
      vertex   -1.017477e+00 -7.252831e+00 1.900000e+01
    endloop
  endfacet
  facet normal -2.626512e-01 9.648908e-01 0.000000e+00
    outer loop
      vertex   -1.017477e+00 -7.252831e+00 1.900000e+01
      vertex   -5.556851e-01 -7.127128e+00 1.700000e+01
      vertex   -1.017477e+00 -7.252831e+00 1.700000e+01
    endloop
  endfacet
  facet normal -4.127491e-01 9.108448e-01 0.000000e+00
    outer loop
      vertex   -1.017477e+00 -7.252831e+00 1.900000e+01
      vertex   -1.017477e+00 -7.252831e+00 1.700000e+01
      vertex   -1.453403e+00 -7.450371e+00 1.900000e+01
    endloop
  endfacet
  facet normal -4.127491e-01 9.108448e-01 0.000000e+00
    outer loop
      vertex   -1.453403e+00 -7.450371e+00 1.900000e+01
      vertex   -1.017477e+00 -7.252831e+00 1.700000e+01
      vertex   -1.453403e+00 -7.450371e+00 1.700000e+01
    endloop
  endfacet
  facet normal -5.523423e-01 8.336174e-01 0.000000e+00
    outer loop
      vertex   -1.453403e+00 -7.450371e+00 1.900000e+01
      vertex   -1.453403e+00 -7.450371e+00 1.700000e+01
      vertex   -1.852368e+00 -7.714719e+00 1.900000e+01
    endloop
  endfacet
  facet normal -5.523423e-01 8.336174e-01 0.000000e+00
    outer loop
      vertex   -1.852368e+00 -7.714719e+00 1.900000e+01
      vertex   -1.453403e+00 -7.450371e+00 1.700000e+01
      vertex   -1.852368e+00 -7.714719e+00 1.700000e+01
    endloop
  endfacet
  facet normal -6.778783e-01 7.351741e-01 0.000000e+00
    outer loop
      vertex   -1.852368e+00 -7.714719e+00 1.900000e+01
      vertex   -1.852368e+00 -7.714719e+00 1.700000e+01
      vertex   -2.204219e+00 -8.039149e+00 1.900000e+01
    endloop
  endfacet
  facet normal -6.778783e-01 7.351741e-01 0.000000e+00
    outer loop
      vertex   -2.204219e+00 -8.039149e+00 1.900000e+01
      vertex   -1.852368e+00 -7.714719e+00 1.700000e+01
      vertex   -2.204219e+00 -8.039149e+00 1.700000e+01
    endloop
  endfacet
  facet normal -7.861620e-01 6.180204e-01 0.000000e+00
    outer loop
      vertex   -2.204219e+00 -8.039149e+00 1.900000e+01
      vertex   -2.204219e+00 -8.039149e+00 1.700000e+01
      vertex   -2.500000e+00 -8.415402e+00 1.900000e+01
    endloop
  endfacet
  facet normal -7.861620e-01 6.180204e-01 5.489124e-16
    outer loop
      vertex   -2.500000e+00 -8.415402e+00 1.900000e+01
      vertex   -2.204219e+00 -8.039149e+00 1.700000e+01
      vertex   -2.500000e+00 -8.415402e+00 1.700000e+01
    endloop
  endfacet
  facet normal 1.000000e+00 1.190879e-15 1.057713e-30
    outer loop
      vertex   -2.500000e+00 -1.360000e+01 1.700000e+01
      vertex   -2.500000e+00 -1.173546e+01 1.700000e+01
      vertex   -2.500000e+00 -1.360000e+01 1.900000e+01
    endloop
  endfacet
  facet normal 1.000000e+00 1.190879e-15 -2.115426e-30
    outer loop
      vertex   -2.500000e+00 -1.360000e+01 1.900000e+01
      vertex   -2.500000e+00 -1.173546e+01 1.700000e+01
      vertex   -2.500000e+00 -1.173546e+01 1.900000e+01
    endloop
  endfacet
  facet normal 9.998565e-01 -1.694205e-02 0.000000e+00
    outer loop
      vertex   -2.500909e+00 -1.368945e+01 1.900000e+01
      vertex   -2.500909e+00 -1.368945e+01 1.700000e+01
      vertex   -2.500404e+00 -1.365964e+01 1.900000e+01
    endloop
  endfacet
  facet normal 9.998565e-01 -1.694205e-02 0.000000e+00
    outer loop
      vertex   -2.500404e+00 -1.365964e+01 1.900000e+01
      vertex   -2.500909e+00 -1.368945e+01 1.700000e+01
      vertex   -2.500404e+00 -1.365964e+01 1.700000e+01
    endloop
  endfacet
  facet normal 9.999483e-01 -1.016554e-02 0.000000e+00
    outer loop
      vertex   -2.500404e+00 -1.365964e+01 1.900000e+01
      vertex   -2.500404e+00 -1.365964e+01 1.700000e+01
      vertex   -2.500101e+00 -1.362982e+01 1.900000e+01
    endloop
  endfacet
  facet normal 9.999483e-01 -1.016554e-02 0.000000e+00
    outer loop
      vertex   -2.500101e+00 -1.362982e+01 1.900000e+01
      vertex   -2.500404e+00 -1.365964e+01 1.700000e+01
      vertex   -2.500101e+00 -1.362982e+01 1.700000e+01
    endloop
  endfacet
  facet normal 9.999943e-01 -3.388565e-03 0.000000e+00
    outer loop
      vertex   -2.500101e+00 -1.362982e+01 1.900000e+01
      vertex   -2.500101e+00 -1.362982e+01 1.700000e+01
      vertex   -2.500000e+00 -1.360000e+01 1.900000e+01
    endloop
  endfacet
  facet normal 9.999943e-01 -3.388565e-03 -3.009650e-18
    outer loop
      vertex   -2.500000e+00 -1.360000e+01 1.900000e+01
      vertex   -2.500101e+00 -1.362982e+01 1.700000e+01
      vertex   -2.500000e+00 -1.360000e+01 1.700000e+01
    endloop
  endfacet
  facet normal 9.858475e-03 -9.999514e-01 -1.776271e-15
    outer loop
      vertex   -3.148397e+01 -1.397519e+01 1.700000e+01
      vertex   -2.500909e+00 -1.368945e+01 1.700000e+01
      vertex   -3.148397e+01 -1.397519e+01 1.900000e+01
    endloop
  endfacet
  facet normal 9.858475e-03 -9.999514e-01 0.000000e+00
    outer loop
      vertex   -3.148397e+01 -1.397519e+01 1.900000e+01
      vertex   -2.500909e+00 -1.368945e+01 1.700000e+01
      vertex   -2.500909e+00 -1.368945e+01 1.900000e+01
    endloop
  endfacet
  facet normal -9.998988e-01 -1.422872e-02 -0.000000e+00
    outer loop
      vertex   -3.150000e+01 -1.360000e+01 1.900000e+01
      vertex   -3.150000e+01 -1.360000e+01 1.700000e+01
      vertex   -3.149822e+01 -1.372520e+01 1.900000e+01
    endloop
  endfacet
  facet normal -9.998988e-01 -1.422872e-02 -0.000000e+00
    outer loop
      vertex   -3.149822e+01 -1.372520e+01 1.900000e+01
      vertex   -3.150000e+01 -1.360000e+01 1.700000e+01
      vertex   -3.149822e+01 -1.372520e+01 1.700000e+01
    endloop
  endfacet
  facet normal -9.990890e-01 -4.267465e-02 -0.000000e+00
    outer loop
      vertex   -3.149822e+01 -1.372520e+01 1.900000e+01
      vertex   -3.149822e+01 -1.372520e+01 1.700000e+01
      vertex   -3.149287e+01 -1.385030e+01 1.900000e+01
    endloop
  endfacet
  facet normal -9.990890e-01 -4.267465e-02 -0.000000e+00
    outer loop
      vertex   -3.149287e+01 -1.385030e+01 1.900000e+01
      vertex   -3.149822e+01 -1.372520e+01 1.700000e+01
      vertex   -3.149287e+01 -1.385030e+01 1.700000e+01
    endloop
  endfacet
  facet normal -9.974702e-01 -7.108602e-02 -0.000000e+00
    outer loop
      vertex   -3.149287e+01 -1.385030e+01 1.900000e+01
      vertex   -3.149287e+01 -1.385030e+01 1.700000e+01
      vertex   -3.148397e+01 -1.397519e+01 1.900000e+01
    endloop
  endfacet
  facet normal -9.974702e-01 -7.108602e-02 -1.262741e-16
    outer loop
      vertex   -3.148397e+01 -1.397519e+01 1.900000e+01
      vertex   -3.149287e+01 -1.385030e+01 1.700000e+01
      vertex   -3.148397e+01 -1.397519e+01 1.700000e+01
    endloop
  endfacet
  facet normal -1.000000e+00 -4.100348e-15 0.000000e+00
    outer loop
      vertex   -3.150000e+01 -1.186712e+01 1.700000e+01
      vertex   -3.150000e+01 -1.360000e+01 1.700000e+01
      vertex   -3.150000e+01 -1.186712e+01 1.900000e+01
    endloop
  endfacet
  facet normal -1.000000e+00 -4.100348e-15 0.000000e+00
    outer loop
      vertex   -3.150000e+01 -1.186712e+01 1.900000e+01
      vertex   -3.150000e+01 -1.360000e+01 1.700000e+01
      vertex   -3.150000e+01 -1.360000e+01 1.900000e+01
    endloop
  endfacet
  facet normal 7.513195e-01 6.599386e-01 -1.172287e-15
    outer loop
      vertex   -3.150000e+01 -8.283742e+00 1.900000e+01
      vertex   -3.150000e+01 -8.283742e+00 1.700000e+01
      vertex   -3.181918e+01 -7.920369e+00 1.900000e+01
    endloop
  endfacet
  facet normal 7.513195e-01 6.599386e-01 0.000000e+00
    outer loop
      vertex   -3.181918e+01 -7.920369e+00 1.900000e+01
      vertex   -3.150000e+01 -8.283742e+00 1.700000e+01
      vertex   -3.181918e+01 -7.920369e+00 1.700000e+01
    endloop
  endfacet
  facet normal 6.355100e-01 7.720926e-01 0.000000e+00
    outer loop
      vertex   -3.181918e+01 -7.920369e+00 1.900000e+01
      vertex   -3.181918e+01 -7.920369e+00 1.700000e+01
      vertex   -3.219260e+01 -7.613007e+00 1.900000e+01
    endloop
  endfacet
  facet normal 6.355100e-01 7.720926e-01 0.000000e+00
    outer loop
      vertex   -3.219260e+01 -7.613007e+00 1.900000e+01
      vertex   -3.181918e+01 -7.920369e+00 1.700000e+01
      vertex   -3.219260e+01 -7.613007e+00 1.700000e+01
    endloop
  endfacet
  facet normal 5.031833e-01 8.641797e-01 0.000000e+00
    outer loop
      vertex   -3.219260e+01 -7.613007e+00 1.900000e+01
      vertex   -3.219260e+01 -7.613007e+00 1.700000e+01
      vertex   -3.261055e+01 -7.369645e+00 1.900000e+01
    endloop
  endfacet
  facet normal 5.031833e-01 8.641797e-01 0.000000e+00
    outer loop
      vertex   -3.261055e+01 -7.369645e+00 1.900000e+01
      vertex   -3.219260e+01 -7.613007e+00 1.700000e+01
      vertex   -3.261055e+01 -7.369645e+00 1.700000e+01
    endloop
  endfacet
  facet normal 3.577788e-01 9.338064e-01 0.000000e+00
    outer loop
      vertex   -3.261055e+01 -7.369645e+00 1.900000e+01
      vertex   -3.261055e+01 -7.369645e+00 1.700000e+01
      vertex   -3.306218e+01 -7.196607e+00 1.900000e+01
    endloop
  endfacet
  facet normal 3.577788e-01 9.338064e-01 0.000000e+00
    outer loop
      vertex   -3.306218e+01 -7.196607e+00 1.900000e+01
      vertex   -3.261055e+01 -7.369645e+00 1.700000e+01
      vertex   -3.306218e+01 -7.196607e+00 1.700000e+01
    endloop
  endfacet
  facet normal 2.030754e-01 9.791631e-01 0.000000e+00
    outer loop
      vertex   -3.306218e+01 -7.196607e+00 1.900000e+01
      vertex   -3.306218e+01 -7.196607e+00 1.700000e+01
      vertex   -3.353575e+01 -7.098390e+00 1.900000e+01
    endloop
  endfacet
  facet normal 2.030754e-01 9.791631e-01 0.000000e+00
    outer loop
      vertex   -3.353575e+01 -7.098390e+00 1.900000e+01
      vertex   -3.306218e+01 -7.196607e+00 1.700000e+01
      vertex   -3.353575e+01 -7.098390e+00 1.700000e+01
    endloop
  endfacet
  facet normal 4.309404e-02 9.990710e-01 0.000000e+00
    outer loop
      vertex   -3.353575e+01 -7.098390e+00 1.900000e+01
      vertex   -3.353575e+01 -7.098390e+00 1.700000e+01
      vertex   -3.401895e+01 -7.077548e+00 1.900000e+01
    endloop
  endfacet
  facet normal 4.309404e-02 9.990710e-01 0.000000e+00
    outer loop
      vertex   -3.401895e+01 -7.077548e+00 1.900000e+01
      vertex   -3.353575e+01 -7.098390e+00 1.700000e+01
      vertex   -3.401895e+01 -7.077548e+00 1.700000e+01
    endloop
  endfacet
  facet normal -1.180074e-01 9.930127e-01 0.000000e+00
    outer loop
      vertex   -3.401895e+01 -7.077548e+00 1.900000e+01
      vertex   -3.401895e+01 -7.077548e+00 1.700000e+01
      vertex   -3.449922e+01 -7.134622e+00 1.900000e+01
    endloop
  endfacet
  facet normal -1.180074e-01 9.930127e-01 0.000000e+00
    outer loop
      vertex   -3.449922e+01 -7.134622e+00 1.900000e+01
      vertex   -3.401895e+01 -7.077548e+00 1.700000e+01
      vertex   -3.449922e+01 -7.134622e+00 1.700000e+01
    endloop
  endfacet
  facet normal -2.760417e-01 9.611457e-01 0.000000e+00
    outer loop
      vertex   -3.449922e+01 -7.134622e+00 1.900000e+01
      vertex   -3.449922e+01 -7.134622e+00 1.700000e+01
      vertex   -3.496407e+01 -7.268128e+00 1.900000e+01
    endloop
  endfacet
  facet normal -2.760417e-01 9.611457e-01 0.000000e+00
    outer loop
      vertex   -3.496407e+01 -7.268128e+00 1.900000e+01
      vertex   -3.449922e+01 -7.134622e+00 1.700000e+01
      vertex   -3.496407e+01 -7.268128e+00 1.700000e+01
    endloop
  endfacet
  facet normal -4.269016e-01 9.042981e-01 0.000000e+00
    outer loop
      vertex   -3.496407e+01 -7.268128e+00 1.900000e+01
      vertex   -3.496407e+01 -7.268128e+00 1.700000e+01
      vertex   -3.540143e+01 -7.474597e+00 1.900000e+01
    endloop
  endfacet
  facet normal -4.269016e-01 9.042981e-01 0.000000e+00
    outer loop
      vertex   -3.540143e+01 -7.474597e+00 1.900000e+01
      vertex   -3.496407e+01 -7.268128e+00 1.700000e+01
      vertex   -3.540143e+01 -7.474597e+00 1.700000e+01
    endloop
  endfacet
  facet normal -5.666662e-01 8.239474e-01 0.000000e+00
    outer loop
      vertex   -3.540143e+01 -7.474597e+00 1.900000e+01
      vertex   -3.540143e+01 -7.474597e+00 1.700000e+01
      vertex   -3.579993e+01 -7.748663e+00 1.900000e+01
    endloop
  endfacet
  facet normal -5.666662e-01 8.239474e-01 0.000000e+00
    outer loop
      vertex   -3.579993e+01 -7.748663e+00 1.900000e+01
      vertex   -3.540143e+01 -7.474597e+00 1.700000e+01
      vertex   -3.579993e+01 -7.748663e+00 1.700000e+01
    endloop
  endfacet
  facet normal -6.917030e-01 7.221821e-01 0.000000e+00
    outer loop
      vertex   -3.579993e+01 -7.748663e+00 1.900000e+01
      vertex   -3.579993e+01 -7.748663e+00 1.700000e+01
      vertex   -3.614921e+01 -8.083202e+00 1.900000e+01
    endloop
  endfacet
  facet normal -6.917030e-01 7.221821e-01 0.000000e+00
    outer loop
      vertex   -3.614921e+01 -8.083202e+00 1.900000e+01
      vertex   -3.579993e+01 -7.748663e+00 1.700000e+01
      vertex   -3.614921e+01 -8.083202e+00 1.700000e+01
    endloop
  endfacet
  facet normal -7.987621e-01 6.016470e-01 0.000000e+00
    outer loop
      vertex   -3.614921e+01 -8.083202e+00 1.900000e+01
      vertex   -3.614921e+01 -8.083202e+00 1.700000e+01
      vertex   -3.644019e+01 -8.469520e+00 1.900000e+01
    endloop
  endfacet
  facet normal -7.987621e-01 6.016470e-01 0.000000e+00
    outer loop
      vertex   -3.644019e+01 -8.469520e+00 1.900000e+01
      vertex   -3.614921e+01 -8.083202e+00 1.700000e+01
      vertex   -3.644019e+01 -8.469520e+00 1.700000e+01
    endloop
  endfacet
  facet normal -8.850611e-01 4.654749e-01 0.000000e+00
    outer loop
      vertex   -3.644019e+01 -8.469520e+00 1.900000e+01
      vertex   -3.644019e+01 -8.469520e+00 1.700000e+01
      vertex   -3.666532e+01 -8.897576e+00 1.900000e+01
    endloop
  endfacet
  facet normal -8.850611e-01 4.654749e-01 0.000000e+00
    outer loop
      vertex   -3.666532e+01 -8.897576e+00 1.900000e+01
      vertex   -3.644019e+01 -8.469520e+00 1.700000e+01
      vertex   -3.666532e+01 -8.897576e+00 1.700000e+01
    endloop
  endfacet
  facet normal -9.483570e-01 3.172049e-01 0.000000e+00
    outer loop
      vertex   -3.666532e+01 -8.897576e+00 1.900000e+01
      vertex   -3.666532e+01 -8.897576e+00 1.700000e+01
      vertex   -3.681873e+01 -9.356245e+00 1.900000e+01
    endloop
  endfacet
  facet normal -9.483570e-01 3.172049e-01 0.000000e+00
    outer loop
      vertex   -3.681873e+01 -9.356245e+00 1.900000e+01
      vertex   -3.666532e+01 -8.897576e+00 1.700000e+01
      vertex   -3.681873e+01 -9.356245e+00 1.700000e+01
    endloop
  endfacet
  facet normal -9.870048e-01 1.606907e-01 0.000000e+00
    outer loop
      vertex   -3.681873e+01 -9.356245e+00 1.900000e+01
      vertex   -3.681873e+01 -9.356245e+00 1.700000e+01
      vertex   -3.689645e+01 -9.833606e+00 1.900000e+01
    endloop
  endfacet
  facet normal -9.870048e-01 1.606907e-01 0.000000e+00
    outer loop
      vertex   -3.689645e+01 -9.833606e+00 1.900000e+01
      vertex   -3.681873e+01 -9.356245e+00 1.700000e+01
      vertex   -3.689645e+01 -9.833606e+00 1.700000e+01
    endloop
  endfacet
  facet normal -1.000000e+00 -0.000000e+00 -0.000000e+00
    outer loop
      vertex   -3.689645e+01 -9.833606e+00 1.900000e+01
      vertex   -3.689645e+01 -9.833606e+00 1.700000e+01
      vertex   -3.689645e+01 -1.031725e+01 1.900000e+01
    endloop
  endfacet
  facet normal -1.000000e+00 0.000000e+00 0.000000e+00
    outer loop
      vertex   -3.689645e+01 -1.031725e+01 1.900000e+01
      vertex   -3.689645e+01 -9.833606e+00 1.700000e+01
      vertex   -3.689645e+01 -1.031725e+01 1.700000e+01
    endloop
  endfacet
  facet normal -9.870048e-01 -1.606907e-01 -0.000000e+00
    outer loop
      vertex   -3.689645e+01 -1.031725e+01 1.900000e+01
      vertex   -3.689645e+01 -1.031725e+01 1.700000e+01
      vertex   -3.681873e+01 -1.079461e+01 1.900000e+01
    endloop
  endfacet
  facet normal -9.870048e-01 -1.606907e-01 -0.000000e+00
    outer loop
      vertex   -3.681873e+01 -1.079461e+01 1.900000e+01
      vertex   -3.689645e+01 -1.031725e+01 1.700000e+01
      vertex   -3.681873e+01 -1.079461e+01 1.700000e+01
    endloop
  endfacet
  facet normal -9.483570e-01 -3.172049e-01 -0.000000e+00
    outer loop
      vertex   -3.681873e+01 -1.079461e+01 1.900000e+01
      vertex   -3.681873e+01 -1.079461e+01 1.700000e+01
      vertex   -3.666532e+01 -1.125328e+01 1.900000e+01
    endloop
  endfacet
  facet normal -9.483570e-01 -3.172049e-01 -0.000000e+00
    outer loop
      vertex   -3.666532e+01 -1.125328e+01 1.900000e+01
      vertex   -3.681873e+01 -1.079461e+01 1.700000e+01
      vertex   -3.666532e+01 -1.125328e+01 1.700000e+01
    endloop
  endfacet
  facet normal -8.850611e-01 -4.654749e-01 -0.000000e+00
    outer loop
      vertex   -3.666532e+01 -1.125328e+01 1.900000e+01
      vertex   -3.666532e+01 -1.125328e+01 1.700000e+01
      vertex   -3.644019e+01 -1.168134e+01 1.900000e+01
    endloop
  endfacet
  facet normal -8.850611e-01 -4.654749e-01 -0.000000e+00
    outer loop
      vertex   -3.644019e+01 -1.168134e+01 1.900000e+01
      vertex   -3.666532e+01 -1.125328e+01 1.700000e+01
      vertex   -3.644019e+01 -1.168134e+01 1.700000e+01
    endloop
  endfacet
  facet normal -7.987621e-01 -6.016470e-01 -0.000000e+00
    outer loop
      vertex   -3.644019e+01 -1.168134e+01 1.900000e+01
      vertex   -3.644019e+01 -1.168134e+01 1.700000e+01
      vertex   -3.614921e+01 -1.206766e+01 1.900000e+01
    endloop
  endfacet
  facet normal -7.987621e-01 -6.016470e-01 -0.000000e+00
    outer loop
      vertex   -3.614921e+01 -1.206766e+01 1.900000e+01
      vertex   -3.644019e+01 -1.168134e+01 1.700000e+01
      vertex   -3.614921e+01 -1.206766e+01 1.700000e+01
    endloop
  endfacet
  facet normal -6.917030e-01 -7.221821e-01 -0.000000e+00
    outer loop
      vertex   -3.614921e+01 -1.206766e+01 1.900000e+01
      vertex   -3.614921e+01 -1.206766e+01 1.700000e+01
      vertex   -3.579993e+01 -1.240219e+01 1.900000e+01
    endloop
  endfacet
  facet normal -6.917030e-01 -7.221821e-01 -0.000000e+00
    outer loop
      vertex   -3.579993e+01 -1.240219e+01 1.900000e+01
      vertex   -3.614921e+01 -1.206766e+01 1.700000e+01
      vertex   -3.579993e+01 -1.240219e+01 1.700000e+01
    endloop
  endfacet
  facet normal -5.666662e-01 -8.239474e-01 -0.000000e+00
    outer loop
      vertex   -3.579993e+01 -1.240219e+01 1.900000e+01
      vertex   -3.579993e+01 -1.240219e+01 1.700000e+01
      vertex   -3.540143e+01 -1.267626e+01 1.900000e+01
    endloop
  endfacet
  facet normal -5.666662e-01 -8.239474e-01 -0.000000e+00
    outer loop
      vertex   -3.540143e+01 -1.267626e+01 1.900000e+01
      vertex   -3.579993e+01 -1.240219e+01 1.700000e+01
      vertex   -3.540143e+01 -1.267626e+01 1.700000e+01
    endloop
  endfacet
  facet normal -4.269016e-01 -9.042981e-01 -0.000000e+00
    outer loop
      vertex   -3.540143e+01 -1.267626e+01 1.900000e+01
      vertex   -3.540143e+01 -1.267626e+01 1.700000e+01
      vertex   -3.496407e+01 -1.288273e+01 1.900000e+01
    endloop
  endfacet
  facet normal -4.269016e-01 -9.042981e-01 -0.000000e+00
    outer loop
      vertex   -3.496407e+01 -1.288273e+01 1.900000e+01
      vertex   -3.540143e+01 -1.267626e+01 1.700000e+01
      vertex   -3.496407e+01 -1.288273e+01 1.700000e+01
    endloop
  endfacet
  facet normal -2.760417e-01 -9.611457e-01 -0.000000e+00
    outer loop
      vertex   -3.496407e+01 -1.288273e+01 1.900000e+01
      vertex   -3.496407e+01 -1.288273e+01 1.700000e+01
      vertex   -3.449922e+01 -1.301624e+01 1.900000e+01
    endloop
  endfacet
  facet normal -2.760417e-01 -9.611457e-01 -0.000000e+00
    outer loop
      vertex   -3.449922e+01 -1.301624e+01 1.900000e+01
      vertex   -3.496407e+01 -1.288273e+01 1.700000e+01
      vertex   -3.449922e+01 -1.301624e+01 1.700000e+01
    endloop
  endfacet
  facet normal -1.180074e-01 -9.930127e-01 -0.000000e+00
    outer loop
      vertex   -3.449922e+01 -1.301624e+01 1.900000e+01
      vertex   -3.449922e+01 -1.301624e+01 1.700000e+01
      vertex   -3.401895e+01 -1.307331e+01 1.900000e+01
    endloop
  endfacet
  facet normal -1.180074e-01 -9.930127e-01 -0.000000e+00
    outer loop
      vertex   -3.401895e+01 -1.307331e+01 1.900000e+01
      vertex   -3.449922e+01 -1.301624e+01 1.700000e+01
      vertex   -3.401895e+01 -1.307331e+01 1.700000e+01
    endloop
  endfacet
  facet normal 4.309404e-02 -9.990710e-01 0.000000e+00
    outer loop
      vertex   -3.401895e+01 -1.307331e+01 1.900000e+01
      vertex   -3.401895e+01 -1.307331e+01 1.700000e+01
      vertex   -3.353575e+01 -1.305247e+01 1.900000e+01
    endloop
  endfacet
  facet normal 4.309404e-02 -9.990710e-01 0.000000e+00
    outer loop
      vertex   -3.353575e+01 -1.305247e+01 1.900000e+01
      vertex   -3.401895e+01 -1.307331e+01 1.700000e+01
      vertex   -3.353575e+01 -1.305247e+01 1.700000e+01
    endloop
  endfacet
  facet normal 2.030754e-01 -9.791631e-01 0.000000e+00
    outer loop
      vertex   -3.353575e+01 -1.305247e+01 1.900000e+01
      vertex   -3.353575e+01 -1.305247e+01 1.700000e+01
      vertex   -3.306218e+01 -1.295425e+01 1.900000e+01
    endloop
  endfacet
  facet normal 2.030754e-01 -9.791631e-01 0.000000e+00
    outer loop
      vertex   -3.306218e+01 -1.295425e+01 1.900000e+01
      vertex   -3.353575e+01 -1.305247e+01 1.700000e+01
      vertex   -3.306218e+01 -1.295425e+01 1.700000e+01
    endloop
  endfacet
  facet normal 3.577788e-01 -9.338064e-01 0.000000e+00
    outer loop
      vertex   -3.306218e+01 -1.295425e+01 1.900000e+01
      vertex   -3.306218e+01 -1.295425e+01 1.700000e+01
      vertex   -3.261055e+01 -1.278121e+01 1.900000e+01
    endloop
  endfacet
  facet normal 3.577788e-01 -9.338064e-01 0.000000e+00
    outer loop
      vertex   -3.261055e+01 -1.278121e+01 1.900000e+01
      vertex   -3.306218e+01 -1.295425e+01 1.700000e+01
      vertex   -3.261055e+01 -1.278121e+01 1.700000e+01
    endloop
  endfacet
  facet normal 5.031833e-01 -8.641797e-01 0.000000e+00
    outer loop
      vertex   -3.261055e+01 -1.278121e+01 1.900000e+01
      vertex   -3.261055e+01 -1.278121e+01 1.700000e+01
      vertex   -3.219260e+01 -1.253785e+01 1.900000e+01
    endloop
  endfacet
  facet normal 5.031833e-01 -8.641797e-01 0.000000e+00
    outer loop
      vertex   -3.219260e+01 -1.253785e+01 1.900000e+01
      vertex   -3.261055e+01 -1.278121e+01 1.700000e+01
      vertex   -3.219260e+01 -1.253785e+01 1.700000e+01
    endloop
  endfacet
  facet normal 6.355100e-01 -7.720926e-01 0.000000e+00
    outer loop
      vertex   -3.219260e+01 -1.253785e+01 1.900000e+01
      vertex   -3.219260e+01 -1.253785e+01 1.700000e+01
      vertex   -3.181918e+01 -1.223049e+01 1.900000e+01
    endloop
  endfacet
  facet normal 6.355100e-01 -7.720926e-01 0.000000e+00
    outer loop
      vertex   -3.181918e+01 -1.223049e+01 1.900000e+01
      vertex   -3.219260e+01 -1.253785e+01 1.700000e+01
      vertex   -3.181918e+01 -1.223049e+01 1.700000e+01
    endloop
  endfacet
  facet normal 7.513195e-01 -6.599386e-01 0.000000e+00
    outer loop
      vertex   -3.181918e+01 -1.223049e+01 1.900000e+01
      vertex   -3.181918e+01 -1.223049e+01 1.700000e+01
      vertex   -3.150000e+01 -1.186712e+01 1.900000e+01
    endloop
  endfacet
  facet normal 7.513195e-01 -6.599386e-01 0.000000e+00
    outer loop
      vertex   -3.150000e+01 -1.186712e+01 1.900000e+01
      vertex   -3.181918e+01 -1.223049e+01 1.700000e+01
      vertex   -3.150000e+01 -1.186712e+01 1.700000e+01
    endloop
  endfacet
  facet normal -1.000000e+00 -3.934676e-16 -8.736735e-32
    outer loop
      vertex   -3.150000e+01 7.455000e-01 1.700000e+01
      vertex   -3.150000e+01 -8.283742e+00 1.700000e+01
      vertex   -3.150000e+01 7.455000e-01 1.900000e+01
    endloop
  endfacet
  facet normal -1.000000e+00 -3.934676e-16 6.989388e-31
    outer loop
      vertex   -3.150000e+01 7.455000e-01 1.900000e+01
      vertex   -3.150000e+01 -8.283742e+00 1.700000e+01
      vertex   -3.150000e+01 -8.283742e+00 1.900000e+01
    endloop
  endfacet
  facet normal -9.923307e-01 1.236115e-01 -1.372364e-17
    outer loop
      vertex   -3.146689e+01 1.190000e+00 1.900000e+01
      vertex   -3.146689e+01 1.190000e+00 1.700000e+01
      vertex   -3.148527e+01 1.042441e+00 1.900000e+01
    endloop
  endfacet
  facet normal -9.923307e-01 1.236115e-01 0.000000e+00
    outer loop
      vertex   -3.148527e+01 1.042441e+00 1.900000e+01
      vertex   -3.146689e+01 1.190000e+00 1.700000e+01
      vertex   -3.148527e+01 1.042441e+00 1.700000e+01
    endloop
  endfacet
  facet normal -9.972368e-01 7.428861e-02 0.000000e+00
    outer loop
      vertex   -3.148527e+01 1.042441e+00 1.900000e+01
      vertex   -3.148527e+01 1.042441e+00 1.700000e+01
      vertex   -3.149631e+01 8.941533e-01 1.900000e+01
    endloop
  endfacet
  facet normal -9.972368e-01 7.428861e-02 0.000000e+00
    outer loop
      vertex   -3.149631e+01 8.941533e-01 1.900000e+01
      vertex   -3.148527e+01 1.042441e+00 1.700000e+01
      vertex   -3.149631e+01 8.941533e-01 1.700000e+01
    endloop
  endfacet
  facet normal -9.996929e-01 2.478317e-02 0.000000e+00
    outer loop
      vertex   -3.149631e+01 8.941533e-01 1.900000e+01
      vertex   -3.149631e+01 8.941533e-01 1.700000e+01
      vertex   -3.150000e+01 7.455000e-01 1.900000e+01
    endloop
  endfacet
  facet normal -9.996929e-01 2.478317e-02 5.502968e-18
    outer loop
      vertex   -3.150000e+01 7.455000e-01 1.900000e+01
      vertex   -3.149631e+01 8.941533e-01 1.700000e+01
      vertex   -3.150000e+01 7.455000e-01 1.700000e+01
    endloop
  endfacet
  facet normal -9.996929e-01 -2.478317e-02 5.502968e-18
    outer loop
      vertex   -3.150000e+01 1.634500e+00 1.900000e+01
      vertex   -3.150000e+01 1.634500e+00 1.700000e+01
      vertex   -3.149631e+01 1.485847e+00 1.900000e+01
    endloop
  endfacet
  facet normal -9.996929e-01 -2.478317e-02 -0.000000e+00
    outer loop
      vertex   -3.149631e+01 1.485847e+00 1.900000e+01
      vertex   -3.150000e+01 1.634500e+00 1.700000e+01
      vertex   -3.149631e+01 1.485847e+00 1.700000e+01
    endloop
  endfacet
  facet normal -9.972368e-01 -7.428861e-02 -0.000000e+00
    outer loop
      vertex   -3.149631e+01 1.485847e+00 1.900000e+01
      vertex   -3.149631e+01 1.485847e+00 1.700000e+01
      vertex   -3.148527e+01 1.337559e+00 1.900000e+01
    endloop
  endfacet
  facet normal -9.972368e-01 -7.428861e-02 -0.000000e+00
    outer loop
      vertex   -3.148527e+01 1.337559e+00 1.900000e+01
      vertex   -3.149631e+01 1.485847e+00 1.700000e+01
      vertex   -3.148527e+01 1.337559e+00 1.700000e+01
    endloop
  endfacet
  facet normal -9.923307e-01 -1.236115e-01 -0.000000e+00
    outer loop
      vertex   -3.148527e+01 1.337559e+00 1.900000e+01
      vertex   -3.148527e+01 1.337559e+00 1.700000e+01
      vertex   -3.146689e+01 1.190000e+00 1.900000e+01
    endloop
  endfacet
  facet normal -9.923307e-01 -1.236115e-01 1.372364e-17
    outer loop
      vertex   -3.146689e+01 1.190000e+00 1.900000e+01
      vertex   -3.148527e+01 1.337559e+00 1.700000e+01
      vertex   -3.146689e+01 1.190000e+00 1.700000e+01
    endloop
  endfacet
  facet normal -1.000000e+00 2.151856e-15 -4.778079e-31
    outer loop
      vertex   -3.150000e+01 3.285500e+00 1.700000e+01
      vertex   -3.150000e+01 1.634500e+00 1.700000e+01
      vertex   -3.150000e+01 3.285500e+00 1.900000e+01
    endloop
  endfacet
  facet normal -1.000000e+00 2.151856e-15 -4.778079e-31
    outer loop
      vertex   -3.150000e+01 3.285500e+00 1.900000e+01
      vertex   -3.150000e+01 1.634500e+00 1.700000e+01
      vertex   -3.150000e+01 1.634500e+00 1.900000e+01
    endloop
  endfacet
  facet normal -9.923307e-01 1.236115e-01 5.489455e-17
    outer loop
      vertex   -3.146689e+01 3.730000e+00 1.900000e+01
      vertex   -3.146689e+01 3.730000e+00 1.700000e+01
      vertex   -3.148527e+01 3.582441e+00 1.900000e+01
    endloop
  endfacet
  facet normal -9.923307e-01 1.236115e-01 0.000000e+00
    outer loop
      vertex   -3.148527e+01 3.582441e+00 1.900000e+01
      vertex   -3.146689e+01 3.730000e+00 1.700000e+01
      vertex   -3.148527e+01 3.582441e+00 1.700000e+01
    endloop
  endfacet
  facet normal -9.972368e-01 7.428861e-02 0.000000e+00
    outer loop
      vertex   -3.148527e+01 3.582441e+00 1.900000e+01
      vertex   -3.148527e+01 3.582441e+00 1.700000e+01
      vertex   -3.149631e+01 3.434153e+00 1.900000e+01
    endloop
  endfacet
  facet normal -9.972368e-01 7.428861e-02 0.000000e+00
    outer loop
      vertex   -3.149631e+01 3.434153e+00 1.900000e+01
      vertex   -3.148527e+01 3.582441e+00 1.700000e+01
      vertex   -3.149631e+01 3.434153e+00 1.700000e+01
    endloop
  endfacet
  facet normal -9.996929e-01 2.478317e-02 0.000000e+00
    outer loop
      vertex   -3.149631e+01 3.434153e+00 1.900000e+01
      vertex   -3.149631e+01 3.434153e+00 1.700000e+01
      vertex   -3.150000e+01 3.285500e+00 1.900000e+01
    endloop
  endfacet
  facet normal -9.996929e-01 2.478317e-02 -5.502968e-18
    outer loop
      vertex   -3.150000e+01 3.285500e+00 1.900000e+01
      vertex   -3.149631e+01 3.434153e+00 1.700000e+01
      vertex   -3.150000e+01 3.285500e+00 1.700000e+01
    endloop
  endfacet
  facet normal -9.996929e-01 -2.478317e-02 -1.100594e-17
    outer loop
      vertex   -3.150000e+01 4.174500e+00 1.900000e+01
      vertex   -3.150000e+01 4.174500e+00 1.700000e+01
      vertex   -3.149631e+01 4.025847e+00 1.900000e+01
    endloop
  endfacet
  facet normal -9.996929e-01 -2.478317e-02 -0.000000e+00
    outer loop
      vertex   -3.149631e+01 4.025847e+00 1.900000e+01
      vertex   -3.150000e+01 4.174500e+00 1.700000e+01
      vertex   -3.149631e+01 4.025847e+00 1.700000e+01
    endloop
  endfacet
  facet normal -9.972368e-01 -7.428861e-02 -0.000000e+00
    outer loop
      vertex   -3.149631e+01 4.025847e+00 1.900000e+01
      vertex   -3.149631e+01 4.025847e+00 1.700000e+01
      vertex   -3.148527e+01 3.877559e+00 1.900000e+01
    endloop
  endfacet
  facet normal -9.972368e-01 -7.428861e-02 -0.000000e+00
    outer loop
      vertex   -3.148527e+01 3.877559e+00 1.900000e+01
      vertex   -3.149631e+01 4.025847e+00 1.700000e+01
      vertex   -3.148527e+01 3.877559e+00 1.700000e+01
    endloop
  endfacet
  facet normal -9.923307e-01 -1.236115e-01 -0.000000e+00
    outer loop
      vertex   -3.148527e+01 3.877559e+00 1.900000e+01
      vertex   -3.148527e+01 3.877559e+00 1.700000e+01
      vertex   -3.146689e+01 3.730000e+00 1.900000e+01
    endloop
  endfacet
  facet normal -9.923307e-01 -1.236115e-01 -5.489455e-17
    outer loop
      vertex   -3.146689e+01 3.730000e+00 1.900000e+01
      vertex   -3.148527e+01 3.877559e+00 1.700000e+01
      vertex   -3.146689e+01 3.730000e+00 1.700000e+01
    endloop
  endfacet
  facet normal -1.000000e+00 -4.303711e-15 0.000000e+00
    outer loop
      vertex   -3.150000e+01 5.825500e+00 1.700000e+01
      vertex   -3.150000e+01 4.174500e+00 1.700000e+01
      vertex   -3.150000e+01 5.825500e+00 1.900000e+01
    endloop
  endfacet
  facet normal -1.000000e+00 -4.303711e-15 -1.911232e-30
    outer loop
      vertex   -3.150000e+01 5.825500e+00 1.900000e+01
      vertex   -3.150000e+01 4.174500e+00 1.700000e+01
      vertex   -3.150000e+01 4.174500e+00 1.900000e+01
    endloop
  endfacet
  facet normal -9.923307e-01 1.236115e-01 0.000000e+00
    outer loop
      vertex   -3.146689e+01 6.270000e+00 1.900000e+01
      vertex   -3.146689e+01 6.270000e+00 1.700000e+01
      vertex   -3.148527e+01 6.122441e+00 1.900000e+01
    endloop
  endfacet
  facet normal -9.923307e-01 1.236115e-01 0.000000e+00
    outer loop
      vertex   -3.148527e+01 6.122441e+00 1.900000e+01
      vertex   -3.146689e+01 6.270000e+00 1.700000e+01
      vertex   -3.148527e+01 6.122441e+00 1.700000e+01
    endloop
  endfacet
  facet normal -9.972368e-01 7.428861e-02 0.000000e+00
    outer loop
      vertex   -3.148527e+01 6.122441e+00 1.900000e+01
      vertex   -3.148527e+01 6.122441e+00 1.700000e+01
      vertex   -3.149631e+01 5.974153e+00 1.900000e+01
    endloop
  endfacet
  facet normal -9.972368e-01 7.428861e-02 0.000000e+00
    outer loop
      vertex   -3.149631e+01 5.974153e+00 1.900000e+01
      vertex   -3.148527e+01 6.122441e+00 1.700000e+01
      vertex   -3.149631e+01 5.974153e+00 1.700000e+01
    endloop
  endfacet
  facet normal -9.996929e-01 2.478317e-02 0.000000e+00
    outer loop
      vertex   -3.149631e+01 5.974153e+00 1.900000e+01
      vertex   -3.149631e+01 5.974153e+00 1.700000e+01
      vertex   -3.150000e+01 5.825500e+00 1.900000e+01
    endloop
  endfacet
  facet normal -9.996929e-01 2.478317e-02 0.000000e+00
    outer loop
      vertex   -3.150000e+01 5.825500e+00 1.900000e+01
      vertex   -3.149631e+01 5.974153e+00 1.700000e+01
      vertex   -3.150000e+01 5.825500e+00 1.700000e+01
    endloop
  endfacet
  facet normal -9.996929e-01 -2.478317e-02 -1.100594e-17
    outer loop
      vertex   -3.150000e+01 6.714500e+00 1.900000e+01
      vertex   -3.150000e+01 6.714500e+00 1.700000e+01
      vertex   -3.149631e+01 6.565847e+00 1.900000e+01
    endloop
  endfacet
  facet normal -9.996929e-01 -2.478317e-02 -0.000000e+00
    outer loop
      vertex   -3.149631e+01 6.565847e+00 1.900000e+01
      vertex   -3.150000e+01 6.714500e+00 1.700000e+01
      vertex   -3.149631e+01 6.565847e+00 1.700000e+01
    endloop
  endfacet
  facet normal -9.972368e-01 -7.428861e-02 -0.000000e+00
    outer loop
      vertex   -3.149631e+01 6.565847e+00 1.900000e+01
      vertex   -3.149631e+01 6.565847e+00 1.700000e+01
      vertex   -3.148527e+01 6.417559e+00 1.900000e+01
    endloop
  endfacet
  facet normal -9.972368e-01 -7.428861e-02 -0.000000e+00
    outer loop
      vertex   -3.148527e+01 6.417559e+00 1.900000e+01
      vertex   -3.149631e+01 6.565847e+00 1.700000e+01
      vertex   -3.148527e+01 6.417559e+00 1.700000e+01
    endloop
  endfacet
  facet normal -9.923307e-01 -1.236115e-01 -0.000000e+00
    outer loop
      vertex   -3.148527e+01 6.417559e+00 1.900000e+01
      vertex   -3.148527e+01 6.417559e+00 1.700000e+01
      vertex   -3.146689e+01 6.270000e+00 1.900000e+01
    endloop
  endfacet
  facet normal -9.923307e-01 -1.236115e-01 -0.000000e+00
    outer loop
      vertex   -3.146689e+01 6.270000e+00 1.900000e+01
      vertex   -3.148527e+01 6.417559e+00 1.700000e+01
      vertex   -3.146689e+01 6.270000e+00 1.700000e+01
    endloop
  endfacet
  facet normal -1.000000e+00 0.000000e+00 0.000000e+00
    outer loop
      vertex   -3.150000e+01 8.365500e+00 1.700000e+01
      vertex   -3.150000e+01 6.714500e+00 1.700000e+01
      vertex   -3.150000e+01 8.365500e+00 1.900000e+01
    endloop
  endfacet
  facet normal -1.000000e+00 -0.000000e+00 0.000000e+00
    outer loop
      vertex   -3.150000e+01 8.365500e+00 1.900000e+01
      vertex   -3.150000e+01 6.714500e+00 1.700000e+01
      vertex   -3.150000e+01 6.714500e+00 1.900000e+01
    endloop
  endfacet
  facet normal -9.923307e-01 1.236115e-01 0.000000e+00
    outer loop
      vertex   -3.146689e+01 8.810000e+00 1.900000e+01
      vertex   -3.146689e+01 8.810000e+00 1.700000e+01
      vertex   -3.148527e+01 8.662441e+00 1.900000e+01
    endloop
  endfacet
  facet normal -9.923307e-01 1.236115e-01 0.000000e+00
    outer loop
      vertex   -3.148527e+01 8.662441e+00 1.900000e+01
      vertex   -3.146689e+01 8.810000e+00 1.700000e+01
      vertex   -3.148527e+01 8.662441e+00 1.700000e+01
    endloop
  endfacet
  facet normal -9.972368e-01 7.428861e-02 0.000000e+00
    outer loop
      vertex   -3.148527e+01 8.662441e+00 1.900000e+01
      vertex   -3.148527e+01 8.662441e+00 1.700000e+01
      vertex   -3.149631e+01 8.514153e+00 1.900000e+01
    endloop
  endfacet
  facet normal -9.972368e-01 7.428861e-02 0.000000e+00
    outer loop
      vertex   -3.149631e+01 8.514153e+00 1.900000e+01
      vertex   -3.148527e+01 8.662441e+00 1.700000e+01
      vertex   -3.149631e+01 8.514153e+00 1.700000e+01
    endloop
  endfacet
  facet normal -9.996929e-01 2.478317e-02 0.000000e+00
    outer loop
      vertex   -3.149631e+01 8.514153e+00 1.900000e+01
      vertex   -3.149631e+01 8.514153e+00 1.700000e+01
      vertex   -3.150000e+01 8.365500e+00 1.900000e+01
    endloop
  endfacet
  facet normal -9.996929e-01 2.478317e-02 0.000000e+00
    outer loop
      vertex   -3.150000e+01 8.365500e+00 1.900000e+01
      vertex   -3.149631e+01 8.514153e+00 1.700000e+01
      vertex   -3.150000e+01 8.365500e+00 1.700000e+01
    endloop
  endfacet
  facet normal -9.996929e-01 -2.478317e-02 -0.000000e+00
    outer loop
      vertex   -3.150000e+01 9.254500e+00 1.900000e+01
      vertex   -3.150000e+01 9.254500e+00 1.700000e+01
      vertex   -3.149631e+01 9.105847e+00 1.900000e+01
    endloop
  endfacet
  facet normal -9.996929e-01 -2.478317e-02 -0.000000e+00
    outer loop
      vertex   -3.149631e+01 9.105847e+00 1.900000e+01
      vertex   -3.150000e+01 9.254500e+00 1.700000e+01
      vertex   -3.149631e+01 9.105847e+00 1.700000e+01
    endloop
  endfacet
  facet normal -9.972368e-01 -7.428861e-02 -0.000000e+00
    outer loop
      vertex   -3.149631e+01 9.105847e+00 1.900000e+01
      vertex   -3.149631e+01 9.105847e+00 1.700000e+01
      vertex   -3.148527e+01 8.957559e+00 1.900000e+01
    endloop
  endfacet
  facet normal -9.972368e-01 -7.428861e-02 -0.000000e+00
    outer loop
      vertex   -3.148527e+01 8.957559e+00 1.900000e+01
      vertex   -3.149631e+01 9.105847e+00 1.700000e+01
      vertex   -3.148527e+01 8.957559e+00 1.700000e+01
    endloop
  endfacet
  facet normal -9.923307e-01 -1.236115e-01 -0.000000e+00
    outer loop
      vertex   -3.148527e+01 8.957559e+00 1.900000e+01
      vertex   -3.148527e+01 8.957559e+00 1.700000e+01
      vertex   -3.146689e+01 8.810000e+00 1.900000e+01
    endloop
  endfacet
  facet normal -9.923307e-01 -1.236115e-01 -0.000000e+00
    outer loop
      vertex   -3.146689e+01 8.810000e+00 1.900000e+01
      vertex   -3.148527e+01 8.957559e+00 1.700000e+01
      vertex   -3.146689e+01 8.810000e+00 1.700000e+01
    endloop
  endfacet
  facet normal -1.000000e+00 2.151856e-15 -1.911232e-30
    outer loop
      vertex   -3.150000e+01 1.090550e+01 1.700000e+01
      vertex   -3.150000e+01 9.254500e+00 1.700000e+01
      vertex   -3.150000e+01 1.090550e+01 1.900000e+01
    endloop
  endfacet
  facet normal -1.000000e+00 2.151856e-15 0.000000e+00
    outer loop
      vertex   -3.150000e+01 1.090550e+01 1.900000e+01
      vertex   -3.150000e+01 9.254500e+00 1.700000e+01
      vertex   -3.150000e+01 9.254500e+00 1.900000e+01
    endloop
  endfacet
  facet normal -9.923307e-01 1.236115e-01 0.000000e+00
    outer loop
      vertex   -3.146689e+01 1.135000e+01 1.900000e+01
      vertex   -3.146689e+01 1.135000e+01 1.700000e+01
      vertex   -3.148527e+01 1.120244e+01 1.900000e+01
    endloop
  endfacet
  facet normal -9.923307e-01 1.236115e-01 0.000000e+00
    outer loop
      vertex   -3.148527e+01 1.120244e+01 1.900000e+01
      vertex   -3.146689e+01 1.135000e+01 1.700000e+01
      vertex   -3.148527e+01 1.120244e+01 1.700000e+01
    endloop
  endfacet
  facet normal -9.972368e-01 7.428861e-02 0.000000e+00
    outer loop
      vertex   -3.148527e+01 1.120244e+01 1.900000e+01
      vertex   -3.148527e+01 1.120244e+01 1.700000e+01
      vertex   -3.149631e+01 1.105415e+01 1.900000e+01
    endloop
  endfacet
  facet normal -9.972368e-01 7.428861e-02 0.000000e+00
    outer loop
      vertex   -3.149631e+01 1.105415e+01 1.900000e+01
      vertex   -3.148527e+01 1.120244e+01 1.700000e+01
      vertex   -3.149631e+01 1.105415e+01 1.700000e+01
    endloop
  endfacet
  facet normal -9.996929e-01 2.478317e-02 0.000000e+00
    outer loop
      vertex   -3.149631e+01 1.105415e+01 1.900000e+01
      vertex   -3.149631e+01 1.105415e+01 1.700000e+01
      vertex   -3.150000e+01 1.090550e+01 1.900000e+01
    endloop
  endfacet
  facet normal -9.996929e-01 2.478317e-02 -2.201187e-17
    outer loop
      vertex   -3.150000e+01 1.090550e+01 1.900000e+01
      vertex   -3.149631e+01 1.105415e+01 1.700000e+01
      vertex   -3.150000e+01 1.090550e+01 1.700000e+01
    endloop
  endfacet
  facet normal -9.996929e-01 -2.478317e-02 -0.000000e+00
    outer loop
      vertex   -3.150000e+01 1.179450e+01 1.900000e+01
      vertex   -3.150000e+01 1.179450e+01 1.700000e+01
      vertex   -3.149631e+01 1.164585e+01 1.900000e+01
    endloop
  endfacet
  facet normal -9.996929e-01 -2.478317e-02 -0.000000e+00
    outer loop
      vertex   -3.149631e+01 1.164585e+01 1.900000e+01
      vertex   -3.150000e+01 1.179450e+01 1.700000e+01
      vertex   -3.149631e+01 1.164585e+01 1.700000e+01
    endloop
  endfacet
  facet normal -9.972368e-01 -7.428861e-02 -0.000000e+00
    outer loop
      vertex   -3.149631e+01 1.164585e+01 1.900000e+01
      vertex   -3.149631e+01 1.164585e+01 1.700000e+01
      vertex   -3.148527e+01 1.149756e+01 1.900000e+01
    endloop
  endfacet
  facet normal -9.972368e-01 -7.428861e-02 -0.000000e+00
    outer loop
      vertex   -3.148527e+01 1.149756e+01 1.900000e+01
      vertex   -3.149631e+01 1.164585e+01 1.700000e+01
      vertex   -3.148527e+01 1.149756e+01 1.700000e+01
    endloop
  endfacet
  facet normal -9.923307e-01 -1.236115e-01 -0.000000e+00
    outer loop
      vertex   -3.148527e+01 1.149756e+01 1.900000e+01
      vertex   -3.148527e+01 1.149756e+01 1.700000e+01
      vertex   -3.146689e+01 1.135000e+01 1.900000e+01
    endloop
  endfacet
  facet normal -9.923307e-01 -1.236115e-01 -0.000000e+00
    outer loop
      vertex   -3.146689e+01 1.135000e+01 1.900000e+01
      vertex   -3.148527e+01 1.149756e+01 1.700000e+01
      vertex   -3.146689e+01 1.135000e+01 1.700000e+01
    endloop
  endfacet
  facet normal -1.000000e+00 0.000000e+00 0.000000e+00
    outer loop
      vertex   -3.150000e+01 1.344550e+01 1.700000e+01
      vertex   -3.150000e+01 1.179450e+01 1.700000e+01
      vertex   -3.150000e+01 1.344550e+01 1.900000e+01
    endloop
  endfacet
  facet normal -1.000000e+00 -0.000000e+00 0.000000e+00
    outer loop
      vertex   -3.150000e+01 1.344550e+01 1.900000e+01
      vertex   -3.150000e+01 1.179450e+01 1.700000e+01
      vertex   -3.150000e+01 1.179450e+01 1.900000e+01
    endloop
  endfacet
  facet normal -9.923307e-01 1.236115e-01 0.000000e+00
    outer loop
      vertex   -3.146689e+01 1.389000e+01 1.900000e+01
      vertex   -3.146689e+01 1.389000e+01 1.700000e+01
      vertex   -3.148527e+01 1.374244e+01 1.900000e+01
    endloop
  endfacet
  facet normal -9.923307e-01 1.236115e-01 0.000000e+00
    outer loop
      vertex   -3.148527e+01 1.374244e+01 1.900000e+01
      vertex   -3.146689e+01 1.389000e+01 1.700000e+01
      vertex   -3.148527e+01 1.374244e+01 1.700000e+01
    endloop
  endfacet
  facet normal -9.972368e-01 7.428861e-02 0.000000e+00
    outer loop
      vertex   -3.148527e+01 1.374244e+01 1.900000e+01
      vertex   -3.148527e+01 1.374244e+01 1.700000e+01
      vertex   -3.149631e+01 1.359415e+01 1.900000e+01
    endloop
  endfacet
  facet normal -9.972368e-01 7.428861e-02 0.000000e+00
    outer loop
      vertex   -3.149631e+01 1.359415e+01 1.900000e+01
      vertex   -3.148527e+01 1.374244e+01 1.700000e+01
      vertex   -3.149631e+01 1.359415e+01 1.700000e+01
    endloop
  endfacet
  facet normal -9.996929e-01 2.478317e-02 0.000000e+00
    outer loop
      vertex   -3.149631e+01 1.359415e+01 1.900000e+01
      vertex   -3.149631e+01 1.359415e+01 1.700000e+01
      vertex   -3.150000e+01 1.344550e+01 1.900000e+01
    endloop
  endfacet
  facet normal -9.996929e-01 2.478317e-02 0.000000e+00
    outer loop
      vertex   -3.150000e+01 1.344550e+01 1.900000e+01
      vertex   -3.149631e+01 1.359415e+01 1.700000e+01
      vertex   -3.150000e+01 1.344550e+01 1.700000e+01
    endloop
  endfacet
  facet normal -9.996929e-01 -2.478317e-02 -0.000000e+00
    outer loop
      vertex   -3.150000e+01 1.433450e+01 1.900000e+01
      vertex   -3.150000e+01 1.433450e+01 1.700000e+01
      vertex   -3.149631e+01 1.418585e+01 1.900000e+01
    endloop
  endfacet
  facet normal -9.996929e-01 -2.478317e-02 -0.000000e+00
    outer loop
      vertex   -3.149631e+01 1.418585e+01 1.900000e+01
      vertex   -3.150000e+01 1.433450e+01 1.700000e+01
      vertex   -3.149631e+01 1.418585e+01 1.700000e+01
    endloop
  endfacet
  facet normal -9.972368e-01 -7.428861e-02 -0.000000e+00
    outer loop
      vertex   -3.149631e+01 1.418585e+01 1.900000e+01
      vertex   -3.149631e+01 1.418585e+01 1.700000e+01
      vertex   -3.148527e+01 1.403756e+01 1.900000e+01
    endloop
  endfacet
  facet normal -9.972368e-01 -7.428861e-02 -0.000000e+00
    outer loop
      vertex   -3.148527e+01 1.403756e+01 1.900000e+01
      vertex   -3.149631e+01 1.418585e+01 1.700000e+01
      vertex   -3.148527e+01 1.403756e+01 1.700000e+01
    endloop
  endfacet
  facet normal -9.923307e-01 -1.236115e-01 -0.000000e+00
    outer loop
      vertex   -3.148527e+01 1.403756e+01 1.900000e+01
      vertex   -3.148527e+01 1.403756e+01 1.700000e+01
      vertex   -3.146689e+01 1.389000e+01 1.900000e+01
    endloop
  endfacet
  facet normal -9.923307e-01 -1.236115e-01 -0.000000e+00
    outer loop
      vertex   -3.146689e+01 1.389000e+01 1.900000e+01
      vertex   -3.148527e+01 1.403756e+01 1.700000e+01
      vertex   -3.146689e+01 1.389000e+01 1.700000e+01
    endloop
  endfacet
  facet normal -1.000000e+00 0.000000e+00 0.000000e+00
    outer loop
      vertex   -3.150000e+01 1.598550e+01 1.700000e+01
      vertex   -3.150000e+01 1.433450e+01 1.700000e+01
      vertex   -3.150000e+01 1.598550e+01 1.900000e+01
    endloop
  endfacet
  facet normal -1.000000e+00 -0.000000e+00 0.000000e+00
    outer loop
      vertex   -3.150000e+01 1.598550e+01 1.900000e+01
      vertex   -3.150000e+01 1.433450e+01 1.700000e+01
      vertex   -3.150000e+01 1.433450e+01 1.900000e+01
    endloop
  endfacet
  facet normal -9.923307e-01 1.236115e-01 0.000000e+00
    outer loop
      vertex   -3.146689e+01 1.643000e+01 1.900000e+01
      vertex   -3.146689e+01 1.643000e+01 1.700000e+01
      vertex   -3.148527e+01 1.628244e+01 1.900000e+01
    endloop
  endfacet
  facet normal -9.923307e-01 1.236115e-01 0.000000e+00
    outer loop
      vertex   -3.148527e+01 1.628244e+01 1.900000e+01
      vertex   -3.146689e+01 1.643000e+01 1.700000e+01
      vertex   -3.148527e+01 1.628244e+01 1.700000e+01
    endloop
  endfacet
  facet normal -9.972368e-01 7.428861e-02 0.000000e+00
    outer loop
      vertex   -3.148527e+01 1.628244e+01 1.900000e+01
      vertex   -3.148527e+01 1.628244e+01 1.700000e+01
      vertex   -3.149631e+01 1.613415e+01 1.900000e+01
    endloop
  endfacet
  facet normal -9.972368e-01 7.428861e-02 0.000000e+00
    outer loop
      vertex   -3.149631e+01 1.613415e+01 1.900000e+01
      vertex   -3.148527e+01 1.628244e+01 1.700000e+01
      vertex   -3.149631e+01 1.613415e+01 1.700000e+01
    endloop
  endfacet
  facet normal -9.996929e-01 2.478317e-02 0.000000e+00
    outer loop
      vertex   -3.149631e+01 1.613415e+01 1.900000e+01
      vertex   -3.149631e+01 1.613415e+01 1.700000e+01
      vertex   -3.150000e+01 1.598550e+01 1.900000e+01
    endloop
  endfacet
  facet normal -9.996929e-01 2.478317e-02 0.000000e+00
    outer loop
      vertex   -3.150000e+01 1.598550e+01 1.900000e+01
      vertex   -3.149631e+01 1.613415e+01 1.700000e+01
      vertex   -3.150000e+01 1.598550e+01 1.700000e+01
    endloop
  endfacet
  facet normal -9.996929e-01 -2.478317e-02 -0.000000e+00
    outer loop
      vertex   -3.150000e+01 1.687450e+01 1.900000e+01
      vertex   -3.150000e+01 1.687450e+01 1.700000e+01
      vertex   -3.149631e+01 1.672585e+01 1.900000e+01
    endloop
  endfacet
  facet normal -9.996929e-01 -2.478317e-02 -0.000000e+00
    outer loop
      vertex   -3.149631e+01 1.672585e+01 1.900000e+01
      vertex   -3.150000e+01 1.687450e+01 1.700000e+01
      vertex   -3.149631e+01 1.672585e+01 1.700000e+01
    endloop
  endfacet
  facet normal -9.972368e-01 -7.428861e-02 -0.000000e+00
    outer loop
      vertex   -3.149631e+01 1.672585e+01 1.900000e+01
      vertex   -3.149631e+01 1.672585e+01 1.700000e+01
      vertex   -3.148527e+01 1.657756e+01 1.900000e+01
    endloop
  endfacet
  facet normal -9.972368e-01 -7.428861e-02 -0.000000e+00
    outer loop
      vertex   -3.148527e+01 1.657756e+01 1.900000e+01
      vertex   -3.149631e+01 1.672585e+01 1.700000e+01
      vertex   -3.148527e+01 1.657756e+01 1.700000e+01
    endloop
  endfacet
  facet normal -9.923307e-01 -1.236115e-01 -0.000000e+00
    outer loop
      vertex   -3.148527e+01 1.657756e+01 1.900000e+01
      vertex   -3.148527e+01 1.657756e+01 1.700000e+01
      vertex   -3.146689e+01 1.643000e+01 1.900000e+01
    endloop
  endfacet
  facet normal -9.923307e-01 -1.236115e-01 -0.000000e+00
    outer loop
      vertex   -3.146689e+01 1.643000e+01 1.900000e+01
      vertex   -3.148527e+01 1.657756e+01 1.700000e+01
      vertex   -3.146689e+01 1.643000e+01 1.700000e+01
    endloop
  endfacet
  facet normal -1.000000e+00 0.000000e+00 0.000000e+00
    outer loop
      vertex   -3.150000e+01 1.852550e+01 1.700000e+01
      vertex   -3.150000e+01 1.687450e+01 1.700000e+01
      vertex   -3.150000e+01 1.852550e+01 1.900000e+01
    endloop
  endfacet
  facet normal -1.000000e+00 -0.000000e+00 0.000000e+00
    outer loop
      vertex   -3.150000e+01 1.852550e+01 1.900000e+01
      vertex   -3.150000e+01 1.687450e+01 1.700000e+01
      vertex   -3.150000e+01 1.687450e+01 1.900000e+01
    endloop
  endfacet
  facet normal -9.923307e-01 1.236115e-01 0.000000e+00
    outer loop
      vertex   -3.146689e+01 1.897000e+01 1.900000e+01
      vertex   -3.146689e+01 1.897000e+01 1.700000e+01
      vertex   -3.148527e+01 1.882244e+01 1.900000e+01
    endloop
  endfacet
  facet normal -9.923307e-01 1.236115e-01 0.000000e+00
    outer loop
      vertex   -3.148527e+01 1.882244e+01 1.900000e+01
      vertex   -3.146689e+01 1.897000e+01 1.700000e+01
      vertex   -3.148527e+01 1.882244e+01 1.700000e+01
    endloop
  endfacet
  facet normal -9.972368e-01 7.428861e-02 0.000000e+00
    outer loop
      vertex   -3.148527e+01 1.882244e+01 1.900000e+01
      vertex   -3.148527e+01 1.882244e+01 1.700000e+01
      vertex   -3.149631e+01 1.867415e+01 1.900000e+01
    endloop
  endfacet
  facet normal -9.972368e-01 7.428861e-02 0.000000e+00
    outer loop
      vertex   -3.149631e+01 1.867415e+01 1.900000e+01
      vertex   -3.148527e+01 1.882244e+01 1.700000e+01
      vertex   -3.149631e+01 1.867415e+01 1.700000e+01
    endloop
  endfacet
  facet normal -9.996929e-01 2.478317e-02 0.000000e+00
    outer loop
      vertex   -3.149631e+01 1.867415e+01 1.900000e+01
      vertex   -3.149631e+01 1.867415e+01 1.700000e+01
      vertex   -3.150000e+01 1.852550e+01 1.900000e+01
    endloop
  endfacet
  facet normal -9.996929e-01 2.478317e-02 0.000000e+00
    outer loop
      vertex   -3.150000e+01 1.852550e+01 1.900000e+01
      vertex   -3.149631e+01 1.867415e+01 1.700000e+01
      vertex   -3.150000e+01 1.852550e+01 1.700000e+01
    endloop
  endfacet
  facet normal -9.996929e-01 -2.478317e-02 -0.000000e+00
    outer loop
      vertex   -3.150000e+01 1.941450e+01 1.900000e+01
      vertex   -3.150000e+01 1.941450e+01 1.700000e+01
      vertex   -3.149631e+01 1.926585e+01 1.900000e+01
    endloop
  endfacet
  facet normal -9.996929e-01 -2.478317e-02 -0.000000e+00
    outer loop
      vertex   -3.149631e+01 1.926585e+01 1.900000e+01
      vertex   -3.150000e+01 1.941450e+01 1.700000e+01
      vertex   -3.149631e+01 1.926585e+01 1.700000e+01
    endloop
  endfacet
  facet normal -9.972368e-01 -7.428861e-02 -0.000000e+00
    outer loop
      vertex   -3.149631e+01 1.926585e+01 1.900000e+01
      vertex   -3.149631e+01 1.926585e+01 1.700000e+01
      vertex   -3.148527e+01 1.911756e+01 1.900000e+01
    endloop
  endfacet
  facet normal -9.972368e-01 -7.428861e-02 -0.000000e+00
    outer loop
      vertex   -3.148527e+01 1.911756e+01 1.900000e+01
      vertex   -3.149631e+01 1.926585e+01 1.700000e+01
      vertex   -3.148527e+01 1.911756e+01 1.700000e+01
    endloop
  endfacet
  facet normal -9.923307e-01 -1.236115e-01 -0.000000e+00
    outer loop
      vertex   -3.148527e+01 1.911756e+01 1.900000e+01
      vertex   -3.148527e+01 1.911756e+01 1.700000e+01
      vertex   -3.146689e+01 1.897000e+01 1.900000e+01
    endloop
  endfacet
  facet normal -9.923307e-01 -1.236115e-01 -0.000000e+00
    outer loop
      vertex   -3.146689e+01 1.897000e+01 1.900000e+01
      vertex   -3.148527e+01 1.911756e+01 1.700000e+01
      vertex   -3.146689e+01 1.897000e+01 1.700000e+01
    endloop
  endfacet
  facet normal -1.000000e+00 0.000000e+00 0.000000e+00
    outer loop
      vertex   -3.150000e+01 2.106550e+01 1.700000e+01
      vertex   -3.150000e+01 1.941450e+01 1.700000e+01
      vertex   -3.150000e+01 2.106550e+01 1.900000e+01
    endloop
  endfacet
  facet normal -1.000000e+00 -0.000000e+00 0.000000e+00
    outer loop
      vertex   -3.150000e+01 2.106550e+01 1.900000e+01
      vertex   -3.150000e+01 1.941450e+01 1.700000e+01
      vertex   -3.150000e+01 1.941450e+01 1.900000e+01
    endloop
  endfacet
  facet normal -9.923307e-01 1.236115e-01 0.000000e+00
    outer loop
      vertex   -3.146689e+01 2.151000e+01 1.900000e+01
      vertex   -3.146689e+01 2.151000e+01 1.700000e+01
      vertex   -3.148527e+01 2.136244e+01 1.900000e+01
    endloop
  endfacet
  facet normal -9.923307e-01 1.236115e-01 0.000000e+00
    outer loop
      vertex   -3.148527e+01 2.136244e+01 1.900000e+01
      vertex   -3.146689e+01 2.151000e+01 1.700000e+01
      vertex   -3.148527e+01 2.136244e+01 1.700000e+01
    endloop
  endfacet
  facet normal -9.972368e-01 7.428861e-02 0.000000e+00
    outer loop
      vertex   -3.148527e+01 2.136244e+01 1.900000e+01
      vertex   -3.148527e+01 2.136244e+01 1.700000e+01
      vertex   -3.149631e+01 2.121415e+01 1.900000e+01
    endloop
  endfacet
  facet normal -9.972368e-01 7.428861e-02 0.000000e+00
    outer loop
      vertex   -3.149631e+01 2.121415e+01 1.900000e+01
      vertex   -3.148527e+01 2.136244e+01 1.700000e+01
      vertex   -3.149631e+01 2.121415e+01 1.700000e+01
    endloop
  endfacet
  facet normal -9.996929e-01 2.478317e-02 0.000000e+00
    outer loop
      vertex   -3.149631e+01 2.121415e+01 1.900000e+01
      vertex   -3.149631e+01 2.121415e+01 1.700000e+01
      vertex   -3.150000e+01 2.106550e+01 1.900000e+01
    endloop
  endfacet
  facet normal -9.996929e-01 2.478317e-02 0.000000e+00
    outer loop
      vertex   -3.150000e+01 2.106550e+01 1.900000e+01
      vertex   -3.149631e+01 2.121415e+01 1.700000e+01
      vertex   -3.150000e+01 2.106550e+01 1.700000e+01
    endloop
  endfacet
  facet normal -9.996929e-01 -2.478317e-02 -0.000000e+00
    outer loop
      vertex   -3.150000e+01 2.195450e+01 1.900000e+01
      vertex   -3.150000e+01 2.195450e+01 1.700000e+01
      vertex   -3.149631e+01 2.180585e+01 1.900000e+01
    endloop
  endfacet
  facet normal -9.996929e-01 -2.478317e-02 -0.000000e+00
    outer loop
      vertex   -3.149631e+01 2.180585e+01 1.900000e+01
      vertex   -3.150000e+01 2.195450e+01 1.700000e+01
      vertex   -3.149631e+01 2.180585e+01 1.700000e+01
    endloop
  endfacet
  facet normal -9.972368e-01 -7.428861e-02 -0.000000e+00
    outer loop
      vertex   -3.149631e+01 2.180585e+01 1.900000e+01
      vertex   -3.149631e+01 2.180585e+01 1.700000e+01
      vertex   -3.148527e+01 2.165756e+01 1.900000e+01
    endloop
  endfacet
  facet normal -9.972368e-01 -7.428861e-02 -0.000000e+00
    outer loop
      vertex   -3.148527e+01 2.165756e+01 1.900000e+01
      vertex   -3.149631e+01 2.180585e+01 1.700000e+01
      vertex   -3.148527e+01 2.165756e+01 1.700000e+01
    endloop
  endfacet
  facet normal -9.923307e-01 -1.236115e-01 -0.000000e+00
    outer loop
      vertex   -3.148527e+01 2.165756e+01 1.900000e+01
      vertex   -3.148527e+01 2.165756e+01 1.700000e+01
      vertex   -3.146689e+01 2.151000e+01 1.900000e+01
    endloop
  endfacet
  facet normal -9.923307e-01 -1.236115e-01 -0.000000e+00
    outer loop
      vertex   -3.146689e+01 2.151000e+01 1.900000e+01
      vertex   -3.148527e+01 2.165756e+01 1.700000e+01
      vertex   -3.146689e+01 2.151000e+01 1.700000e+01
    endloop
  endfacet
  facet normal -1.000000e+00 0.000000e+00 0.000000e+00
    outer loop
      vertex   -3.150000e+01 2.360550e+01 1.700000e+01
      vertex   -3.150000e+01 2.195450e+01 1.700000e+01
      vertex   -3.150000e+01 2.360550e+01 1.900000e+01
    endloop
  endfacet
  facet normal -1.000000e+00 -0.000000e+00 0.000000e+00
    outer loop
      vertex   -3.150000e+01 2.360550e+01 1.900000e+01
      vertex   -3.150000e+01 2.195450e+01 1.700000e+01
      vertex   -3.150000e+01 2.195450e+01 1.900000e+01
    endloop
  endfacet
  facet normal -9.923307e-01 1.236115e-01 0.000000e+00
    outer loop
      vertex   -3.146689e+01 2.405000e+01 1.900000e+01
      vertex   -3.146689e+01 2.405000e+01 1.700000e+01
      vertex   -3.148527e+01 2.390244e+01 1.900000e+01
    endloop
  endfacet
  facet normal -9.923307e-01 1.236115e-01 0.000000e+00
    outer loop
      vertex   -3.148527e+01 2.390244e+01 1.900000e+01
      vertex   -3.146689e+01 2.405000e+01 1.700000e+01
      vertex   -3.148527e+01 2.390244e+01 1.700000e+01
    endloop
  endfacet
  facet normal -9.972368e-01 7.428861e-02 0.000000e+00
    outer loop
      vertex   -3.148527e+01 2.390244e+01 1.900000e+01
      vertex   -3.148527e+01 2.390244e+01 1.700000e+01
      vertex   -3.149631e+01 2.375415e+01 1.900000e+01
    endloop
  endfacet
  facet normal -9.972368e-01 7.428861e-02 0.000000e+00
    outer loop
      vertex   -3.149631e+01 2.375415e+01 1.900000e+01
      vertex   -3.148527e+01 2.390244e+01 1.700000e+01
      vertex   -3.149631e+01 2.375415e+01 1.700000e+01
    endloop
  endfacet
  facet normal -9.996929e-01 2.478317e-02 0.000000e+00
    outer loop
      vertex   -3.149631e+01 2.375415e+01 1.900000e+01
      vertex   -3.149631e+01 2.375415e+01 1.700000e+01
      vertex   -3.150000e+01 2.360550e+01 1.900000e+01
    endloop
  endfacet
  facet normal -9.996929e-01 2.478317e-02 0.000000e+00
    outer loop
      vertex   -3.150000e+01 2.360550e+01 1.900000e+01
      vertex   -3.149631e+01 2.375415e+01 1.700000e+01
      vertex   -3.150000e+01 2.360550e+01 1.700000e+01
    endloop
  endfacet
  facet normal -9.996929e-01 -2.478317e-02 -0.000000e+00
    outer loop
      vertex   -3.150000e+01 2.449450e+01 1.900000e+01
      vertex   -3.150000e+01 2.449450e+01 1.700000e+01
      vertex   -3.149631e+01 2.434585e+01 1.900000e+01
    endloop
  endfacet
  facet normal -9.996929e-01 -2.478317e-02 -0.000000e+00
    outer loop
      vertex   -3.149631e+01 2.434585e+01 1.900000e+01
      vertex   -3.150000e+01 2.449450e+01 1.700000e+01
      vertex   -3.149631e+01 2.434585e+01 1.700000e+01
    endloop
  endfacet
  facet normal -9.972368e-01 -7.428861e-02 -0.000000e+00
    outer loop
      vertex   -3.149631e+01 2.434585e+01 1.900000e+01
      vertex   -3.149631e+01 2.434585e+01 1.700000e+01
      vertex   -3.148527e+01 2.419756e+01 1.900000e+01
    endloop
  endfacet
  facet normal -9.972368e-01 -7.428861e-02 -0.000000e+00
    outer loop
      vertex   -3.148527e+01 2.419756e+01 1.900000e+01
      vertex   -3.149631e+01 2.434585e+01 1.700000e+01
      vertex   -3.148527e+01 2.419756e+01 1.700000e+01
    endloop
  endfacet
  facet normal -9.923307e-01 -1.236115e-01 -0.000000e+00
    outer loop
      vertex   -3.148527e+01 2.419756e+01 1.900000e+01
      vertex   -3.148527e+01 2.419756e+01 1.700000e+01
      vertex   -3.146689e+01 2.405000e+01 1.900000e+01
    endloop
  endfacet
  facet normal -9.923307e-01 -1.236115e-01 -0.000000e+00
    outer loop
      vertex   -3.146689e+01 2.405000e+01 1.900000e+01
      vertex   -3.148527e+01 2.419756e+01 1.700000e+01
      vertex   -3.146689e+01 2.405000e+01 1.700000e+01
    endloop
  endfacet
  facet normal -1.000000e+00 4.594889e-15 0.000000e+00
    outer loop
      vertex   -3.150000e+01 2.604088e+01 1.700000e+01
      vertex   -3.150000e+01 2.449450e+01 1.700000e+01
      vertex   -3.150000e+01 2.604088e+01 1.900000e+01
    endloop
  endfacet
  facet normal -1.000000e+00 4.594889e-15 0.000000e+00
    outer loop
      vertex   -3.150000e+01 2.604088e+01 1.900000e+01
      vertex   -3.150000e+01 2.449450e+01 1.700000e+01
      vertex   -3.150000e+01 2.449450e+01 1.900000e+01
    endloop
  endfacet
  facet normal 6.310474e-01 7.757443e-01 0.000000e+00
    outer loop
      vertex   -3.150000e+01 3.112424e+01 1.900000e+01
      vertex   -3.150000e+01 3.112424e+01 1.700000e+01
      vertex   -3.190755e+01 3.145577e+01 1.900000e+01
    endloop
  endfacet
  facet normal 6.310474e-01 7.757443e-01 0.000000e+00
    outer loop
      vertex   -3.190755e+01 3.145577e+01 1.900000e+01
      vertex   -3.150000e+01 3.112424e+01 1.700000e+01
      vertex   -3.190755e+01 3.145577e+01 1.700000e+01
    endloop
  endfacet
  facet normal 5.078232e-01 8.614613e-01 0.000000e+00
    outer loop
      vertex   -3.190755e+01 3.145577e+01 1.900000e+01
      vertex   -3.190755e+01 3.145577e+01 1.700000e+01
      vertex   -3.236014e+01 3.172257e+01 1.900000e+01
    endloop
  endfacet
  facet normal 5.078232e-01 8.614613e-01 0.000000e+00
    outer loop
      vertex   -3.236014e+01 3.172257e+01 1.900000e+01
      vertex   -3.190755e+01 3.145577e+01 1.700000e+01
      vertex   -3.236014e+01 3.172257e+01 1.700000e+01
    endloop
  endfacet
  facet normal 3.731569e-01 9.277682e-01 0.000000e+00
    outer loop
      vertex   -3.236014e+01 3.172257e+01 1.900000e+01
      vertex   -3.236014e+01 3.172257e+01 1.700000e+01
      vertex   -3.284756e+01 3.191861e+01 1.900000e+01
    endloop
  endfacet
  facet normal 3.731569e-01 9.277682e-01 0.000000e+00
    outer loop
      vertex   -3.284756e+01 3.191861e+01 1.900000e+01
      vertex   -3.236014e+01 3.172257e+01 1.700000e+01
      vertex   -3.284756e+01 3.191861e+01 1.700000e+01
    endloop
  endfacet
  facet normal 2.300828e-01 9.731710e-01 0.000000e+00
    outer loop
      vertex   -3.284756e+01 3.191861e+01 1.900000e+01
      vertex   -3.284756e+01 3.191861e+01 1.700000e+01
      vertex   -3.335883e+01 3.203949e+01 1.900000e+01
    endloop
  endfacet
  facet normal 2.300828e-01 9.731710e-01 0.000000e+00
    outer loop
      vertex   -3.335883e+01 3.203949e+01 1.900000e+01
      vertex   -3.284756e+01 3.191861e+01 1.700000e+01
      vertex   -3.335883e+01 3.203949e+01 1.700000e+01
    endloop
  endfacet
  facet normal 8.182464e-02 9.966467e-01 0.000000e+00
    outer loop
      vertex   -3.335883e+01 3.203949e+01 1.900000e+01
      vertex   -3.335883e+01 3.203949e+01 1.700000e+01
      vertex   -3.388244e+01 3.208248e+01 1.900000e+01
    endloop
  endfacet
  facet normal 8.182464e-02 9.966467e-01 0.000000e+00
    outer loop
      vertex   -3.388244e+01 3.208248e+01 1.900000e+01
      vertex   -3.335883e+01 3.203949e+01 1.700000e+01
      vertex   -3.388244e+01 3.208248e+01 1.700000e+01
    endloop
  endfacet
  facet normal -6.827721e-02 9.976664e-01 0.000000e+00
    outer loop
      vertex   -3.388244e+01 3.208248e+01 1.900000e+01
      vertex   -3.388244e+01 3.208248e+01 1.700000e+01
      vertex   -3.440658e+01 3.204661e+01 1.900000e+01
    endloop
  endfacet
  facet normal -6.827721e-02 9.976664e-01 0.000000e+00
    outer loop
      vertex   -3.440658e+01 3.204661e+01 1.900000e+01
      vertex   -3.388244e+01 3.208248e+01 1.700000e+01
      vertex   -3.440658e+01 3.204661e+01 1.700000e+01
    endloop
  endfacet
  facet normal -2.168407e-01 9.762070e-01 0.000000e+00
    outer loop
      vertex   -3.440658e+01 3.204661e+01 1.900000e+01
      vertex   -3.440658e+01 3.204661e+01 1.700000e+01
      vertex   -3.491945e+01 3.193268e+01 1.900000e+01
    endloop
  endfacet
  facet normal -2.168407e-01 9.762070e-01 0.000000e+00
    outer loop
      vertex   -3.491945e+01 3.193268e+01 1.900000e+01
      vertex   -3.440658e+01 3.204661e+01 1.700000e+01
      vertex   -3.491945e+01 3.193268e+01 1.700000e+01
    endloop
  endfacet
  facet normal -3.605184e-01 9.327521e-01 0.000000e+00
    outer loop
      vertex   -3.491945e+01 3.193268e+01 1.900000e+01
      vertex   -3.491945e+01 3.193268e+01 1.700000e+01
      vertex   -3.540949e+01 3.174328e+01 1.900000e+01
    endloop
  endfacet
  facet normal -3.605184e-01 9.327521e-01 0.000000e+00
    outer loop
      vertex   -3.540949e+01 3.174328e+01 1.900000e+01
      vertex   -3.491945e+01 3.193268e+01 1.700000e+01
      vertex   -3.540949e+01 3.174328e+01 1.700000e+01
    endloop
  endfacet
  facet normal -4.960730e-01 8.682808e-01 0.000000e+00
    outer loop
      vertex   -3.540949e+01 3.174328e+01 1.900000e+01
      vertex   -3.540949e+01 3.174328e+01 1.700000e+01
      vertex   -3.586565e+01 3.148266e+01 1.900000e+01
    endloop
  endfacet
  facet normal -4.960730e-01 8.682808e-01 0.000000e+00
    outer loop
      vertex   -3.586565e+01 3.148266e+01 1.900000e+01
      vertex   -3.540949e+01 3.174328e+01 1.700000e+01
      vertex   -3.586565e+01 3.148266e+01 1.700000e+01
    endloop
  endfacet
  facet normal -6.204503e-01 7.842458e-01 0.000000e+00
    outer loop
      vertex   -3.586565e+01 3.148266e+01 1.900000e+01
      vertex   -3.586565e+01 3.148266e+01 1.700000e+01
      vertex   -3.627767e+01 3.115669e+01 1.900000e+01
    endloop
  endfacet
  facet normal -6.204503e-01 7.842458e-01 0.000000e+00
    outer loop
      vertex   -3.627767e+01 3.115669e+01 1.900000e+01
      vertex   -3.586565e+01 3.148266e+01 1.700000e+01
      vertex   -3.627767e+01 3.115669e+01 1.700000e+01
    endloop
  endfacet
  facet normal -7.308479e-01 6.825404e-01 0.000000e+00
    outer loop
      vertex   -3.627767e+01 3.115669e+01 1.900000e+01
      vertex   -3.627767e+01 3.115669e+01 1.700000e+01
      vertex   -3.663626e+01 3.077273e+01 1.900000e+01
    endloop
  endfacet
  facet normal -7.308479e-01 6.825404e-01 0.000000e+00
    outer loop
      vertex   -3.663626e+01 3.077273e+01 1.900000e+01
      vertex   -3.627767e+01 3.115669e+01 1.700000e+01
      vertex   -3.663626e+01 3.077273e+01 1.700000e+01
    endloop
  endfacet
  facet normal -8.247783e-01 5.654563e-01 0.000000e+00
    outer loop
      vertex   -3.663626e+01 3.077273e+01 1.900000e+01
      vertex   -3.663626e+01 3.077273e+01 1.700000e+01
      vertex   -3.693333e+01 3.033942e+01 1.900000e+01
    endloop
  endfacet
  facet normal -8.247783e-01 5.654563e-01 0.000000e+00
    outer loop
      vertex   -3.693333e+01 3.033942e+01 1.900000e+01
      vertex   -3.663626e+01 3.077273e+01 1.700000e+01
      vertex   -3.693333e+01 3.033942e+01 1.700000e+01
    endloop
  endfacet
  facet normal -9.001251e-01 4.356316e-01 0.000000e+00
    outer loop
      vertex   -3.693333e+01 3.033942e+01 1.900000e+01
      vertex   -3.693333e+01 3.033942e+01 1.700000e+01
      vertex   -3.716220e+01 2.986652e+01 1.900000e+01
    endloop
  endfacet
  facet normal -9.001251e-01 4.356316e-01 0.000000e+00
    outer loop
      vertex   -3.716220e+01 2.986652e+01 1.900000e+01
      vertex   -3.693333e+01 3.033942e+01 1.700000e+01
      vertex   -3.716220e+01 2.986652e+01 1.700000e+01
    endloop
  endfacet
  facet normal -9.551906e-01 2.959913e-01 0.000000e+00
    outer loop
      vertex   -3.716220e+01 2.986652e+01 1.900000e+01
      vertex   -3.716220e+01 2.986652e+01 1.700000e+01
      vertex   -3.731770e+01 2.936469e+01 1.900000e+01
    endloop
  endfacet
  facet normal -9.551906e-01 2.959913e-01 0.000000e+00
    outer loop
      vertex   -3.731770e+01 2.936469e+01 1.900000e+01
      vertex   -3.716220e+01 2.986652e+01 1.700000e+01
      vertex   -3.731770e+01 2.936469e+01 1.700000e+01
    endloop
  endfacet
  facet normal -9.887342e-01 1.496820e-01 0.000000e+00
    outer loop
      vertex   -3.731770e+01 2.936469e+01 1.900000e+01
      vertex   -3.731770e+01 2.936469e+01 1.700000e+01
      vertex   -3.739634e+01 2.884524e+01 1.900000e+01
    endloop
  endfacet
  facet normal -9.887342e-01 1.496820e-01 0.000000e+00
    outer loop
      vertex   -3.739634e+01 2.884524e+01 1.900000e+01
      vertex   -3.731770e+01 2.936469e+01 1.700000e+01
      vertex   -3.739634e+01 2.884524e+01 1.700000e+01
    endloop
  endfacet
  facet normal -1.000000e+00 -0.000000e+00 -0.000000e+00
    outer loop
      vertex   -3.739634e+01 2.884524e+01 1.900000e+01
      vertex   -3.739634e+01 2.884524e+01 1.700000e+01
      vertex   -3.739634e+01 2.831987e+01 1.900000e+01
    endloop
  endfacet
  facet normal -1.000000e+00 0.000000e+00 0.000000e+00
    outer loop
      vertex   -3.739634e+01 2.831987e+01 1.900000e+01
      vertex   -3.739634e+01 2.884524e+01 1.700000e+01
      vertex   -3.739634e+01 2.831987e+01 1.700000e+01
    endloop
  endfacet
  facet normal -9.887342e-01 -1.496820e-01 -0.000000e+00
    outer loop
      vertex   -3.739634e+01 2.831987e+01 1.900000e+01
      vertex   -3.739634e+01 2.831987e+01 1.700000e+01
      vertex   -3.731770e+01 2.780042e+01 1.900000e+01
    endloop
  endfacet
  facet normal -9.887342e-01 -1.496820e-01 -0.000000e+00
    outer loop
      vertex   -3.731770e+01 2.780042e+01 1.900000e+01
      vertex   -3.739634e+01 2.831987e+01 1.700000e+01
      vertex   -3.731770e+01 2.780042e+01 1.700000e+01
    endloop
  endfacet
  facet normal -9.551906e-01 -2.959913e-01 -0.000000e+00
    outer loop
      vertex   -3.731770e+01 2.780042e+01 1.900000e+01
      vertex   -3.731770e+01 2.780042e+01 1.700000e+01
      vertex   -3.716220e+01 2.729860e+01 1.900000e+01
    endloop
  endfacet
  facet normal -9.551906e-01 -2.959913e-01 -0.000000e+00
    outer loop
      vertex   -3.716220e+01 2.729860e+01 1.900000e+01
      vertex   -3.731770e+01 2.780042e+01 1.700000e+01
      vertex   -3.716220e+01 2.729860e+01 1.700000e+01
    endloop
  endfacet
  facet normal -9.001251e-01 -4.356316e-01 -0.000000e+00
    outer loop
      vertex   -3.716220e+01 2.729860e+01 1.900000e+01
      vertex   -3.716220e+01 2.729860e+01 1.700000e+01
      vertex   -3.693333e+01 2.682570e+01 1.900000e+01
    endloop
  endfacet
  facet normal -9.001251e-01 -4.356316e-01 -0.000000e+00
    outer loop
      vertex   -3.693333e+01 2.682570e+01 1.900000e+01
      vertex   -3.716220e+01 2.729860e+01 1.700000e+01
      vertex   -3.693333e+01 2.682570e+01 1.700000e+01
    endloop
  endfacet
  facet normal -8.247783e-01 -5.654563e-01 -0.000000e+00
    outer loop
      vertex   -3.693333e+01 2.682570e+01 1.900000e+01
      vertex   -3.693333e+01 2.682570e+01 1.700000e+01
      vertex   -3.663626e+01 2.639239e+01 1.900000e+01
    endloop
  endfacet
  facet normal -8.247783e-01 -5.654563e-01 -0.000000e+00
    outer loop
      vertex   -3.663626e+01 2.639239e+01 1.900000e+01
      vertex   -3.693333e+01 2.682570e+01 1.700000e+01
      vertex   -3.663626e+01 2.639239e+01 1.700000e+01
    endloop
  endfacet
  facet normal -7.308479e-01 -6.825404e-01 -0.000000e+00
    outer loop
      vertex   -3.663626e+01 2.639239e+01 1.900000e+01
      vertex   -3.663626e+01 2.639239e+01 1.700000e+01
      vertex   -3.627767e+01 2.600842e+01 1.900000e+01
    endloop
  endfacet
  facet normal -7.308479e-01 -6.825404e-01 -0.000000e+00
    outer loop
      vertex   -3.627767e+01 2.600842e+01 1.900000e+01
      vertex   -3.663626e+01 2.639239e+01 1.700000e+01
      vertex   -3.627767e+01 2.600842e+01 1.700000e+01
    endloop
  endfacet
  facet normal -6.204503e-01 -7.842458e-01 -0.000000e+00
    outer loop
      vertex   -3.627767e+01 2.600842e+01 1.900000e+01
      vertex   -3.627767e+01 2.600842e+01 1.700000e+01
      vertex   -3.586565e+01 2.568246e+01 1.900000e+01
    endloop
  endfacet
  facet normal -6.204503e-01 -7.842458e-01 -0.000000e+00
    outer loop
      vertex   -3.586565e+01 2.568246e+01 1.900000e+01
      vertex   -3.627767e+01 2.600842e+01 1.700000e+01
      vertex   -3.586565e+01 2.568246e+01 1.700000e+01
    endloop
  endfacet
  facet normal -4.960730e-01 -8.682808e-01 -0.000000e+00
    outer loop
      vertex   -3.586565e+01 2.568246e+01 1.900000e+01
      vertex   -3.586565e+01 2.568246e+01 1.700000e+01
      vertex   -3.540949e+01 2.542184e+01 1.900000e+01
    endloop
  endfacet
  facet normal -4.960730e-01 -8.682808e-01 -0.000000e+00
    outer loop
      vertex   -3.540949e+01 2.542184e+01 1.900000e+01
      vertex   -3.586565e+01 2.568246e+01 1.700000e+01
      vertex   -3.540949e+01 2.542184e+01 1.700000e+01
    endloop
  endfacet
  facet normal -3.605184e-01 -9.327521e-01 -0.000000e+00
    outer loop
      vertex   -3.540949e+01 2.542184e+01 1.900000e+01
      vertex   -3.540949e+01 2.542184e+01 1.700000e+01
      vertex   -3.491945e+01 2.523243e+01 1.900000e+01
    endloop
  endfacet
  facet normal -3.605184e-01 -9.327521e-01 -0.000000e+00
    outer loop
      vertex   -3.491945e+01 2.523243e+01 1.900000e+01
      vertex   -3.540949e+01 2.542184e+01 1.700000e+01
      vertex   -3.491945e+01 2.523243e+01 1.700000e+01
    endloop
  endfacet
  facet normal -2.168407e-01 -9.762070e-01 -0.000000e+00
    outer loop
      vertex   -3.491945e+01 2.523243e+01 1.900000e+01
      vertex   -3.491945e+01 2.523243e+01 1.700000e+01
      vertex   -3.440658e+01 2.511851e+01 1.900000e+01
    endloop
  endfacet
  facet normal -2.168407e-01 -9.762070e-01 -0.000000e+00
    outer loop
      vertex   -3.440658e+01 2.511851e+01 1.900000e+01
      vertex   -3.491945e+01 2.523243e+01 1.700000e+01
      vertex   -3.440658e+01 2.511851e+01 1.700000e+01
    endloop
  endfacet
  facet normal -6.827721e-02 -9.976664e-01 -0.000000e+00
    outer loop
      vertex   -3.440658e+01 2.511851e+01 1.900000e+01
      vertex   -3.440658e+01 2.511851e+01 1.700000e+01
      vertex   -3.388244e+01 2.508264e+01 1.900000e+01
    endloop
  endfacet
  facet normal -6.827721e-02 -9.976664e-01 -0.000000e+00
    outer loop
      vertex   -3.388244e+01 2.508264e+01 1.900000e+01
      vertex   -3.440658e+01 2.511851e+01 1.700000e+01
      vertex   -3.388244e+01 2.508264e+01 1.700000e+01
    endloop
  endfacet
  facet normal 8.182464e-02 -9.966467e-01 0.000000e+00
    outer loop
      vertex   -3.388244e+01 2.508264e+01 1.900000e+01
      vertex   -3.388244e+01 2.508264e+01 1.700000e+01
      vertex   -3.335883e+01 2.512563e+01 1.900000e+01
    endloop
  endfacet
  facet normal 8.182464e-02 -9.966467e-01 0.000000e+00
    outer loop
      vertex   -3.335883e+01 2.512563e+01 1.900000e+01
      vertex   -3.388244e+01 2.508264e+01 1.700000e+01
      vertex   -3.335883e+01 2.512563e+01 1.700000e+01
    endloop
  endfacet
  facet normal 2.300828e-01 -9.731710e-01 0.000000e+00
    outer loop
      vertex   -3.335883e+01 2.512563e+01 1.900000e+01
      vertex   -3.335883e+01 2.512563e+01 1.700000e+01
      vertex   -3.284756e+01 2.524650e+01 1.900000e+01
    endloop
  endfacet
  facet normal 2.300828e-01 -9.731710e-01 0.000000e+00
    outer loop
      vertex   -3.284756e+01 2.524650e+01 1.900000e+01
      vertex   -3.335883e+01 2.512563e+01 1.700000e+01
      vertex   -3.284756e+01 2.524650e+01 1.700000e+01
    endloop
  endfacet
  facet normal 3.731569e-01 -9.277682e-01 0.000000e+00
    outer loop
      vertex   -3.284756e+01 2.524650e+01 1.900000e+01
      vertex   -3.284756e+01 2.524650e+01 1.700000e+01
      vertex   -3.236014e+01 2.544255e+01 1.900000e+01
    endloop
  endfacet
  facet normal 3.731569e-01 -9.277682e-01 0.000000e+00
    outer loop
      vertex   -3.236014e+01 2.544255e+01 1.900000e+01
      vertex   -3.284756e+01 2.524650e+01 1.700000e+01
      vertex   -3.236014e+01 2.544255e+01 1.700000e+01
    endloop
  endfacet
  facet normal 5.078232e-01 -8.614613e-01 0.000000e+00
    outer loop
      vertex   -3.236014e+01 2.544255e+01 1.900000e+01
      vertex   -3.236014e+01 2.544255e+01 1.700000e+01
      vertex   -3.190755e+01 2.570934e+01 1.900000e+01
    endloop
  endfacet
  facet normal 5.078232e-01 -8.614613e-01 0.000000e+00
    outer loop
      vertex   -3.190755e+01 2.570934e+01 1.900000e+01
      vertex   -3.236014e+01 2.544255e+01 1.700000e+01
      vertex   -3.190755e+01 2.570934e+01 1.700000e+01
    endloop
  endfacet
  facet normal 6.310474e-01 -7.757443e-01 0.000000e+00
    outer loop
      vertex   -3.190755e+01 2.570934e+01 1.900000e+01
      vertex   -3.190755e+01 2.570934e+01 1.700000e+01
      vertex   -3.150000e+01 2.604088e+01 1.900000e+01
    endloop
  endfacet
  facet normal 6.310474e-01 -7.757443e-01 0.000000e+00
    outer loop
      vertex   -3.150000e+01 2.604088e+01 1.900000e+01
      vertex   -3.190755e+01 2.570934e+01 1.700000e+01
      vertex   -3.150000e+01 2.604088e+01 1.700000e+01
    endloop
  endfacet
  facet normal -1.000000e+00 -1.434998e-15 0.000000e+00
    outer loop
      vertex   -3.150000e+01 3.360000e+01 1.700000e+01
      vertex   -3.150000e+01 3.112424e+01 1.700000e+01
      vertex   -3.150000e+01 3.360000e+01 1.900000e+01
    endloop
  endfacet
  facet normal -1.000000e+00 -1.434998e-15 0.000000e+00
    outer loop
      vertex   -3.150000e+01 3.360000e+01 1.900000e+01
      vertex   -3.150000e+01 3.112424e+01 1.700000e+01
      vertex   -3.150000e+01 3.112424e+01 1.900000e+01
    endloop
  endfacet
  facet normal 5.243315e-14 1.000000e+00 -0.000000e+00
    outer loop
      vertex   -2.500000e+00 3.360000e+01 1.700000e+01
      vertex   -3.150000e+01 3.360000e+01 1.700000e+01
      vertex   -2.500000e+00 3.360000e+01 1.900000e+01
    endloop
  endfacet
  facet normal 5.243315e-14 1.000000e+00 0.000000e+00
    outer loop
      vertex   -2.500000e+00 3.360000e+01 1.900000e+01
      vertex   -3.150000e+01 3.360000e+01 1.700000e+01
      vertex   -3.150000e+01 3.360000e+01 1.900000e+01
    endloop
  endfacet
  facet normal -0.000000e+00 0.000000e+00 1.000000e+00
    outer loop
      vertex   -3.221217e+01 -1.060824e+01 1.900000e+01
      vertex   -3.150000e+01 -1.186712e+01 1.900000e+01
      vertex   -3.217374e+01 -1.021806e+01 1.900000e+01
    endloop
  endfacet
  facet normal -0.000000e+00 0.000000e+00 1.000000e+00
    outer loop
      vertex   -3.217374e+01 -1.021806e+01 1.900000e+01
      vertex   -3.150000e+01 -1.186712e+01 1.900000e+01
      vertex   -3.150000e+01 -8.283742e+00 1.900000e+01
    endloop
  endfacet
  facet normal 0.000000e+00 -0.000000e+00 1.000000e+00
    outer loop
      vertex   -3.217374e+01 -1.021806e+01 1.900000e+01
      vertex   -3.150000e+01 -8.283742e+00 1.900000e+01
      vertex   -3.221217e+01 -9.827879e+00 1.900000e+01
    endloop
  endfacet
  facet normal 0.000000e+00 -0.000000e+00 1.000000e+00
    outer loop
      vertex   -3.221217e+01 -9.827879e+00 1.900000e+01
      vertex   -3.150000e+01 -8.283742e+00 1.900000e+01
      vertex   -3.232598e+01 -9.452693e+00 1.900000e+01
    endloop
  endfacet
  facet normal 0.000000e+00 -0.000000e+00 1.000000e+00
    outer loop
      vertex   -3.232598e+01 -9.452693e+00 1.900000e+01
      vertex   -3.150000e+01 -8.283742e+00 1.900000e+01
      vertex   -3.251080e+01 -9.106920e+00 1.900000e+01
    endloop
  endfacet
  facet normal 0.000000e+00 0.000000e+00 1.000000e+00
    outer loop
      vertex   -3.251080e+01 -9.106920e+00 1.900000e+01
      vertex   -3.150000e+01 -8.283742e+00 1.900000e+01
      vertex   -3.181918e+01 -7.920369e+00 1.900000e+01
    endloop
  endfacet
  facet normal 0.000000e+00 -0.000000e+00 1.000000e+00
    outer loop
      vertex   -3.251080e+01 -9.106920e+00 1.900000e+01
      vertex   -3.181918e+01 -7.920369e+00 1.900000e+01
      vertex   -3.275952e+01 -8.803846e+00 1.900000e+01
    endloop
  endfacet
  facet normal 0.000000e+00 0.000000e+00 1.000000e+00
    outer loop
      vertex   -3.275952e+01 -8.803846e+00 1.900000e+01
      vertex   -3.181918e+01 -7.920369e+00 1.900000e+01
      vertex   -3.219260e+01 -7.613007e+00 1.900000e+01
    endloop
  endfacet
  facet normal 0.000000e+00 -0.000000e+00 1.000000e+00
    outer loop
      vertex   -3.275952e+01 -8.803846e+00 1.900000e+01
      vertex   -3.219260e+01 -7.613007e+00 1.900000e+01
      vertex   -3.306260e+01 -8.555121e+00 1.900000e+01
    endloop
  endfacet
  facet normal 0.000000e+00 0.000000e+00 1.000000e+00
    outer loop
      vertex   -3.306260e+01 -8.555121e+00 1.900000e+01
      vertex   -3.219260e+01 -7.613007e+00 1.900000e+01
      vertex   -3.261055e+01 -7.369645e+00 1.900000e+01
    endloop
  endfacet
  facet normal 0.000000e+00 0.000000e+00 1.000000e+00
    outer loop
      vertex   -3.306260e+01 -8.555121e+00 1.900000e+01
      vertex   -3.261055e+01 -7.369645e+00 1.900000e+01
      vertex   -3.306218e+01 -7.196607e+00 1.900000e+01
    endloop
  endfacet
  facet normal 0.000000e+00 0.000000e+00 1.000000e+00
    outer loop
      vertex   -3.221217e+01 -1.060824e+01 1.900000e+01
      vertex   -3.232598e+01 -1.098343e+01 1.900000e+01
      vertex   -3.150000e+01 -1.186712e+01 1.900000e+01
    endloop
  endfacet
  facet normal 0.000000e+00 0.000000e+00 1.000000e+00
    outer loop
      vertex   -3.150000e+01 -1.186712e+01 1.900000e+01
      vertex   -3.232598e+01 -1.098343e+01 1.900000e+01
      vertex   -3.251080e+01 -1.132920e+01 1.900000e+01
    endloop
  endfacet
  facet normal 0.000000e+00 0.000000e+00 1.000000e+00
    outer loop
      vertex   -3.150000e+01 -1.186712e+01 1.900000e+01
      vertex   -3.251080e+01 -1.132920e+01 1.900000e+01
      vertex   -3.181918e+01 -1.223049e+01 1.900000e+01
    endloop
  endfacet
  facet normal 0.000000e+00 0.000000e+00 1.000000e+00
    outer loop
      vertex   -3.181918e+01 -1.223049e+01 1.900000e+01
      vertex   -3.251080e+01 -1.132920e+01 1.900000e+01
      vertex   -3.275952e+01 -1.163227e+01 1.900000e+01
    endloop
  endfacet
  facet normal 0.000000e+00 0.000000e+00 1.000000e+00
    outer loop
      vertex   -3.181918e+01 -1.223049e+01 1.900000e+01
      vertex   -3.275952e+01 -1.163227e+01 1.900000e+01
      vertex   -3.219260e+01 -1.253785e+01 1.900000e+01
    endloop
  endfacet
  facet normal 0.000000e+00 0.000000e+00 1.000000e+00
    outer loop
      vertex   -3.219260e+01 -1.253785e+01 1.900000e+01
      vertex   -3.275952e+01 -1.163227e+01 1.900000e+01
      vertex   -3.261055e+01 -1.278121e+01 1.900000e+01
    endloop
  endfacet
  facet normal 0.000000e+00 0.000000e+00 1.000000e+00
    outer loop
      vertex   -3.261055e+01 -1.278121e+01 1.900000e+01
      vertex   -3.275952e+01 -1.163227e+01 1.900000e+01
      vertex   -3.306260e+01 -1.188100e+01 1.900000e+01
    endloop
  endfacet
  facet normal 0.000000e+00 0.000000e+00 1.000000e+00
    outer loop
      vertex   -3.261055e+01 -1.278121e+01 1.900000e+01
      vertex   -3.306260e+01 -1.188100e+01 1.900000e+01
      vertex   -3.306218e+01 -1.295425e+01 1.900000e+01
    endloop
  endfacet
  facet normal 0.000000e+00 0.000000e+00 1.000000e+00
    outer loop
      vertex   -3.306218e+01 -1.295425e+01 1.900000e+01
      vertex   -3.306260e+01 -1.188100e+01 1.900000e+01
      vertex   -3.340837e+01 -1.206582e+01 1.900000e+01
    endloop
  endfacet
  facet normal 0.000000e+00 0.000000e+00 1.000000e+00
    outer loop
      vertex   -3.306218e+01 -1.295425e+01 1.900000e+01
      vertex   -3.340837e+01 -1.206582e+01 1.900000e+01
      vertex   -3.353575e+01 -1.305247e+01 1.900000e+01
    endloop
  endfacet
  facet normal 0.000000e+00 -0.000000e+00 1.000000e+00
    outer loop
      vertex   -3.353575e+01 -1.305247e+01 1.900000e+01
      vertex   -3.340837e+01 -1.206582e+01 1.900000e+01
      vertex   -3.378356e+01 -1.217963e+01 1.900000e+01
    endloop
  endfacet
  facet normal 0.000000e+00 0.000000e+00 1.000000e+00
    outer loop
      vertex   -3.353575e+01 -1.305247e+01 1.900000e+01
      vertex   -3.378356e+01 -1.217963e+01 1.900000e+01
      vertex   -3.401895e+01 -1.307331e+01 1.900000e+01
    endloop
  endfacet
  facet normal 0.000000e+00 -0.000000e+00 1.000000e+00
    outer loop
      vertex   -3.401895e+01 -1.307331e+01 1.900000e+01
      vertex   -3.378356e+01 -1.217963e+01 1.900000e+01
      vertex   -3.417374e+01 -1.221806e+01 1.900000e+01
    endloop
  endfacet
  facet normal 0.000000e+00 0.000000e+00 1.000000e+00
    outer loop
      vertex   -3.401895e+01 -1.307331e+01 1.900000e+01
      vertex   -3.417374e+01 -1.221806e+01 1.900000e+01
      vertex   -3.449922e+01 -1.301624e+01 1.900000e+01
    endloop
  endfacet
  facet normal 0.000000e+00 -0.000000e+00 1.000000e+00
    outer loop
      vertex   -3.449922e+01 -1.301624e+01 1.900000e+01
      vertex   -3.417374e+01 -1.221806e+01 1.900000e+01
      vertex   -3.456392e+01 -1.217963e+01 1.900000e+01
    endloop
  endfacet
  facet normal 0.000000e+00 0.000000e+00 1.000000e+00
    outer loop
      vertex   -3.449922e+01 -1.301624e+01 1.900000e+01
      vertex   -3.456392e+01 -1.217963e+01 1.900000e+01
      vertex   -3.496407e+01 -1.288273e+01 1.900000e+01
    endloop
  endfacet
  facet normal 0.000000e+00 0.000000e+00 1.000000e+00
    outer loop
      vertex   -3.496407e+01 -1.288273e+01 1.900000e+01
      vertex   -3.456392e+01 -1.217963e+01 1.900000e+01
      vertex   -3.493910e+01 -1.206582e+01 1.900000e+01
    endloop
  endfacet
  facet normal 0.000000e+00 -0.000000e+00 1.000000e+00
    outer loop
      vertex   -3.496407e+01 -1.288273e+01 1.900000e+01
      vertex   -3.493910e+01 -1.206582e+01 1.900000e+01
      vertex   -3.540143e+01 -1.267626e+01 1.900000e+01
    endloop
  endfacet
  facet normal 0.000000e+00 0.000000e+00 1.000000e+00
    outer loop
      vertex   -3.540143e+01 -1.267626e+01 1.900000e+01
      vertex   -3.493910e+01 -1.206582e+01 1.900000e+01
      vertex   -3.528488e+01 -1.188100e+01 1.900000e+01
    endloop
  endfacet
  facet normal 0.000000e+00 -0.000000e+00 1.000000e+00
    outer loop
      vertex   -3.540143e+01 -1.267626e+01 1.900000e+01
      vertex   -3.528488e+01 -1.188100e+01 1.900000e+01
      vertex   -3.579993e+01 -1.240219e+01 1.900000e+01
    endloop
  endfacet
  facet normal 0.000000e+00 0.000000e+00 1.000000e+00
    outer loop
      vertex   -3.579993e+01 -1.240219e+01 1.900000e+01
      vertex   -3.528488e+01 -1.188100e+01 1.900000e+01
      vertex   -3.558795e+01 -1.163227e+01 1.900000e+01
    endloop
  endfacet
  facet normal 0.000000e+00 -0.000000e+00 1.000000e+00
    outer loop
      vertex   -3.579993e+01 -1.240219e+01 1.900000e+01
      vertex   -3.558795e+01 -1.163227e+01 1.900000e+01
      vertex   -3.614921e+01 -1.206766e+01 1.900000e+01
    endloop
  endfacet
  facet normal 0.000000e+00 0.000000e+00 1.000000e+00
    outer loop
      vertex   -3.614921e+01 -1.206766e+01 1.900000e+01
      vertex   -3.558795e+01 -1.163227e+01 1.900000e+01
      vertex   -3.583668e+01 -1.132920e+01 1.900000e+01
    endloop
  endfacet
  facet normal 0.000000e+00 -0.000000e+00 1.000000e+00
    outer loop
      vertex   -3.614921e+01 -1.206766e+01 1.900000e+01
      vertex   -3.583668e+01 -1.132920e+01 1.900000e+01
      vertex   -3.644019e+01 -1.168134e+01 1.900000e+01
    endloop
  endfacet
  facet normal 0.000000e+00 0.000000e+00 1.000000e+00
    outer loop
      vertex   -3.644019e+01 -1.168134e+01 1.900000e+01
      vertex   -3.583668e+01 -1.132920e+01 1.900000e+01
      vertex   -3.602150e+01 -1.098343e+01 1.900000e+01
    endloop
  endfacet
  facet normal 0.000000e+00 -0.000000e+00 1.000000e+00
    outer loop
      vertex   -3.644019e+01 -1.168134e+01 1.900000e+01
      vertex   -3.602150e+01 -1.098343e+01 1.900000e+01
      vertex   -3.666532e+01 -1.125328e+01 1.900000e+01
    endloop
  endfacet
  facet normal 0.000000e+00 0.000000e+00 1.000000e+00
    outer loop
      vertex   -3.666532e+01 -1.125328e+01 1.900000e+01
      vertex   -3.602150e+01 -1.098343e+01 1.900000e+01
      vertex   -3.613531e+01 -1.060824e+01 1.900000e+01
    endloop
  endfacet
  facet normal 0.000000e+00 -0.000000e+00 1.000000e+00
    outer loop
      vertex   -3.666532e+01 -1.125328e+01 1.900000e+01
      vertex   -3.613531e+01 -1.060824e+01 1.900000e+01
      vertex   -3.681873e+01 -1.079461e+01 1.900000e+01
    endloop
  endfacet
  facet normal 0.000000e+00 -0.000000e+00 1.000000e+00
    outer loop
      vertex   -3.681873e+01 -1.079461e+01 1.900000e+01
      vertex   -3.613531e+01 -1.060824e+01 1.900000e+01
      vertex   -3.689645e+01 -1.031725e+01 1.900000e+01
    endloop
  endfacet
  facet normal -0.000000e+00 0.000000e+00 1.000000e+00
    outer loop
      vertex   -3.689645e+01 -1.031725e+01 1.900000e+01
      vertex   -3.613531e+01 -1.060824e+01 1.900000e+01
      vertex   -3.617374e+01 -1.021806e+01 1.900000e+01
    endloop
  endfacet
  facet normal 0.000000e+00 0.000000e+00 1.000000e+00
    outer loop
      vertex   -3.689645e+01 -1.031725e+01 1.900000e+01
      vertex   -3.617374e+01 -1.021806e+01 1.900000e+01
      vertex   -3.689645e+01 -9.833606e+00 1.900000e+01
    endloop
  endfacet
  facet normal -0.000000e+00 0.000000e+00 1.000000e+00
    outer loop
      vertex   -3.689645e+01 -9.833606e+00 1.900000e+01
      vertex   -3.617374e+01 -1.021806e+01 1.900000e+01
      vertex   -3.613531e+01 -9.827879e+00 1.900000e+01
    endloop
  endfacet
  facet normal 0.000000e+00 0.000000e+00 1.000000e+00
    outer loop
      vertex   -3.689645e+01 -9.833606e+00 1.900000e+01
      vertex   -3.613531e+01 -9.827879e+00 1.900000e+01
      vertex   -3.681873e+01 -9.356245e+00 1.900000e+01
    endloop
  endfacet
  facet normal 0.000000e+00 0.000000e+00 1.000000e+00
    outer loop
      vertex   -3.681873e+01 -9.356245e+00 1.900000e+01
      vertex   -3.613531e+01 -9.827879e+00 1.900000e+01
      vertex   -3.602150e+01 -9.452693e+00 1.900000e+01
    endloop
  endfacet
  facet normal -0.000000e+00 0.000000e+00 1.000000e+00
    outer loop
      vertex   -3.681873e+01 -9.356245e+00 1.900000e+01
      vertex   -3.602150e+01 -9.452693e+00 1.900000e+01
      vertex   -3.666532e+01 -8.897576e+00 1.900000e+01
    endloop
  endfacet
  facet normal 0.000000e+00 0.000000e+00 1.000000e+00
    outer loop
      vertex   -3.666532e+01 -8.897576e+00 1.900000e+01
      vertex   -3.602150e+01 -9.452693e+00 1.900000e+01
      vertex   -3.583668e+01 -9.106920e+00 1.900000e+01
    endloop
  endfacet
  facet normal -0.000000e+00 0.000000e+00 1.000000e+00
    outer loop
      vertex   -3.666532e+01 -8.897576e+00 1.900000e+01
      vertex   -3.583668e+01 -9.106920e+00 1.900000e+01
      vertex   -3.644019e+01 -8.469520e+00 1.900000e+01
    endloop
  endfacet
  facet normal 0.000000e+00 0.000000e+00 1.000000e+00
    outer loop
      vertex   -3.644019e+01 -8.469520e+00 1.900000e+01
      vertex   -3.583668e+01 -9.106920e+00 1.900000e+01
      vertex   -3.558795e+01 -8.803846e+00 1.900000e+01
    endloop
  endfacet
  facet normal -0.000000e+00 0.000000e+00 1.000000e+00
    outer loop
      vertex   -3.644019e+01 -8.469520e+00 1.900000e+01
      vertex   -3.558795e+01 -8.803846e+00 1.900000e+01
      vertex   -3.614921e+01 -8.083202e+00 1.900000e+01
    endloop
  endfacet
  facet normal -0.000000e+00 0.000000e+00 1.000000e+00
    outer loop
      vertex   -3.614921e+01 -8.083202e+00 1.900000e+01
      vertex   -3.558795e+01 -8.803846e+00 1.900000e+01
      vertex   -3.579993e+01 -7.748663e+00 1.900000e+01
    endloop
  endfacet
  facet normal 0.000000e+00 0.000000e+00 1.000000e+00
    outer loop
      vertex   -3.579993e+01 -7.748663e+00 1.900000e+01
      vertex   -3.558795e+01 -8.803846e+00 1.900000e+01
      vertex   -3.528488e+01 -8.555121e+00 1.900000e+01
    endloop
  endfacet
  facet normal -0.000000e+00 0.000000e+00 1.000000e+00
    outer loop
      vertex   -3.579993e+01 -7.748663e+00 1.900000e+01
      vertex   -3.528488e+01 -8.555121e+00 1.900000e+01
      vertex   -3.540143e+01 -7.474597e+00 1.900000e+01
    endloop
  endfacet
  facet normal 0.000000e+00 0.000000e+00 1.000000e+00
    outer loop
      vertex   -3.540143e+01 -7.474597e+00 1.900000e+01
      vertex   -3.528488e+01 -8.555121e+00 1.900000e+01
      vertex   -3.493910e+01 -8.370301e+00 1.900000e+01
    endloop
  endfacet
  facet normal -0.000000e+00 0.000000e+00 1.000000e+00
    outer loop
      vertex   -3.540143e+01 -7.474597e+00 1.900000e+01
      vertex   -3.493910e+01 -8.370301e+00 1.900000e+01
      vertex   -3.496407e+01 -7.268128e+00 1.900000e+01
    endloop
  endfacet
  facet normal 0.000000e+00 0.000000e+00 1.000000e+00
    outer loop
      vertex   -3.496407e+01 -7.268128e+00 1.900000e+01
      vertex   -3.493910e+01 -8.370301e+00 1.900000e+01
      vertex   -3.456392e+01 -8.256489e+00 1.900000e+01
    endloop
  endfacet
  facet normal -0.000000e+00 0.000000e+00 1.000000e+00
    outer loop
      vertex   -3.496407e+01 -7.268128e+00 1.900000e+01
      vertex   -3.456392e+01 -8.256489e+00 1.900000e+01
      vertex   -3.449922e+01 -7.134622e+00 1.900000e+01
    endloop
  endfacet
  facet normal 0.000000e+00 0.000000e+00 1.000000e+00
    outer loop
      vertex   -3.449922e+01 -7.134622e+00 1.900000e+01
      vertex   -3.456392e+01 -8.256489e+00 1.900000e+01
      vertex   -3.417374e+01 -8.218060e+00 1.900000e+01
    endloop
  endfacet
  facet normal -0.000000e+00 0.000000e+00 1.000000e+00
    outer loop
      vertex   -3.449922e+01 -7.134622e+00 1.900000e+01
      vertex   -3.417374e+01 -8.218060e+00 1.900000e+01
      vertex   -3.401895e+01 -7.077548e+00 1.900000e+01
    endloop
  endfacet
  facet normal 0.000000e+00 0.000000e+00 1.000000e+00
    outer loop
      vertex   -3.401895e+01 -7.077548e+00 1.900000e+01
      vertex   -3.417374e+01 -8.218060e+00 1.900000e+01
      vertex   -3.378356e+01 -8.256489e+00 1.900000e+01
    endloop
  endfacet
  facet normal 0.000000e+00 0.000000e+00 1.000000e+00
    outer loop
      vertex   -3.401895e+01 -7.077548e+00 1.900000e+01
      vertex   -3.378356e+01 -8.256489e+00 1.900000e+01
      vertex   -3.353575e+01 -7.098390e+00 1.900000e+01
    endloop
  endfacet
  facet normal 0.000000e+00 0.000000e+00 1.000000e+00
    outer loop
      vertex   -3.353575e+01 -7.098390e+00 1.900000e+01
      vertex   -3.378356e+01 -8.256489e+00 1.900000e+01
      vertex   -3.340837e+01 -8.370301e+00 1.900000e+01
    endloop
  endfacet
  facet normal 0.000000e+00 0.000000e+00 1.000000e+00
    outer loop
      vertex   -3.353575e+01 -7.098390e+00 1.900000e+01
      vertex   -3.340837e+01 -8.370301e+00 1.900000e+01
      vertex   -3.306218e+01 -7.196607e+00 1.900000e+01
    endloop
  endfacet
  facet normal 0.000000e+00 0.000000e+00 1.000000e+00
    outer loop
      vertex   -3.306218e+01 -7.196607e+00 1.900000e+01
      vertex   -3.340837e+01 -8.370301e+00 1.900000e+01
      vertex   -3.306260e+01 -8.555121e+00 1.900000e+01
    endloop
  endfacet
  facet normal -0.000000e+00 0.000000e+00 1.000000e+00
    outer loop
      vertex   -3.224096e+01 2.811193e+01 1.900000e+01
      vertex   -3.150000e+01 2.604088e+01 1.900000e+01
      vertex   -3.220253e+01 2.850211e+01 1.900000e+01
    endloop
  endfacet
  facet normal -0.000000e+00 0.000000e+00 1.000000e+00
    outer loop
      vertex   -3.220253e+01 2.850211e+01 1.900000e+01
      vertex   -3.150000e+01 2.604088e+01 1.900000e+01
      vertex   -3.150000e+01 3.112424e+01 1.900000e+01
    endloop
  endfacet
  facet normal 0.000000e+00 -0.000000e+00 1.000000e+00
    outer loop
      vertex   -3.220253e+01 2.850211e+01 1.900000e+01
      vertex   -3.150000e+01 3.112424e+01 1.900000e+01
      vertex   -3.224096e+01 2.889229e+01 1.900000e+01
    endloop
  endfacet
  facet normal 0.000000e+00 -0.000000e+00 1.000000e+00
    outer loop
      vertex   -3.224096e+01 2.889229e+01 1.900000e+01
      vertex   -3.150000e+01 3.112424e+01 1.900000e+01
      vertex   -3.235477e+01 2.926748e+01 1.900000e+01
    endloop
  endfacet
  facet normal 0.000000e+00 -0.000000e+00 1.000000e+00
    outer loop
      vertex   -3.235477e+01 2.926748e+01 1.900000e+01
      vertex   -3.150000e+01 3.112424e+01 1.900000e+01
      vertex   -3.253959e+01 2.961325e+01 1.900000e+01
    endloop
  endfacet
  facet normal 0.000000e+00 -0.000000e+00 1.000000e+00
    outer loop
      vertex   -3.253959e+01 2.961325e+01 1.900000e+01
      vertex   -3.150000e+01 3.112424e+01 1.900000e+01
      vertex   -3.278831e+01 2.991632e+01 1.900000e+01
    endloop
  endfacet
  facet normal 0.000000e+00 0.000000e+00 1.000000e+00
    outer loop
      vertex   -3.278831e+01 2.991632e+01 1.900000e+01
      vertex   -3.150000e+01 3.112424e+01 1.900000e+01
      vertex   -3.190755e+01 3.145577e+01 1.900000e+01
    endloop
  endfacet
  facet normal 0.000000e+00 0.000000e+00 1.000000e+00
    outer loop
      vertex   -3.278831e+01 2.991632e+01 1.900000e+01
      vertex   -3.190755e+01 3.145577e+01 1.900000e+01
      vertex   -3.236014e+01 3.172257e+01 1.900000e+01
    endloop
  endfacet
  facet normal 0.000000e+00 0.000000e+00 1.000000e+00
    outer loop
      vertex   -3.224096e+01 2.811193e+01 1.900000e+01
      vertex   -3.235477e+01 2.773674e+01 1.900000e+01
      vertex   -3.150000e+01 2.604088e+01 1.900000e+01
    endloop
  endfacet
  facet normal 0.000000e+00 0.000000e+00 1.000000e+00
    outer loop
      vertex   -3.150000e+01 2.604088e+01 1.900000e+01
      vertex   -3.235477e+01 2.773674e+01 1.900000e+01
      vertex   -3.253959e+01 2.739097e+01 1.900000e+01
    endloop
  endfacet
  facet normal 0.000000e+00 0.000000e+00 1.000000e+00
    outer loop
      vertex   -3.150000e+01 2.604088e+01 1.900000e+01
      vertex   -3.253959e+01 2.739097e+01 1.900000e+01
      vertex   -3.278831e+01 2.708790e+01 1.900000e+01
    endloop
  endfacet
  facet normal -0.000000e+00 0.000000e+00 1.000000e+00
    outer loop
      vertex   -3.309139e+01 2.683917e+01 1.900000e+01
      vertex   -3.236014e+01 2.544255e+01 1.900000e+01
      vertex   -3.278831e+01 2.708790e+01 1.900000e+01
    endloop
  endfacet
  facet normal 0.000000e+00 0.000000e+00 1.000000e+00
    outer loop
      vertex   -3.278831e+01 2.708790e+01 1.900000e+01
      vertex   -3.236014e+01 2.544255e+01 1.900000e+01
      vertex   -3.190755e+01 2.570934e+01 1.900000e+01
    endloop
  endfacet
  facet normal 0.000000e+00 0.000000e+00 1.000000e+00
    outer loop
      vertex   -3.278831e+01 2.708790e+01 1.900000e+01
      vertex   -3.190755e+01 2.570934e+01 1.900000e+01
      vertex   -3.150000e+01 2.604088e+01 1.900000e+01
    endloop
  endfacet
  facet normal 0.000000e+00 0.000000e+00 1.000000e+00
    outer loop
      vertex   -3.236014e+01 2.544255e+01 1.900000e+01
      vertex   -3.309139e+01 2.683917e+01 1.900000e+01
      vertex   -3.284756e+01 2.524650e+01 1.900000e+01
    endloop
  endfacet
  facet normal 0.000000e+00 0.000000e+00 1.000000e+00
    outer loop
      vertex   -3.284756e+01 2.524650e+01 1.900000e+01
      vertex   -3.309139e+01 2.683917e+01 1.900000e+01
      vertex   -3.343716e+01 2.665435e+01 1.900000e+01
    endloop
  endfacet
  facet normal 0.000000e+00 0.000000e+00 1.000000e+00
    outer loop
      vertex   -3.284756e+01 2.524650e+01 1.900000e+01
      vertex   -3.343716e+01 2.665435e+01 1.900000e+01
      vertex   -3.335883e+01 2.512563e+01 1.900000e+01
    endloop
  endfacet
  facet normal 0.000000e+00 0.000000e+00 1.000000e+00
    outer loop
      vertex   -3.335883e+01 2.512563e+01 1.900000e+01
      vertex   -3.343716e+01 2.665435e+01 1.900000e+01
      vertex   -3.381235e+01 2.654054e+01 1.900000e+01
    endloop
  endfacet
  facet normal 0.000000e+00 0.000000e+00 1.000000e+00
    outer loop
      vertex   -3.335883e+01 2.512563e+01 1.900000e+01
      vertex   -3.381235e+01 2.654054e+01 1.900000e+01
      vertex   -3.388244e+01 2.508264e+01 1.900000e+01
    endloop
  endfacet
  facet normal 0.000000e+00 -0.000000e+00 1.000000e+00
    outer loop
      vertex   -3.388244e+01 2.508264e+01 1.900000e+01
      vertex   -3.381235e+01 2.654054e+01 1.900000e+01
      vertex   -3.420253e+01 2.650211e+01 1.900000e+01
    endloop
  endfacet
  facet normal 0.000000e+00 0.000000e+00 1.000000e+00
    outer loop
      vertex   -3.388244e+01 2.508264e+01 1.900000e+01
      vertex   -3.420253e+01 2.650211e+01 1.900000e+01
      vertex   -3.440658e+01 2.511851e+01 1.900000e+01
    endloop
  endfacet
  facet normal 0.000000e+00 -0.000000e+00 1.000000e+00
    outer loop
      vertex   -3.440658e+01 2.511851e+01 1.900000e+01
      vertex   -3.420253e+01 2.650211e+01 1.900000e+01
      vertex   -3.459271e+01 2.654054e+01 1.900000e+01
    endloop
  endfacet
  facet normal 0.000000e+00 0.000000e+00 1.000000e+00
    outer loop
      vertex   -3.440658e+01 2.511851e+01 1.900000e+01
      vertex   -3.459271e+01 2.654054e+01 1.900000e+01
      vertex   -3.491945e+01 2.523243e+01 1.900000e+01
    endloop
  endfacet
  facet normal 0.000000e+00 -0.000000e+00 1.000000e+00
    outer loop
      vertex   -3.491945e+01 2.523243e+01 1.900000e+01
      vertex   -3.459271e+01 2.654054e+01 1.900000e+01
      vertex   -3.496789e+01 2.665435e+01 1.900000e+01
    endloop
  endfacet
  facet normal 0.000000e+00 0.000000e+00 1.000000e+00
    outer loop
      vertex   -3.491945e+01 2.523243e+01 1.900000e+01
      vertex   -3.496789e+01 2.665435e+01 1.900000e+01
      vertex   -3.540949e+01 2.542184e+01 1.900000e+01
    endloop
  endfacet
  facet normal 0.000000e+00 0.000000e+00 1.000000e+00
    outer loop
      vertex   -3.540949e+01 2.542184e+01 1.900000e+01
      vertex   -3.496789e+01 2.665435e+01 1.900000e+01
      vertex   -3.531367e+01 2.683917e+01 1.900000e+01
    endloop
  endfacet
  facet normal 0.000000e+00 -0.000000e+00 1.000000e+00
    outer loop
      vertex   -3.540949e+01 2.542184e+01 1.900000e+01
      vertex   -3.531367e+01 2.683917e+01 1.900000e+01
      vertex   -3.586565e+01 2.568246e+01 1.900000e+01
    endloop
  endfacet
  facet normal 0.000000e+00 -0.000000e+00 1.000000e+00
    outer loop
      vertex   -3.586565e+01 2.568246e+01 1.900000e+01
      vertex   -3.531367e+01 2.683917e+01 1.900000e+01
      vertex   -3.627767e+01 2.600842e+01 1.900000e+01
    endloop
  endfacet
  facet normal 0.000000e+00 0.000000e+00 1.000000e+00
    outer loop
      vertex   -3.627767e+01 2.600842e+01 1.900000e+01
      vertex   -3.531367e+01 2.683917e+01 1.900000e+01
      vertex   -3.561674e+01 2.708790e+01 1.900000e+01
    endloop
  endfacet
  facet normal 0.000000e+00 -0.000000e+00 1.000000e+00
    outer loop
      vertex   -3.627767e+01 2.600842e+01 1.900000e+01
      vertex   -3.561674e+01 2.708790e+01 1.900000e+01
      vertex   -3.663626e+01 2.639239e+01 1.900000e+01
    endloop
  endfacet
  facet normal 0.000000e+00 0.000000e+00 1.000000e+00
    outer loop
      vertex   -3.663626e+01 2.639239e+01 1.900000e+01
      vertex   -3.561674e+01 2.708790e+01 1.900000e+01
      vertex   -3.586547e+01 2.739097e+01 1.900000e+01
    endloop
  endfacet
  facet normal 0.000000e+00 -0.000000e+00 1.000000e+00
    outer loop
      vertex   -3.663626e+01 2.639239e+01 1.900000e+01
      vertex   -3.586547e+01 2.739097e+01 1.900000e+01
      vertex   -3.693333e+01 2.682570e+01 1.900000e+01
    endloop
  endfacet
  facet normal 0.000000e+00 0.000000e+00 1.000000e+00
    outer loop
      vertex   -3.693333e+01 2.682570e+01 1.900000e+01
      vertex   -3.586547e+01 2.739097e+01 1.900000e+01
      vertex   -3.605029e+01 2.773674e+01 1.900000e+01
    endloop
  endfacet
  facet normal 0.000000e+00 -0.000000e+00 1.000000e+00
    outer loop
      vertex   -3.693333e+01 2.682570e+01 1.900000e+01
      vertex   -3.605029e+01 2.773674e+01 1.900000e+01
      vertex   -3.716220e+01 2.729860e+01 1.900000e+01
    endloop
  endfacet
  facet normal 0.000000e+00 0.000000e+00 1.000000e+00
    outer loop
      vertex   -3.716220e+01 2.729860e+01 1.900000e+01
      vertex   -3.605029e+01 2.773674e+01 1.900000e+01
      vertex   -3.616410e+01 2.811193e+01 1.900000e+01
    endloop
  endfacet
  facet normal 0.000000e+00 -0.000000e+00 1.000000e+00
    outer loop
      vertex   -3.716220e+01 2.729860e+01 1.900000e+01
      vertex   -3.616410e+01 2.811193e+01 1.900000e+01
      vertex   -3.731770e+01 2.780042e+01 1.900000e+01
    endloop
  endfacet
  facet normal 0.000000e+00 -0.000000e+00 1.000000e+00
    outer loop
      vertex   -3.731770e+01 2.780042e+01 1.900000e+01
      vertex   -3.616410e+01 2.811193e+01 1.900000e+01
      vertex   -3.739634e+01 2.831987e+01 1.900000e+01
    endloop
  endfacet
  facet normal -0.000000e+00 0.000000e+00 1.000000e+00
    outer loop
      vertex   -3.739634e+01 2.831987e+01 1.900000e+01
      vertex   -3.616410e+01 2.811193e+01 1.900000e+01
      vertex   -3.620253e+01 2.850211e+01 1.900000e+01
    endloop
  endfacet
  facet normal 0.000000e+00 0.000000e+00 1.000000e+00
    outer loop
      vertex   -3.739634e+01 2.831987e+01 1.900000e+01
      vertex   -3.620253e+01 2.850211e+01 1.900000e+01
      vertex   -3.739634e+01 2.884524e+01 1.900000e+01
    endloop
  endfacet
  facet normal -0.000000e+00 0.000000e+00 1.000000e+00
    outer loop
      vertex   -3.739634e+01 2.884524e+01 1.900000e+01
      vertex   -3.620253e+01 2.850211e+01 1.900000e+01
      vertex   -3.616410e+01 2.889229e+01 1.900000e+01
    endloop
  endfacet
  facet normal 0.000000e+00 0.000000e+00 1.000000e+00
    outer loop
      vertex   -3.739634e+01 2.884524e+01 1.900000e+01
      vertex   -3.616410e+01 2.889229e+01 1.900000e+01
      vertex   -3.731770e+01 2.936469e+01 1.900000e+01
    endloop
  endfacet
  facet normal 0.000000e+00 0.000000e+00 1.000000e+00
    outer loop
      vertex   -3.731770e+01 2.936469e+01 1.900000e+01
      vertex   -3.616410e+01 2.889229e+01 1.900000e+01
      vertex   -3.605029e+01 2.926748e+01 1.900000e+01
    endloop
  endfacet
  facet normal -0.000000e+00 0.000000e+00 1.000000e+00
    outer loop
      vertex   -3.731770e+01 2.936469e+01 1.900000e+01
      vertex   -3.605029e+01 2.926748e+01 1.900000e+01
      vertex   -3.716220e+01 2.986652e+01 1.900000e+01
    endloop
  endfacet
  facet normal -0.000000e+00 0.000000e+00 1.000000e+00
    outer loop
      vertex   -3.716220e+01 2.986652e+01 1.900000e+01
      vertex   -3.605029e+01 2.926748e+01 1.900000e+01
      vertex   -3.693333e+01 3.033942e+01 1.900000e+01
    endloop
  endfacet
  facet normal 0.000000e+00 0.000000e+00 1.000000e+00
    outer loop
      vertex   -3.693333e+01 3.033942e+01 1.900000e+01
      vertex   -3.605029e+01 2.926748e+01 1.900000e+01
      vertex   -3.586547e+01 2.961325e+01 1.900000e+01
    endloop
  endfacet
  facet normal -0.000000e+00 0.000000e+00 1.000000e+00
    outer loop
      vertex   -3.693333e+01 3.033942e+01 1.900000e+01
      vertex   -3.586547e+01 2.961325e+01 1.900000e+01
      vertex   -3.663626e+01 3.077273e+01 1.900000e+01
    endloop
  endfacet
  facet normal 0.000000e+00 0.000000e+00 1.000000e+00
    outer loop
      vertex   -3.663626e+01 3.077273e+01 1.900000e+01
      vertex   -3.586547e+01 2.961325e+01 1.900000e+01
      vertex   -3.561674e+01 2.991632e+01 1.900000e+01
    endloop
  endfacet
  facet normal -0.000000e+00 0.000000e+00 1.000000e+00
    outer loop
      vertex   -3.663626e+01 3.077273e+01 1.900000e+01
      vertex   -3.561674e+01 2.991632e+01 1.900000e+01
      vertex   -3.627767e+01 3.115669e+01 1.900000e+01
    endloop
  endfacet
  facet normal 0.000000e+00 0.000000e+00 1.000000e+00
    outer loop
      vertex   -3.627767e+01 3.115669e+01 1.900000e+01
      vertex   -3.561674e+01 2.991632e+01 1.900000e+01
      vertex   -3.531367e+01 3.016505e+01 1.900000e+01
    endloop
  endfacet
  facet normal -0.000000e+00 0.000000e+00 1.000000e+00
    outer loop
      vertex   -3.627767e+01 3.115669e+01 1.900000e+01
      vertex   -3.531367e+01 3.016505e+01 1.900000e+01
      vertex   -3.586565e+01 3.148266e+01 1.900000e+01
    endloop
  endfacet
  facet normal 0.000000e+00 0.000000e+00 1.000000e+00
    outer loop
      vertex   -3.586565e+01 3.148266e+01 1.900000e+01
      vertex   -3.531367e+01 3.016505e+01 1.900000e+01
      vertex   -3.496789e+01 3.034987e+01 1.900000e+01
    endloop
  endfacet
  facet normal -0.000000e+00 0.000000e+00 1.000000e+00
    outer loop
      vertex   -3.586565e+01 3.148266e+01 1.900000e+01
      vertex   -3.496789e+01 3.034987e+01 1.900000e+01
      vertex   -3.540949e+01 3.174328e+01 1.900000e+01
    endloop
  endfacet
  facet normal -0.000000e+00 0.000000e+00 1.000000e+00
    outer loop
      vertex   -3.540949e+01 3.174328e+01 1.900000e+01
      vertex   -3.496789e+01 3.034987e+01 1.900000e+01
      vertex   -3.491945e+01 3.193268e+01 1.900000e+01
    endloop
  endfacet
  facet normal 0.000000e+00 0.000000e+00 1.000000e+00
    outer loop
      vertex   -3.491945e+01 3.193268e+01 1.900000e+01
      vertex   -3.496789e+01 3.034987e+01 1.900000e+01
      vertex   -3.459271e+01 3.046368e+01 1.900000e+01
    endloop
  endfacet
  facet normal -0.000000e+00 0.000000e+00 1.000000e+00
    outer loop
      vertex   -3.491945e+01 3.193268e+01 1.900000e+01
      vertex   -3.459271e+01 3.046368e+01 1.900000e+01
      vertex   -3.440658e+01 3.204661e+01 1.900000e+01
    endloop
  endfacet
  facet normal 0.000000e+00 0.000000e+00 1.000000e+00
    outer loop
      vertex   -3.440658e+01 3.204661e+01 1.900000e+01
      vertex   -3.459271e+01 3.046368e+01 1.900000e+01
      vertex   -3.420253e+01 3.050211e+01 1.900000e+01
    endloop
  endfacet
  facet normal -0.000000e+00 0.000000e+00 1.000000e+00
    outer loop
      vertex   -3.440658e+01 3.204661e+01 1.900000e+01
      vertex   -3.420253e+01 3.050211e+01 1.900000e+01
      vertex   -3.388244e+01 3.208248e+01 1.900000e+01
    endloop
  endfacet
  facet normal 0.000000e+00 0.000000e+00 1.000000e+00
    outer loop
      vertex   -3.388244e+01 3.208248e+01 1.900000e+01
      vertex   -3.420253e+01 3.050211e+01 1.900000e+01
      vertex   -3.381235e+01 3.046368e+01 1.900000e+01
    endloop
  endfacet
  facet normal 0.000000e+00 0.000000e+00 1.000000e+00
    outer loop
      vertex   -3.388244e+01 3.208248e+01 1.900000e+01
      vertex   -3.381235e+01 3.046368e+01 1.900000e+01
      vertex   -3.335883e+01 3.203949e+01 1.900000e+01
    endloop
  endfacet
  facet normal 0.000000e+00 0.000000e+00 1.000000e+00
    outer loop
      vertex   -3.335883e+01 3.203949e+01 1.900000e+01
      vertex   -3.381235e+01 3.046368e+01 1.900000e+01
      vertex   -3.343716e+01 3.034987e+01 1.900000e+01
    endloop
  endfacet
  facet normal 0.000000e+00 0.000000e+00 1.000000e+00
    outer loop
      vertex   -3.335883e+01 3.203949e+01 1.900000e+01
      vertex   -3.343716e+01 3.034987e+01 1.900000e+01
      vertex   -3.284756e+01 3.191861e+01 1.900000e+01
    endloop
  endfacet
  facet normal 0.000000e+00 0.000000e+00 1.000000e+00
    outer loop
      vertex   -3.284756e+01 3.191861e+01 1.900000e+01
      vertex   -3.343716e+01 3.034987e+01 1.900000e+01
      vertex   -3.309139e+01 3.016505e+01 1.900000e+01
    endloop
  endfacet
  facet normal 0.000000e+00 0.000000e+00 1.000000e+00
    outer loop
      vertex   -3.284756e+01 3.191861e+01 1.900000e+01
      vertex   -3.309139e+01 3.016505e+01 1.900000e+01
      vertex   -3.236014e+01 3.172257e+01 1.900000e+01
    endloop
  endfacet
  facet normal 0.000000e+00 0.000000e+00 1.000000e+00
    outer loop
      vertex   -3.236014e+01 3.172257e+01 1.900000e+01
      vertex   -3.309139e+01 3.016505e+01 1.900000e+01
      vertex   -3.278831e+01 2.991632e+01 1.900000e+01
    endloop
  endfacet
  facet normal 0.000000e+00 0.000000e+00 1.000000e+00
    outer loop
      vertex   2.088471e+00 2.828317e+01 1.900000e+01
      vertex   2.998861e+00 2.858077e+01 1.900000e+01
      vertex   2.126900e+00 2.867335e+01 1.900000e+01
    endloop
  endfacet
  facet normal -0.000000e+00 0.000000e+00 1.000000e+00
    outer loop
      vertex   2.126900e+00 2.867335e+01 1.900000e+01
      vertex   2.998861e+00 2.858077e+01 1.900000e+01
      vertex   2.960953e+00 2.905797e+01 1.900000e+01
    endloop
  endfacet
  facet normal 0.000000e+00 -0.000000e+00 1.000000e+00
    outer loop
      vertex   2.126900e+00 2.867335e+01 1.900000e+01
      vertex   2.960953e+00 2.905797e+01 1.900000e+01
      vertex   2.088471e+00 2.906353e+01 1.900000e+01
    endloop
  endfacet
  facet normal -0.000000e+00 0.000000e+00 1.000000e+00
    outer loop
      vertex   2.088471e+00 2.906353e+01 1.900000e+01
      vertex   2.960953e+00 2.905797e+01 1.900000e+01
      vertex   2.847623e+00 2.952307e+01 1.900000e+01
    endloop
  endfacet
  facet normal 0.000000e+00 -0.000000e+00 1.000000e+00
    outer loop
      vertex   2.088471e+00 2.906353e+01 1.900000e+01
      vertex   2.847623e+00 2.952307e+01 1.900000e+01
      vertex   1.974659e+00 2.943872e+01 1.900000e+01
    endloop
  endfacet
  facet normal 0.000000e+00 0.000000e+00 1.000000e+00
    outer loop
      vertex   1.974659e+00 2.943872e+01 1.900000e+01
      vertex   2.847623e+00 2.952307e+01 1.900000e+01
      vertex   2.661757e+00 2.996422e+01 1.900000e+01
    endloop
  endfacet
  facet normal 0.000000e+00 -0.000000e+00 1.000000e+00
    outer loop
      vertex   1.974659e+00 2.943872e+01 1.900000e+01
      vertex   2.661757e+00 2.996422e+01 1.900000e+01
      vertex   1.789840e+00 2.978449e+01 1.900000e+01
    endloop
  endfacet
  facet normal 0.000000e+00 0.000000e+00 1.000000e+00
    outer loop
      vertex   1.789840e+00 2.978449e+01 1.900000e+01
      vertex   2.661757e+00 2.996422e+01 1.900000e+01
      vertex   2.408088e+00 3.037019e+01 1.900000e+01
    endloop
  endfacet
  facet normal 0.000000e+00 0.000000e+00 1.000000e+00
    outer loop
      vertex   1.789840e+00 2.978449e+01 1.900000e+01
      vertex   2.408088e+00 3.037019e+01 1.900000e+01
      vertex   2.093075e+00 3.073064e+01 1.900000e+01
    endloop
  endfacet
  facet normal -0.000000e+00 0.000000e+00 1.000000e+00
    outer loop
      vertex   1.974659e+00 2.790798e+01 1.900000e+01
      vertex   2.846498e+00 2.763865e+01 1.900000e+01
      vertex   2.088471e+00 2.828317e+01 1.900000e+01
    endloop
  endfacet
  facet normal 0.000000e+00 0.000000e+00 1.000000e+00
    outer loop
      vertex   2.088471e+00 2.828317e+01 1.900000e+01
      vertex   2.846498e+00 2.763865e+01 1.900000e+01
      vertex   2.960383e+00 2.810361e+01 1.900000e+01
    endloop
  endfacet
  facet normal -0.000000e+00 0.000000e+00 1.000000e+00
    outer loop
      vertex   2.088471e+00 2.828317e+01 1.900000e+01
      vertex   2.960383e+00 2.810361e+01 1.900000e+01
      vertex   2.998861e+00 2.858077e+01 1.900000e+01
    endloop
  endfacet
  facet normal 0.000000e+00 0.000000e+00 1.000000e+00
    outer loop
      vertex   2.846498e+00 2.763865e+01 1.900000e+01
      vertex   1.974659e+00 2.790798e+01 1.900000e+01
      vertex   2.660106e+00 2.719772e+01 1.900000e+01
    endloop
  endfacet
  facet normal 0.000000e+00 0.000000e+00 1.000000e+00
    outer loop
      vertex   2.660106e+00 2.719772e+01 1.900000e+01
      vertex   1.974659e+00 2.790798e+01 1.900000e+01
      vertex   1.789840e+00 2.756221e+01 1.900000e+01
    endloop
  endfacet
  facet normal 0.000000e+00 0.000000e+00 1.000000e+00
    outer loop
      vertex   2.660106e+00 2.719772e+01 1.900000e+01
      vertex   1.789840e+00 2.756221e+01 1.900000e+01
      vertex   2.405952e+00 2.679205e+01 1.900000e+01
    endloop
  endfacet
  facet normal 0.000000e+00 0.000000e+00 1.000000e+00
    outer loop
      vertex   2.405952e+00 2.679205e+01 1.900000e+01
      vertex   1.789840e+00 2.756221e+01 1.900000e+01
      vertex   1.541114e+00 2.725914e+01 1.900000e+01
    endloop
  endfacet
  facet normal 0.000000e+00 0.000000e+00 1.000000e+00
    outer loop
      vertex   2.405952e+00 2.679205e+01 1.900000e+01
      vertex   1.541114e+00 2.725914e+01 1.900000e+01
      vertex   2.090509e+00 2.643197e+01 1.900000e+01
    endloop
  endfacet
  facet normal 0.000000e+00 0.000000e+00 1.000000e+00
    outer loop
      vertex   2.090509e+00 2.643197e+01 1.900000e+01
      vertex   1.541114e+00 2.725914e+01 1.900000e+01
      vertex   1.721808e+00 2.612665e+01 1.900000e+01
    endloop
  endfacet
  facet normal 0.000000e+00 0.000000e+00 1.000000e+00
    outer loop
      vertex   1.721808e+00 2.612665e+01 1.900000e+01
      vertex   1.541114e+00 2.725914e+01 1.900000e+01
      vertex   1.238041e+00 2.701041e+01 1.900000e+01
    endloop
  endfacet
  facet normal 0.000000e+00 0.000000e+00 1.000000e+00
    outer loop
      vertex   1.721808e+00 2.612665e+01 1.900000e+01
      vertex   1.238041e+00 2.701041e+01 1.900000e+01
      vertex   1.309237e+00 2.588387e+01 1.900000e+01
    endloop
  endfacet
  facet normal 0.000000e+00 0.000000e+00 1.000000e+00
    outer loop
      vertex   1.309237e+00 2.588387e+01 1.900000e+01
      vertex   1.238041e+00 2.701041e+01 1.900000e+01
      vertex   8.922672e-01 2.682559e+01 1.900000e+01
    endloop
  endfacet
  facet normal 0.000000e+00 0.000000e+00 1.000000e+00
    outer loop
      vertex   1.309237e+00 2.588387e+01 1.900000e+01
      vertex   8.922672e-01 2.682559e+01 1.900000e+01
      vertex   8.633002e-01 2.570980e+01 1.900000e+01
    endloop
  endfacet
  facet normal 0.000000e+00 -0.000000e+00 1.000000e+00
    outer loop
      vertex   8.633002e-01 2.570980e+01 1.900000e+01
      vertex   8.922672e-01 2.682559e+01 1.900000e+01
      vertex   5.170810e-01 2.671178e+01 1.900000e+01
    endloop
  endfacet
  facet normal 0.000000e+00 0.000000e+00 1.000000e+00
    outer loop
      vertex   8.633002e-01 2.570980e+01 1.900000e+01
      vertex   5.170810e-01 2.671178e+01 1.900000e+01
      vertex   3.953533e-01 2.560887e+01 1.900000e+01
    endloop
  endfacet
  facet normal 0.000000e+00 -0.000000e+00 1.000000e+00
    outer loop
      vertex   3.953533e-01 2.560887e+01 1.900000e+01
      vertex   5.170810e-01 2.671178e+01 1.900000e+01
      vertex   1.269003e-01 2.667335e+01 1.900000e+01
    endloop
  endfacet
  facet normal 0.000000e+00 0.000000e+00 1.000000e+00
    outer loop
      vertex   3.953533e-01 2.560887e+01 1.900000e+01
      vertex   1.269003e-01 2.667335e+01 1.900000e+01
      vertex   -8.268909e-02 2.558367e+01 1.900000e+01
    endloop
  endfacet
  facet normal 0.000000e+00 -0.000000e+00 1.000000e+00
    outer loop
      vertex   -8.268909e-02 2.558367e+01 1.900000e+01
      vertex   1.269003e-01 2.667335e+01 1.900000e+01
      vertex   -2.632803e-01 2.671178e+01 1.900000e+01
    endloop
  endfacet
  facet normal 0.000000e+00 0.000000e+00 1.000000e+00
    outer loop
      vertex   -8.268909e-02 2.558367e+01 1.900000e+01
      vertex   -2.632803e-01 2.671178e+01 1.900000e+01
      vertex   -5.586550e-01 2.563482e+01 1.900000e+01
    endloop
  endfacet
  facet normal 0.000000e+00 -0.000000e+00 1.000000e+00
    outer loop
      vertex   -5.586550e-01 2.563482e+01 1.900000e+01
      vertex   -2.632803e-01 2.671178e+01 1.900000e+01
      vertex   -6.384666e-01 2.682559e+01 1.900000e+01
    endloop
  endfacet
  facet normal 0.000000e+00 0.000000e+00 1.000000e+00
    outer loop
      vertex   -5.586550e-01 2.563482e+01 1.900000e+01
      vertex   -6.384666e-01 2.682559e+01 1.900000e+01
      vertex   -1.020425e+00 2.576102e+01 1.900000e+01
    endloop
  endfacet
  facet normal 0.000000e+00 0.000000e+00 1.000000e+00
    outer loop
      vertex   -1.020425e+00 2.576102e+01 1.900000e+01
      vertex   -6.384666e-01 2.682559e+01 1.900000e+01
      vertex   -9.842402e-01 2.701041e+01 1.900000e+01
    endloop
  endfacet
  facet normal 0.000000e+00 -0.000000e+00 1.000000e+00
    outer loop
      vertex   -1.020425e+00 2.576102e+01 1.900000e+01
      vertex   -9.842402e-01 2.701041e+01 1.900000e+01
      vertex   -1.456242e+00 2.595907e+01 1.900000e+01
    endloop
  endfacet
  facet normal 0.000000e+00 -0.000000e+00 1.000000e+00
    outer loop
      vertex   -1.456242e+00 2.595907e+01 1.900000e+01
      vertex   -9.842402e-01 2.701041e+01 1.900000e+01
      vertex   -1.855009e+00 2.622392e+01 1.900000e+01
    endloop
  endfacet
  facet normal 0.000000e+00 0.000000e+00 1.000000e+00
    outer loop
      vertex   -1.855009e+00 2.622392e+01 1.900000e+01
      vertex   -9.842402e-01 2.701041e+01 1.900000e+01
      vertex   -1.287313e+00 2.725914e+01 1.900000e+01
    endloop
  endfacet
  facet normal 0.000000e+00 -0.000000e+00 1.000000e+00
    outer loop
      vertex   -1.855009e+00 2.622392e+01 1.900000e+01
      vertex   -1.287313e+00 2.725914e+01 1.900000e+01
      vertex   -2.206572e+00 2.654883e+01 1.900000e+01
    endloop
  endfacet
  facet normal 0.000000e+00 0.000000e+00 1.000000e+00
    outer loop
      vertex   -2.206572e+00 2.654883e+01 1.900000e+01
      vertex   -1.287313e+00 2.725914e+01 1.900000e+01
      vertex   -1.536039e+00 2.756221e+01 1.900000e+01
    endloop
  endfacet
  facet normal 0.000000e+00 -0.000000e+00 1.000000e+00
    outer loop
      vertex   -2.206572e+00 2.654883e+01 1.900000e+01
      vertex   -1.536039e+00 2.756221e+01 1.900000e+01
      vertex   -2.501980e+00 2.692552e+01 1.900000e+01
    endloop
  endfacet
  facet normal 0.000000e+00 0.000000e+00 1.000000e+00
    outer loop
      vertex   -2.501980e+00 2.692552e+01 1.900000e+01
      vertex   -1.536039e+00 2.756221e+01 1.900000e+01
      vertex   -1.720859e+00 2.790798e+01 1.900000e+01
    endloop
  endfacet
  facet normal 0.000000e+00 0.000000e+00 1.000000e+00
    outer loop
      vertex   -2.501980e+00 2.692552e+01 1.900000e+01
      vertex   -1.720859e+00 2.790798e+01 1.900000e+01
      vertex   -1.834670e+00 2.828317e+01 1.900000e+01
    endloop
  endfacet
  facet normal 0.000000e+00 0.000000e+00 1.000000e+00
    outer loop
      vertex   -1.834670e+00 2.828317e+01 1.900000e+01
      vertex   -1.873100e+00 2.867335e+01 1.900000e+01
      vertex   -2.501980e+00 2.692552e+01 1.900000e+01
    endloop
  endfacet
  facet normal 0.000000e+00 0.000000e+00 1.000000e+00
    outer loop
      vertex   -2.501980e+00 2.692552e+01 1.900000e+01
      vertex   -1.873100e+00 2.867335e+01 1.900000e+01
      vertex   -2.500000e+00 3.024258e+01 1.900000e+01
    endloop
  endfacet
  facet normal 0.000000e+00 -0.000000e+00 1.000000e+00
    outer loop
      vertex   -2.501980e+00 2.692552e+01 1.900000e+01
      vertex   -2.500000e+00 3.024258e+01 1.900000e+01
      vertex   -2.533113e+00 2.659000e+01 1.900000e+01
    endloop
  endfacet
  facet normal 0.000000e+00 -0.000000e+00 1.000000e+00
    outer loop
      vertex   -2.533113e+00 2.659000e+01 1.900000e+01
      vertex   -2.500000e+00 3.024258e+01 1.900000e+01
      vertex   -3.150000e+01 3.112424e+01 1.900000e+01
    endloop
  endfacet
  facet normal 0.000000e+00 0.000000e+00 1.000000e+00
    outer loop
      vertex   -2.533113e+00 2.659000e+01 1.900000e+01
      vertex   -3.150000e+01 3.112424e+01 1.900000e+01
      vertex   -3.150000e+01 2.604088e+01 1.900000e+01
    endloop
  endfacet
  facet normal 0.000000e+00 -0.000000e+00 1.000000e+00
    outer loop
      vertex   -1.873100e+00 2.867335e+01 1.900000e+01
      vertex   -1.834670e+00 2.906353e+01 1.900000e+01
      vertex   -2.500000e+00 3.024258e+01 1.900000e+01
    endloop
  endfacet
  facet normal 0.000000e+00 0.000000e+00 1.000000e+00
    outer loop
      vertex   -2.500000e+00 3.024258e+01 1.900000e+01
      vertex   -1.834670e+00 2.906353e+01 1.900000e+01
      vertex   -1.720859e+00 2.943872e+01 1.900000e+01
    endloop
  endfacet
  facet normal 0.000000e+00 0.000000e+00 1.000000e+00
    outer loop
      vertex   -2.500000e+00 3.024258e+01 1.900000e+01
      vertex   -1.720859e+00 2.943872e+01 1.900000e+01
      vertex   -1.536039e+00 2.978449e+01 1.900000e+01
    endloop
  endfacet
  facet normal -0.000000e+00 0.000000e+00 1.000000e+00
    outer loop
      vertex   -2.500000e+00 3.024258e+01 1.900000e+01
      vertex   -1.536039e+00 2.978449e+01 1.900000e+01
      vertex   -2.204143e+00 3.061892e+01 1.900000e+01
    endloop
  endfacet
  facet normal 0.000000e+00 0.000000e+00 1.000000e+00
    outer loop
      vertex   -2.204143e+00 3.061892e+01 1.900000e+01
      vertex   -1.536039e+00 2.978449e+01 1.900000e+01
      vertex   -1.287313e+00 3.008756e+01 1.900000e+01
    endloop
  endfacet
  facet normal -0.000000e+00 0.000000e+00 1.000000e+00
    outer loop
      vertex   -2.204143e+00 3.061892e+01 1.900000e+01
      vertex   -1.287313e+00 3.008756e+01 1.900000e+01
      vertex   -1.852192e+00 3.094340e+01 1.900000e+01
    endloop
  endfacet
  facet normal -0.000000e+00 0.000000e+00 1.000000e+00
    outer loop
      vertex   -1.852192e+00 3.094340e+01 1.900000e+01
      vertex   -1.287313e+00 3.008756e+01 1.900000e+01
      vertex   -1.453109e+00 3.120778e+01 1.900000e+01
    endloop
  endfacet
  facet normal 0.000000e+00 0.000000e+00 1.000000e+00
    outer loop
      vertex   -1.453109e+00 3.120778e+01 1.900000e+01
      vertex   -1.287313e+00 3.008756e+01 1.900000e+01
      vertex   -9.842402e-01 3.033629e+01 1.900000e+01
    endloop
  endfacet
  facet normal -0.000000e+00 0.000000e+00 1.000000e+00
    outer loop
      vertex   -1.453109e+00 3.120778e+01 1.900000e+01
      vertex   -9.842402e-01 3.033629e+01 1.900000e+01
      vertex   -1.017056e+00 3.140531e+01 1.900000e+01
    endloop
  endfacet
  facet normal 0.000000e+00 0.000000e+00 1.000000e+00
    outer loop
      vertex   -1.017056e+00 3.140531e+01 1.900000e+01
      vertex   -9.842402e-01 3.033629e+01 1.900000e+01
      vertex   -6.384666e-01 3.052111e+01 1.900000e+01
    endloop
  endfacet
  facet normal -0.000000e+00 0.000000e+00 1.000000e+00
    outer loop
      vertex   -1.017056e+00 3.140531e+01 1.900000e+01
      vertex   -6.384666e-01 3.052111e+01 1.900000e+01
      vertex   -5.551351e-01 3.153096e+01 1.900000e+01
    endloop
  endfacet
  facet normal 0.000000e+00 0.000000e+00 1.000000e+00
    outer loop
      vertex   -5.551351e-01 3.153096e+01 1.900000e+01
      vertex   -6.384666e-01 3.052111e+01 1.900000e+01
      vertex   -2.632803e-01 3.063492e+01 1.900000e+01
    endloop
  endfacet
  facet normal -0.000000e+00 0.000000e+00 1.000000e+00
    outer loop
      vertex   -5.551351e-01 3.153096e+01 1.900000e+01
      vertex   -2.632803e-01 3.063492e+01 1.900000e+01
      vertex   -7.910839e-02 3.158154e+01 1.900000e+01
    endloop
  endfacet
  facet normal 0.000000e+00 0.000000e+00 1.000000e+00
    outer loop
      vertex   -7.910839e-02 3.158154e+01 1.900000e+01
      vertex   -2.632803e-01 3.063492e+01 1.900000e+01
      vertex   1.269003e-01 3.067335e+01 1.900000e+01
    endloop
  endfacet
  facet normal 0.000000e+00 0.000000e+00 1.000000e+00
    outer loop
      vertex   -7.910839e-02 3.158154e+01 1.900000e+01
      vertex   1.269003e-01 3.067335e+01 1.900000e+01
      vertex   3.989036e-01 3.155577e+01 1.900000e+01
    endloop
  endfacet
  facet normal 0.000000e+00 0.000000e+00 1.000000e+00
    outer loop
      vertex   3.989036e-01 3.155577e+01 1.900000e+01
      vertex   1.269003e-01 3.067335e+01 1.900000e+01
      vertex   5.170810e-01 3.063492e+01 1.900000e+01
    endloop
  endfacet
  facet normal 0.000000e+00 0.000000e+00 1.000000e+00
    outer loop
      vertex   3.989036e-01 3.155577e+01 1.900000e+01
      vertex   5.170810e-01 3.063492e+01 1.900000e+01
      vertex   8.667296e-01 3.145428e+01 1.900000e+01
    endloop
  endfacet
  facet normal 0.000000e+00 0.000000e+00 1.000000e+00
    outer loop
      vertex   8.667296e-01 3.145428e+01 1.900000e+01
      vertex   5.170810e-01 3.063492e+01 1.900000e+01
      vertex   8.922672e-01 3.052111e+01 1.900000e+01
    endloop
  endfacet
  facet normal 0.000000e+00 0.000000e+00 1.000000e+00
    outer loop
      vertex   8.667296e-01 3.145428e+01 1.900000e+01
      vertex   8.922672e-01 3.052111e+01 1.900000e+01
      vertex   1.312458e+00 3.127968e+01 1.900000e+01
    endloop
  endfacet
  facet normal 0.000000e+00 0.000000e+00 1.000000e+00
    outer loop
      vertex   1.312458e+00 3.127968e+01 1.900000e+01
      vertex   8.922672e-01 3.052111e+01 1.900000e+01
      vertex   1.238041e+00 3.033629e+01 1.900000e+01
    endloop
  endfacet
  facet normal 0.000000e+00 0.000000e+00 1.000000e+00
    outer loop
      vertex   1.312458e+00 3.127968e+01 1.900000e+01
      vertex   1.238041e+00 3.033629e+01 1.900000e+01
      vertex   1.724739e+00 3.103640e+01 1.900000e+01
    endloop
  endfacet
  facet normal 0.000000e+00 0.000000e+00 1.000000e+00
    outer loop
      vertex   1.724739e+00 3.103640e+01 1.900000e+01
      vertex   1.238041e+00 3.033629e+01 1.900000e+01
      vertex   1.541114e+00 3.008756e+01 1.900000e+01
    endloop
  endfacet
  facet normal 0.000000e+00 0.000000e+00 1.000000e+00
    outer loop
      vertex   1.724739e+00 3.103640e+01 1.900000e+01
      vertex   1.541114e+00 3.008756e+01 1.900000e+01
      vertex   2.093075e+00 3.073064e+01 1.900000e+01
    endloop
  endfacet
  facet normal 0.000000e+00 0.000000e+00 1.000000e+00
    outer loop
      vertex   2.093075e+00 3.073064e+01 1.900000e+01
      vertex   1.541114e+00 3.008756e+01 1.900000e+01
      vertex   1.789840e+00 2.978449e+01 1.900000e+01
    endloop
  endfacet
  facet normal -0.000000e+00 0.000000e+00 1.000000e+00
    outer loop
      vertex   2.110009e+00 -1.048232e+01 1.900000e+01
      vertex   2.960686e+00 -1.055250e+01 1.900000e+01
      vertex   2.148862e+00 -1.007543e+01 1.900000e+01
    endloop
  endfacet
  facet normal -0.000000e+00 0.000000e+00 1.000000e+00
    outer loop
      vertex   2.148862e+00 -1.007543e+01 1.900000e+01
      vertex   2.960686e+00 -1.055250e+01 1.900000e+01
      vertex   2.998862e+00 -1.007543e+01 1.900000e+01
    endloop
  endfacet
  facet normal 0.000000e+00 0.000000e+00 1.000000e+00
    outer loop
      vertex   2.148862e+00 -1.007543e+01 1.900000e+01
      vertex   2.998862e+00 -1.007543e+01 1.900000e+01
      vertex   2.960686e+00 -9.598359e+00 1.900000e+01
    endloop
  endfacet
  facet normal 0.000000e+00 0.000000e+00 1.000000e+00
    outer loop
      vertex   2.960686e+00 -1.055250e+01 1.900000e+01
      vertex   2.110009e+00 -1.048232e+01 1.900000e+01
      vertex   2.847131e+00 -1.101743e+01 1.900000e+01
    endloop
  endfacet
  facet normal 0.000000e+00 0.000000e+00 1.000000e+00
    outer loop
      vertex   2.847131e+00 -1.101743e+01 1.900000e+01
      vertex   2.110009e+00 -1.048232e+01 1.900000e+01
      vertex   1.994853e+00 -1.087450e+01 1.900000e+01
    endloop
  endfacet
  facet normal 0.000000e+00 0.000000e+00 1.000000e+00
    outer loop
      vertex   2.847131e+00 -1.101743e+01 1.900000e+01
      vertex   1.994853e+00 -1.087450e+01 1.900000e+01
      vertex   2.661087e+00 -1.145838e+01 1.900000e+01
    endloop
  endfacet
  facet normal 0.000000e+00 0.000000e+00 1.000000e+00
    outer loop
      vertex   2.661087e+00 -1.145838e+01 1.900000e+01
      vertex   1.994853e+00 -1.087450e+01 1.900000e+01
      vertex   1.807557e+00 -1.123781e+01 1.900000e+01
    endloop
  endfacet
  facet normal 0.000000e+00 0.000000e+00 1.000000e+00
    outer loop
      vertex   2.661087e+00 -1.145838e+01 1.900000e+01
      vertex   1.807557e+00 -1.123781e+01 1.900000e+01
      vertex   2.407288e+00 -1.186414e+01 1.900000e+01
    endloop
  endfacet
  facet normal 0.000000e+00 0.000000e+00 1.000000e+00
    outer loop
      vertex   2.407288e+00 -1.186414e+01 1.900000e+01
      vertex   1.807557e+00 -1.123781e+01 1.900000e+01
      vertex   1.554890e+00 -1.155910e+01 1.900000e+01
    endloop
  endfacet
  facet normal 0.000000e+00 0.000000e+00 1.000000e+00
    outer loop
      vertex   2.407288e+00 -1.186414e+01 1.900000e+01
      vertex   1.554890e+00 -1.155910e+01 1.900000e+01
      vertex   2.092194e+00 -1.222437e+01 1.900000e+01
    endloop
  endfacet
  facet normal 0.000000e+00 0.000000e+00 1.000000e+00
    outer loop
      vertex   2.092194e+00 -1.222437e+01 1.900000e+01
      vertex   1.554890e+00 -1.155910e+01 1.900000e+01
      vertex   1.723823e+00 -1.252992e+01 1.900000e+01
    endloop
  endfacet
  facet normal 0.000000e+00 0.000000e+00 1.000000e+00
    outer loop
      vertex   1.723823e+00 -1.252992e+01 1.900000e+01
      vertex   1.554890e+00 -1.155910e+01 1.900000e+01
      vertex   1.245984e+00 -1.182677e+01 1.900000e+01
    endloop
  endfacet
  facet normal 0.000000e+00 0.000000e+00 1.000000e+00
    outer loop
      vertex   1.723823e+00 -1.252992e+01 1.900000e+01
      vertex   1.245984e+00 -1.182677e+01 1.900000e+01
      vertex   1.311552e+00 -1.277299e+01 1.900000e+01
    endloop
  endfacet
  facet normal 0.000000e+00 0.000000e+00 1.000000e+00
    outer loop
      vertex   1.311552e+00 -1.277299e+01 1.900000e+01
      vertex   1.245984e+00 -1.182677e+01 1.900000e+01
      vertex   8.920041e-01 -1.203114e+01 1.900000e+01
    endloop
  endfacet
  facet normal 0.000000e+00 0.000000e+00 1.000000e+00
    outer loop
      vertex   1.311552e+00 -1.277299e+01 1.900000e+01
      vertex   8.920041e-01 -1.203114e+01 1.900000e+01
      vertex   8.658724e-01 -1.294741e+01 1.900000e+01
    endloop
  endfacet
  facet normal 0.000000e+00 -0.000000e+00 1.000000e+00
    outer loop
      vertex   8.658724e-01 -1.294741e+01 1.900000e+01
      vertex   8.920041e-01 -1.203114e+01 1.900000e+01
      vertex   5.057435e-01 -1.216482e+01 1.900000e+01
    endloop
  endfacet
  facet normal 0.000000e+00 0.000000e+00 1.000000e+00
    outer loop
      vertex   8.658724e-01 -1.294741e+01 1.900000e+01
      vertex   5.057435e-01 -1.216482e+01 1.900000e+01
      vertex   3.981270e-01 -1.304874e+01 1.900000e+01
    endloop
  endfacet
  facet normal 0.000000e+00 -0.000000e+00 1.000000e+00
    outer loop
      vertex   3.981270e-01 -1.304874e+01 1.900000e+01
      vertex   5.057435e-01 -1.216482e+01 1.900000e+01
      vertex   1.011629e-01 -1.222299e+01 1.900000e+01
    endloop
  endfacet
  facet normal 0.000000e+00 0.000000e+00 1.000000e+00
    outer loop
      vertex   3.981270e-01 -1.304874e+01 1.900000e+01
      vertex   1.011629e-01 -1.222299e+01 1.900000e+01
      vertex   -7.977978e-02 -1.307440e+01 1.900000e+01
    endloop
  endfacet
  facet normal 0.000000e+00 -0.000000e+00 1.000000e+00
    outer loop
      vertex   -7.977978e-02 -1.307440e+01 1.900000e+01
      vertex   1.011629e-01 -1.222299e+01 1.900000e+01
      vertex   -3.071151e-01 -1.220354e+01 1.900000e+01
    endloop
  endfacet
  facet normal 0.000000e+00 0.000000e+00 1.000000e+00
    outer loop
      vertex   -7.977978e-02 -1.307440e+01 1.900000e+01
      vertex   -3.071151e-01 -1.220354e+01 1.900000e+01
      vertex   -5.556851e-01 -1.302373e+01 1.900000e+01
    endloop
  endfacet
  facet normal 0.000000e+00 -0.000000e+00 1.000000e+00
    outer loop
      vertex   -5.556851e-01 -1.302373e+01 1.900000e+01
      vertex   -3.071151e-01 -1.220354e+01 1.900000e+01
      vertex   -7.043343e-01 -1.210718e+01 1.900000e+01
    endloop
  endfacet
  facet normal 0.000000e+00 0.000000e+00 1.000000e+00
    outer loop
      vertex   -5.556851e-01 -1.302373e+01 1.900000e+01
      vertex   -7.043343e-01 -1.210718e+01 1.900000e+01
      vertex   -1.017477e+00 -1.289803e+01 1.900000e+01
    endloop
  endfacet
  facet normal 0.000000e+00 -0.000000e+00 1.000000e+00
    outer loop
      vertex   -1.017477e+00 -1.289803e+01 1.900000e+01
      vertex   -7.043343e-01 -1.210718e+01 1.900000e+01
      vertex   -1.076138e+00 -1.193738e+01 1.900000e+01
    endloop
  endfacet
  facet normal 0.000000e+00 0.000000e+00 1.000000e+00
    outer loop
      vertex   -1.017477e+00 -1.289803e+01 1.900000e+01
      vertex   -1.076138e+00 -1.193738e+01 1.900000e+01
      vertex   -1.453403e+00 -1.270049e+01 1.900000e+01
    endloop
  endfacet
  facet normal 0.000000e+00 0.000000e+00 1.000000e+00
    outer loop
      vertex   -1.453403e+00 -1.270049e+01 1.900000e+01
      vertex   -1.076138e+00 -1.193738e+01 1.900000e+01
      vertex   -1.409089e+00 -1.170029e+01 1.900000e+01
    endloop
  endfacet
  facet normal 0.000000e+00 -0.000000e+00 1.000000e+00
    outer loop
      vertex   -1.453403e+00 -1.270049e+01 1.900000e+01
      vertex   -1.409089e+00 -1.170029e+01 1.900000e+01
      vertex   -1.852368e+00 -1.243614e+01 1.900000e+01
    endloop
  endfacet
  facet normal 0.000000e+00 -0.000000e+00 1.000000e+00
    outer loop
      vertex   -1.852368e+00 -1.243614e+01 1.900000e+01
      vertex   -1.409089e+00 -1.170029e+01 1.900000e+01
      vertex   -2.204219e+00 -1.211171e+01 1.900000e+01
    endloop
  endfacet
  facet normal 0.000000e+00 0.000000e+00 1.000000e+00
    outer loop
      vertex   -2.204219e+00 -1.211171e+01 1.900000e+01
      vertex   -1.409089e+00 -1.170029e+01 1.900000e+01
      vertex   -1.691152e+00 -1.140447e+01 1.900000e+01
    endloop
  endfacet
  facet normal 0.000000e+00 -0.000000e+00 1.000000e+00
    outer loop
      vertex   -2.204219e+00 -1.211171e+01 1.900000e+01
      vertex   -1.691152e+00 -1.140447e+01 1.900000e+01
      vertex   -2.500000e+00 -1.173546e+01 1.900000e+01
    endloop
  endfacet
  facet normal 0.000000e+00 0.000000e+00 1.000000e+00
    outer loop
      vertex   -2.500000e+00 -1.173546e+01 1.900000e+01
      vertex   -1.691152e+00 -1.140447e+01 1.900000e+01
      vertex   -1.912134e+00 -1.106062e+01 1.900000e+01
    endloop
  endfacet
  facet normal 0.000000e+00 0.000000e+00 1.000000e+00
    outer loop
      vertex   -2.500000e+00 -1.173546e+01 1.900000e+01
      vertex   -1.912134e+00 -1.106062e+01 1.900000e+01
      vertex   -2.064048e+00 -1.068115e+01 1.900000e+01
    endloop
  endfacet
  facet normal 0.000000e+00 0.000000e+00 1.000000e+00
    outer loop
      vertex   -2.064048e+00 -1.068115e+01 1.900000e+01
      vertex   -2.141403e+00 -1.027980e+01 1.900000e+01
      vertex   -2.500000e+00 -1.173546e+01 1.900000e+01
    endloop
  endfacet
  facet normal 0.000000e+00 -0.000000e+00 1.000000e+00
    outer loop
      vertex   -2.500000e+00 -1.173546e+01 1.900000e+01
      vertex   -2.141403e+00 -1.027980e+01 1.900000e+01
      vertex   -2.500000e+00 -8.415402e+00 1.900000e+01
    endloop
  endfacet
  facet normal 0.000000e+00 0.000000e+00 1.000000e+00
    outer loop
      vertex   -2.500000e+00 -1.173546e+01 1.900000e+01
      vertex   -2.500000e+00 -8.415402e+00 1.900000e+01
      vertex   -3.150000e+01 -1.186712e+01 1.900000e+01
    endloop
  endfacet
  facet normal 0.000000e+00 0.000000e+00 1.000000e+00
    outer loop
      vertex   -3.150000e+01 -1.186712e+01 1.900000e+01
      vertex   -2.500000e+00 -8.415402e+00 1.900000e+01
      vertex   -3.150000e+01 -8.283742e+00 1.900000e+01
    endloop
  endfacet
  facet normal 0.000000e+00 -0.000000e+00 1.000000e+00
    outer loop
      vertex   -2.141403e+00 -1.027980e+01 1.900000e+01
      vertex   -2.141403e+00 -9.871058e+00 1.900000e+01
      vertex   -2.500000e+00 -8.415402e+00 1.900000e+01
    endloop
  endfacet
  facet normal 0.000000e+00 0.000000e+00 1.000000e+00
    outer loop
      vertex   -2.500000e+00 -8.415402e+00 1.900000e+01
      vertex   -2.141403e+00 -9.871058e+00 1.900000e+01
      vertex   -2.064048e+00 -9.469704e+00 1.900000e+01
    endloop
  endfacet
  facet normal 0.000000e+00 0.000000e+00 1.000000e+00
    outer loop
      vertex   -2.500000e+00 -8.415402e+00 1.900000e+01
      vertex   -2.064048e+00 -9.469704e+00 1.900000e+01
      vertex   -1.912134e+00 -9.090242e+00 1.900000e+01
    endloop
  endfacet
  facet normal 0.000000e+00 -0.000000e+00 1.000000e+00
    outer loop
      vertex   -1.912134e+00 -9.090242e+00 1.900000e+01
      vertex   -1.691152e+00 -8.746387e+00 1.900000e+01
      vertex   -2.500000e+00 -8.415402e+00 1.900000e+01
    endloop
  endfacet
  facet normal -0.000000e+00 0.000000e+00 1.000000e+00
    outer loop
      vertex   -2.500000e+00 -8.415402e+00 1.900000e+01
      vertex   -1.691152e+00 -8.746387e+00 1.900000e+01
      vertex   -2.204219e+00 -8.039149e+00 1.900000e+01
    endloop
  endfacet
  facet normal 0.000000e+00 0.000000e+00 1.000000e+00
    outer loop
      vertex   -2.204219e+00 -8.039149e+00 1.900000e+01
      vertex   -1.691152e+00 -8.746387e+00 1.900000e+01
      vertex   -1.409089e+00 -8.450567e+00 1.900000e+01
    endloop
  endfacet
  facet normal -0.000000e+00 0.000000e+00 1.000000e+00
    outer loop
      vertex   -2.204219e+00 -8.039149e+00 1.900000e+01
      vertex   -1.409089e+00 -8.450567e+00 1.900000e+01
      vertex   -1.852368e+00 -7.714719e+00 1.900000e+01
    endloop
  endfacet
  facet normal -0.000000e+00 0.000000e+00 1.000000e+00
    outer loop
      vertex   -1.852368e+00 -7.714719e+00 1.900000e+01
      vertex   -1.409089e+00 -8.450567e+00 1.900000e+01
      vertex   -1.453403e+00 -7.450371e+00 1.900000e+01
    endloop
  endfacet
  facet normal 0.000000e+00 0.000000e+00 1.000000e+00
    outer loop
      vertex   -1.453403e+00 -7.450371e+00 1.900000e+01
      vertex   -1.409089e+00 -8.450567e+00 1.900000e+01
      vertex   -1.076138e+00 -8.213474e+00 1.900000e+01
    endloop
  endfacet
  facet normal -0.000000e+00 0.000000e+00 1.000000e+00
    outer loop
      vertex   -1.453403e+00 -7.450371e+00 1.900000e+01
      vertex   -1.076138e+00 -8.213474e+00 1.900000e+01
      vertex   -1.017477e+00 -7.252831e+00 1.900000e+01
    endloop
  endfacet
  facet normal 0.000000e+00 0.000000e+00 1.000000e+00
    outer loop
      vertex   -1.017477e+00 -7.252831e+00 1.900000e+01
      vertex   -1.076138e+00 -8.213474e+00 1.900000e+01
      vertex   -7.043343e-01 -8.043677e+00 1.900000e+01
    endloop
  endfacet
  facet normal -0.000000e+00 0.000000e+00 1.000000e+00
    outer loop
      vertex   -1.017477e+00 -7.252831e+00 1.900000e+01
      vertex   -7.043343e-01 -8.043677e+00 1.900000e+01
      vertex   -5.556851e-01 -7.127128e+00 1.900000e+01
    endloop
  endfacet
  facet normal 0.000000e+00 0.000000e+00 1.000000e+00
    outer loop
      vertex   -5.556851e-01 -7.127128e+00 1.900000e+01
      vertex   -7.043343e-01 -8.043677e+00 1.900000e+01
      vertex   -3.071151e-01 -7.947313e+00 1.900000e+01
    endloop
  endfacet
  facet normal -0.000000e+00 0.000000e+00 1.000000e+00
    outer loop
      vertex   -5.556851e-01 -7.127128e+00 1.900000e+01
      vertex   -3.071151e-01 -7.947313e+00 1.900000e+01
      vertex   -7.977978e-02 -7.076460e+00 1.900000e+01
    endloop
  endfacet
  facet normal 0.000000e+00 0.000000e+00 1.000000e+00
    outer loop
      vertex   -7.977978e-02 -7.076460e+00 1.900000e+01
      vertex   -3.071151e-01 -7.947313e+00 1.900000e+01
      vertex   1.011629e-01 -7.927864e+00 1.900000e+01
    endloop
  endfacet
  facet normal 0.000000e+00 0.000000e+00 1.000000e+00
    outer loop
      vertex   -7.977978e-02 -7.076460e+00 1.900000e+01
      vertex   1.011629e-01 -7.927864e+00 1.900000e+01
      vertex   3.981270e-01 -7.102116e+00 1.900000e+01
    endloop
  endfacet
  facet normal 0.000000e+00 0.000000e+00 1.000000e+00
    outer loop
      vertex   3.981270e-01 -7.102116e+00 1.900000e+01
      vertex   1.011629e-01 -7.927864e+00 1.900000e+01
      vertex   5.057435e-01 -7.986034e+00 1.900000e+01
    endloop
  endfacet
  facet normal 0.000000e+00 0.000000e+00 1.000000e+00
    outer loop
      vertex   3.981270e-01 -7.102116e+00 1.900000e+01
      vertex   5.057435e-01 -7.986034e+00 1.900000e+01
      vertex   8.658724e-01 -7.203445e+00 1.900000e+01
    endloop
  endfacet
  facet normal 0.000000e+00 0.000000e+00 1.000000e+00
    outer loop
      vertex   8.658724e-01 -7.203445e+00 1.900000e+01
      vertex   5.057435e-01 -7.986034e+00 1.900000e+01
      vertex   8.920041e-01 -8.119720e+00 1.900000e+01
    endloop
  endfacet
  facet normal 0.000000e+00 0.000000e+00 1.000000e+00
    outer loop
      vertex   8.658724e-01 -7.203445e+00 1.900000e+01
      vertex   8.920041e-01 -8.119720e+00 1.900000e+01
      vertex   1.311552e+00 -7.377866e+00 1.900000e+01
    endloop
  endfacet
  facet normal 0.000000e+00 0.000000e+00 1.000000e+00
    outer loop
      vertex   1.311552e+00 -7.377866e+00 1.900000e+01
      vertex   8.920041e-01 -8.119720e+00 1.900000e+01
      vertex   1.245984e+00 -8.324090e+00 1.900000e+01
    endloop
  endfacet
  facet normal 0.000000e+00 0.000000e+00 1.000000e+00
    outer loop
      vertex   1.311552e+00 -7.377866e+00 1.900000e+01
      vertex   1.245984e+00 -8.324090e+00 1.900000e+01
      vertex   1.723823e+00 -7.620941e+00 1.900000e+01
    endloop
  endfacet
  facet normal 0.000000e+00 0.000000e+00 1.000000e+00
    outer loop
      vertex   1.723823e+00 -7.620941e+00 1.900000e+01
      vertex   1.245984e+00 -8.324090e+00 1.900000e+01
      vertex   1.554890e+00 -8.591759e+00 1.900000e+01
    endloop
  endfacet
  facet normal 0.000000e+00 0.000000e+00 1.000000e+00
    outer loop
      vertex   1.723823e+00 -7.620941e+00 1.900000e+01
      vertex   1.554890e+00 -8.591759e+00 1.900000e+01
      vertex   2.092194e+00 -7.926484e+00 1.900000e+01
    endloop
  endfacet
  facet normal 0.000000e+00 0.000000e+00 1.000000e+00
    outer loop
      vertex   2.092194e+00 -7.926484e+00 1.900000e+01
      vertex   1.554890e+00 -8.591759e+00 1.900000e+01
      vertex   2.407288e+00 -8.286719e+00 1.900000e+01
    endloop
  endfacet
  facet normal 0.000000e+00 0.000000e+00 1.000000e+00
    outer loop
      vertex   2.407288e+00 -8.286719e+00 1.900000e+01
      vertex   1.554890e+00 -8.591759e+00 1.900000e+01
      vertex   1.807557e+00 -8.913051e+00 1.900000e+01
    endloop
  endfacet
  facet normal 0.000000e+00 0.000000e+00 1.000000e+00
    outer loop
      vertex   2.407288e+00 -8.286719e+00 1.900000e+01
      vertex   1.807557e+00 -8.913051e+00 1.900000e+01
      vertex   2.661087e+00 -8.692476e+00 1.900000e+01
    endloop
  endfacet
  facet normal 0.000000e+00 0.000000e+00 1.000000e+00
    outer loop
      vertex   2.661087e+00 -8.692476e+00 1.900000e+01
      vertex   1.807557e+00 -8.913051e+00 1.900000e+01
      vertex   1.994853e+00 -9.276354e+00 1.900000e+01
    endloop
  endfacet
  facet normal 0.000000e+00 0.000000e+00 1.000000e+00
    outer loop
      vertex   2.661087e+00 -8.692476e+00 1.900000e+01
      vertex   1.994853e+00 -9.276354e+00 1.900000e+01
      vertex   2.847131e+00 -9.133430e+00 1.900000e+01
    endloop
  endfacet
  facet normal 0.000000e+00 0.000000e+00 1.000000e+00
    outer loop
      vertex   2.847131e+00 -9.133430e+00 1.900000e+01
      vertex   1.994853e+00 -9.276354e+00 1.900000e+01
      vertex   2.110009e+00 -9.668539e+00 1.900000e+01
    endloop
  endfacet
  facet normal 0.000000e+00 0.000000e+00 1.000000e+00
    outer loop
      vertex   2.847131e+00 -9.133430e+00 1.900000e+01
      vertex   2.110009e+00 -9.668539e+00 1.900000e+01
      vertex   2.960686e+00 -9.598359e+00 1.900000e+01
    endloop
  endfacet
  facet normal 0.000000e+00 0.000000e+00 1.000000e+00
    outer loop
      vertex   2.960686e+00 -9.598359e+00 1.900000e+01
      vertex   2.110009e+00 -9.668539e+00 1.900000e+01
      vertex   2.148862e+00 -1.007543e+01 1.900000e+01
    endloop
  endfacet
  facet normal 0.000000e+00 0.000000e+00 1.000000e+00
    outer loop
      vertex   -3.150000e+01 3.360000e+01 1.900000e+01
      vertex   -3.150000e+01 3.112424e+01 1.900000e+01
      vertex   -2.500000e+00 3.360000e+01 1.900000e+01
    endloop
  endfacet
  facet normal 0.000000e+00 0.000000e+00 1.000000e+00
    outer loop
      vertex   -2.500000e+00 3.360000e+01 1.900000e+01
      vertex   -3.150000e+01 3.112424e+01 1.900000e+01
      vertex   -2.500000e+00 3.024258e+01 1.900000e+01
    endloop
  endfacet
  facet normal 0.000000e+00 0.000000e+00 1.000000e+00
    outer loop
      vertex   -2.533113e+00 2.659000e+01 1.900000e+01
      vertex   -3.150000e+01 2.604088e+01 1.900000e+01
      vertex   -3.146689e+01 2.405000e+01 1.900000e+01
    endloop
  endfacet
  facet normal 0.000000e+00 0.000000e+00 1.000000e+00
    outer loop
      vertex   -3.146689e+01 2.405000e+01 1.900000e+01
      vertex   -3.150000e+01 2.604088e+01 1.900000e+01
      vertex   -3.150000e+01 2.449450e+01 1.900000e+01
    endloop
  endfacet
  facet normal 0.000000e+00 0.000000e+00 1.000000e+00
    outer loop
      vertex   -3.146689e+01 2.405000e+01 1.900000e+01
      vertex   -3.150000e+01 2.449450e+01 1.900000e+01
      vertex   -3.148527e+01 2.419756e+01 1.900000e+01
    endloop
  endfacet
  facet normal 0.000000e+00 0.000000e+00 1.000000e+00
    outer loop
      vertex   -3.148527e+01 2.419756e+01 1.900000e+01
      vertex   -3.150000e+01 2.449450e+01 1.900000e+01
      vertex   -3.149631e+01 2.434585e+01 1.900000e+01
    endloop
  endfacet
  facet normal -0.000000e+00 0.000000e+00 1.000000e+00
    outer loop
      vertex   -3.148527e+01 2.390244e+01 1.900000e+01
      vertex   -3.150000e+01 2.360550e+01 1.900000e+01
      vertex   -3.146689e+01 2.405000e+01 1.900000e+01
    endloop
  endfacet
  facet normal 0.000000e+00 0.000000e+00 1.000000e+00
    outer loop
      vertex   -3.146689e+01 2.405000e+01 1.900000e+01
      vertex   -3.150000e+01 2.360550e+01 1.900000e+01
      vertex   -3.150000e+01 2.195450e+01 1.900000e+01
    endloop
  endfacet
  facet normal 0.000000e+00 0.000000e+00 1.000000e+00
    outer loop
      vertex   -3.146689e+01 2.405000e+01 1.900000e+01
      vertex   -3.150000e+01 2.195450e+01 1.900000e+01
      vertex   -3.146689e+01 2.151000e+01 1.900000e+01
    endloop
  endfacet
  facet normal 0.000000e+00 0.000000e+00 1.000000e+00
    outer loop
      vertex   -3.146689e+01 2.151000e+01 1.900000e+01
      vertex   -3.150000e+01 2.195450e+01 1.900000e+01
      vertex   -3.148527e+01 2.165756e+01 1.900000e+01
    endloop
  endfacet
  facet normal 0.000000e+00 0.000000e+00 1.000000e+00
    outer loop
      vertex   -3.148527e+01 2.165756e+01 1.900000e+01
      vertex   -3.150000e+01 2.195450e+01 1.900000e+01
      vertex   -3.149631e+01 2.180585e+01 1.900000e+01
    endloop
  endfacet
  facet normal 0.000000e+00 0.000000e+00 1.000000e+00
    outer loop
      vertex   -3.148527e+01 2.390244e+01 1.900000e+01
      vertex   -3.149631e+01 2.375415e+01 1.900000e+01
      vertex   -3.150000e+01 2.360550e+01 1.900000e+01
    endloop
  endfacet
  facet normal -0.000000e+00 0.000000e+00 1.000000e+00
    outer loop
      vertex   -3.148527e+01 2.136244e+01 1.900000e+01
      vertex   -3.150000e+01 2.106550e+01 1.900000e+01
      vertex   -3.146689e+01 2.151000e+01 1.900000e+01
    endloop
  endfacet
  facet normal 0.000000e+00 0.000000e+00 1.000000e+00
    outer loop
      vertex   -3.146689e+01 2.151000e+01 1.900000e+01
      vertex   -3.150000e+01 2.106550e+01 1.900000e+01
      vertex   -3.150000e+01 1.941450e+01 1.900000e+01
    endloop
  endfacet
  facet normal 0.000000e+00 0.000000e+00 1.000000e+00
    outer loop
      vertex   -3.146689e+01 2.151000e+01 1.900000e+01
      vertex   -3.150000e+01 1.941450e+01 1.900000e+01
      vertex   -3.146689e+01 1.897000e+01 1.900000e+01
    endloop
  endfacet
  facet normal 0.000000e+00 0.000000e+00 1.000000e+00
    outer loop
      vertex   -3.146689e+01 1.897000e+01 1.900000e+01
      vertex   -3.150000e+01 1.941450e+01 1.900000e+01
      vertex   -3.148527e+01 1.911756e+01 1.900000e+01
    endloop
  endfacet
  facet normal 0.000000e+00 0.000000e+00 1.000000e+00
    outer loop
      vertex   -3.148527e+01 1.911756e+01 1.900000e+01
      vertex   -3.150000e+01 1.941450e+01 1.900000e+01
      vertex   -3.149631e+01 1.926585e+01 1.900000e+01
    endloop
  endfacet
  facet normal 0.000000e+00 0.000000e+00 1.000000e+00
    outer loop
      vertex   -3.148527e+01 2.136244e+01 1.900000e+01
      vertex   -3.149631e+01 2.121415e+01 1.900000e+01
      vertex   -3.150000e+01 2.106550e+01 1.900000e+01
    endloop
  endfacet
  facet normal -0.000000e+00 0.000000e+00 1.000000e+00
    outer loop
      vertex   -3.148527e+01 1.882244e+01 1.900000e+01
      vertex   -3.150000e+01 1.852550e+01 1.900000e+01
      vertex   -3.146689e+01 1.897000e+01 1.900000e+01
    endloop
  endfacet
  facet normal 0.000000e+00 0.000000e+00 1.000000e+00
    outer loop
      vertex   -3.146689e+01 1.897000e+01 1.900000e+01
      vertex   -3.150000e+01 1.852550e+01 1.900000e+01
      vertex   -3.150000e+01 1.687450e+01 1.900000e+01
    endloop
  endfacet
  facet normal 0.000000e+00 0.000000e+00 1.000000e+00
    outer loop
      vertex   -3.146689e+01 1.897000e+01 1.900000e+01
      vertex   -3.150000e+01 1.687450e+01 1.900000e+01
      vertex   -3.146689e+01 1.643000e+01 1.900000e+01
    endloop
  endfacet
  facet normal 0.000000e+00 0.000000e+00 1.000000e+00
    outer loop
      vertex   -3.146689e+01 1.643000e+01 1.900000e+01
      vertex   -3.150000e+01 1.687450e+01 1.900000e+01
      vertex   -3.148527e+01 1.657756e+01 1.900000e+01
    endloop
  endfacet
  facet normal 0.000000e+00 0.000000e+00 1.000000e+00
    outer loop
      vertex   -3.148527e+01 1.657756e+01 1.900000e+01
      vertex   -3.150000e+01 1.687450e+01 1.900000e+01
      vertex   -3.149631e+01 1.672585e+01 1.900000e+01
    endloop
  endfacet
  facet normal 0.000000e+00 0.000000e+00 1.000000e+00
    outer loop
      vertex   -3.148527e+01 1.882244e+01 1.900000e+01
      vertex   -3.149631e+01 1.867415e+01 1.900000e+01
      vertex   -3.150000e+01 1.852550e+01 1.900000e+01
    endloop
  endfacet
  facet normal -0.000000e+00 0.000000e+00 1.000000e+00
    outer loop
      vertex   -3.148527e+01 1.628244e+01 1.900000e+01
      vertex   -3.150000e+01 1.598550e+01 1.900000e+01
      vertex   -3.146689e+01 1.643000e+01 1.900000e+01
    endloop
  endfacet
  facet normal 0.000000e+00 0.000000e+00 1.000000e+00
    outer loop
      vertex   -3.146689e+01 1.643000e+01 1.900000e+01
      vertex   -3.150000e+01 1.598550e+01 1.900000e+01
      vertex   -3.150000e+01 1.433450e+01 1.900000e+01
    endloop
  endfacet
  facet normal 0.000000e+00 0.000000e+00 1.000000e+00
    outer loop
      vertex   -3.146689e+01 1.643000e+01 1.900000e+01
      vertex   -3.150000e+01 1.433450e+01 1.900000e+01
      vertex   -3.146689e+01 1.389000e+01 1.900000e+01
    endloop
  endfacet
  facet normal 0.000000e+00 0.000000e+00 1.000000e+00
    outer loop
      vertex   -3.146689e+01 1.389000e+01 1.900000e+01
      vertex   -3.150000e+01 1.433450e+01 1.900000e+01
      vertex   -3.148527e+01 1.403756e+01 1.900000e+01
    endloop
  endfacet
  facet normal 0.000000e+00 0.000000e+00 1.000000e+00
    outer loop
      vertex   -3.148527e+01 1.403756e+01 1.900000e+01
      vertex   -3.150000e+01 1.433450e+01 1.900000e+01
      vertex   -3.149631e+01 1.418585e+01 1.900000e+01
    endloop
  endfacet
  facet normal 0.000000e+00 0.000000e+00 1.000000e+00
    outer loop
      vertex   -3.148527e+01 1.628244e+01 1.900000e+01
      vertex   -3.149631e+01 1.613415e+01 1.900000e+01
      vertex   -3.150000e+01 1.598550e+01 1.900000e+01
    endloop
  endfacet
  facet normal -0.000000e+00 0.000000e+00 1.000000e+00
    outer loop
      vertex   -3.148527e+01 1.374244e+01 1.900000e+01
      vertex   -3.150000e+01 1.344550e+01 1.900000e+01
      vertex   -3.146689e+01 1.389000e+01 1.900000e+01
    endloop
  endfacet
  facet normal 0.000000e+00 0.000000e+00 1.000000e+00
    outer loop
      vertex   -3.146689e+01 1.389000e+01 1.900000e+01
      vertex   -3.150000e+01 1.344550e+01 1.900000e+01
      vertex   -3.150000e+01 1.179450e+01 1.900000e+01
    endloop
  endfacet
  facet normal 0.000000e+00 0.000000e+00 1.000000e+00
    outer loop
      vertex   -3.146689e+01 1.389000e+01 1.900000e+01
      vertex   -3.150000e+01 1.179450e+01 1.900000e+01
      vertex   -3.146689e+01 1.135000e+01 1.900000e+01
    endloop
  endfacet
  facet normal 0.000000e+00 0.000000e+00 1.000000e+00
    outer loop
      vertex   -3.146689e+01 1.135000e+01 1.900000e+01
      vertex   -3.150000e+01 1.179450e+01 1.900000e+01
      vertex   -3.148527e+01 1.149756e+01 1.900000e+01
    endloop
  endfacet
  facet normal 0.000000e+00 0.000000e+00 1.000000e+00
    outer loop
      vertex   -3.148527e+01 1.149756e+01 1.900000e+01
      vertex   -3.150000e+01 1.179450e+01 1.900000e+01
      vertex   -3.149631e+01 1.164585e+01 1.900000e+01
    endloop
  endfacet
  facet normal 0.000000e+00 0.000000e+00 1.000000e+00
    outer loop
      vertex   -3.148527e+01 1.374244e+01 1.900000e+01
      vertex   -3.149631e+01 1.359415e+01 1.900000e+01
      vertex   -3.150000e+01 1.344550e+01 1.900000e+01
    endloop
  endfacet
  facet normal -0.000000e+00 0.000000e+00 1.000000e+00
    outer loop
      vertex   -3.148527e+01 1.120244e+01 1.900000e+01
      vertex   -3.150000e+01 1.090550e+01 1.900000e+01
      vertex   -3.146689e+01 1.135000e+01 1.900000e+01
    endloop
  endfacet
  facet normal 0.000000e+00 0.000000e+00 1.000000e+00
    outer loop
      vertex   -3.146689e+01 1.135000e+01 1.900000e+01
      vertex   -3.150000e+01 1.090550e+01 1.900000e+01
      vertex   -3.150000e+01 9.254500e+00 1.900000e+01
    endloop
  endfacet
  facet normal 0.000000e+00 0.000000e+00 1.000000e+00
    outer loop
      vertex   -3.146689e+01 1.135000e+01 1.900000e+01
      vertex   -3.150000e+01 9.254500e+00 1.900000e+01
      vertex   -3.146689e+01 8.810000e+00 1.900000e+01
    endloop
  endfacet
  facet normal 0.000000e+00 0.000000e+00 1.000000e+00
    outer loop
      vertex   -3.146689e+01 8.810000e+00 1.900000e+01
      vertex   -3.150000e+01 9.254500e+00 1.900000e+01
      vertex   -3.148527e+01 8.957559e+00 1.900000e+01
    endloop
  endfacet
  facet normal 0.000000e+00 0.000000e+00 1.000000e+00
    outer loop
      vertex   -3.148527e+01 8.957559e+00 1.900000e+01
      vertex   -3.150000e+01 9.254500e+00 1.900000e+01
      vertex   -3.149631e+01 9.105847e+00 1.900000e+01
    endloop
  endfacet
  facet normal 0.000000e+00 0.000000e+00 1.000000e+00
    outer loop
      vertex   -3.148527e+01 1.120244e+01 1.900000e+01
      vertex   -3.149631e+01 1.105415e+01 1.900000e+01
      vertex   -3.150000e+01 1.090550e+01 1.900000e+01
    endloop
  endfacet
  facet normal -0.000000e+00 0.000000e+00 1.000000e+00
    outer loop
      vertex   -3.148527e+01 8.662441e+00 1.900000e+01
      vertex   -3.150000e+01 8.365500e+00 1.900000e+01
      vertex   -3.146689e+01 8.810000e+00 1.900000e+01
    endloop
  endfacet
  facet normal 0.000000e+00 0.000000e+00 1.000000e+00
    outer loop
      vertex   -3.146689e+01 8.810000e+00 1.900000e+01
      vertex   -3.150000e+01 8.365500e+00 1.900000e+01
      vertex   -3.150000e+01 6.714500e+00 1.900000e+01
    endloop
  endfacet
  facet normal 0.000000e+00 0.000000e+00 1.000000e+00
    outer loop
      vertex   -3.146689e+01 8.810000e+00 1.900000e+01
      vertex   -3.150000e+01 6.714500e+00 1.900000e+01
      vertex   -3.146689e+01 6.270000e+00 1.900000e+01
    endloop
  endfacet
  facet normal 0.000000e+00 0.000000e+00 1.000000e+00
    outer loop
      vertex   -3.146689e+01 6.270000e+00 1.900000e+01
      vertex   -3.150000e+01 6.714500e+00 1.900000e+01
      vertex   -3.148527e+01 6.417559e+00 1.900000e+01
    endloop
  endfacet
  facet normal 0.000000e+00 0.000000e+00 1.000000e+00
    outer loop
      vertex   -3.148527e+01 6.417559e+00 1.900000e+01
      vertex   -3.150000e+01 6.714500e+00 1.900000e+01
      vertex   -3.149631e+01 6.565847e+00 1.900000e+01
    endloop
  endfacet
  facet normal 0.000000e+00 0.000000e+00 1.000000e+00
    outer loop
      vertex   -3.148527e+01 8.662441e+00 1.900000e+01
      vertex   -3.149631e+01 8.514153e+00 1.900000e+01
      vertex   -3.150000e+01 8.365500e+00 1.900000e+01
    endloop
  endfacet
  facet normal -0.000000e+00 0.000000e+00 1.000000e+00
    outer loop
      vertex   -3.148527e+01 6.122441e+00 1.900000e+01
      vertex   -3.150000e+01 5.825500e+00 1.900000e+01
      vertex   -3.146689e+01 6.270000e+00 1.900000e+01
    endloop
  endfacet
  facet normal 0.000000e+00 0.000000e+00 1.000000e+00
    outer loop
      vertex   -3.146689e+01 6.270000e+00 1.900000e+01
      vertex   -3.150000e+01 5.825500e+00 1.900000e+01
      vertex   -3.150000e+01 4.174500e+00 1.900000e+01
    endloop
  endfacet
  facet normal 0.000000e+00 0.000000e+00 1.000000e+00
    outer loop
      vertex   -3.146689e+01 6.270000e+00 1.900000e+01
      vertex   -3.150000e+01 4.174500e+00 1.900000e+01
      vertex   -3.146689e+01 3.730000e+00 1.900000e+01
    endloop
  endfacet
  facet normal 0.000000e+00 0.000000e+00 1.000000e+00
    outer loop
      vertex   -3.146689e+01 3.730000e+00 1.900000e+01
      vertex   -3.150000e+01 4.174500e+00 1.900000e+01
      vertex   -3.148527e+01 3.877559e+00 1.900000e+01
    endloop
  endfacet
  facet normal 0.000000e+00 0.000000e+00 1.000000e+00
    outer loop
      vertex   -3.148527e+01 3.877559e+00 1.900000e+01
      vertex   -3.150000e+01 4.174500e+00 1.900000e+01
      vertex   -3.149631e+01 4.025847e+00 1.900000e+01
    endloop
  endfacet
  facet normal 0.000000e+00 0.000000e+00 1.000000e+00
    outer loop
      vertex   -3.148527e+01 6.122441e+00 1.900000e+01
      vertex   -3.149631e+01 5.974153e+00 1.900000e+01
      vertex   -3.150000e+01 5.825500e+00 1.900000e+01
    endloop
  endfacet
  facet normal -0.000000e+00 0.000000e+00 1.000000e+00
    outer loop
      vertex   -3.148527e+01 3.582441e+00 1.900000e+01
      vertex   -3.150000e+01 3.285500e+00 1.900000e+01
      vertex   -3.146689e+01 3.730000e+00 1.900000e+01
    endloop
  endfacet
  facet normal 0.000000e+00 0.000000e+00 1.000000e+00
    outer loop
      vertex   -3.146689e+01 3.730000e+00 1.900000e+01
      vertex   -3.150000e+01 3.285500e+00 1.900000e+01
      vertex   -3.150000e+01 1.634500e+00 1.900000e+01
    endloop
  endfacet
  facet normal 0.000000e+00 0.000000e+00 1.000000e+00
    outer loop
      vertex   -3.146689e+01 3.730000e+00 1.900000e+01
      vertex   -3.150000e+01 1.634500e+00 1.900000e+01
      vertex   -3.146689e+01 1.190000e+00 1.900000e+01
    endloop
  endfacet
  facet normal 0.000000e+00 0.000000e+00 1.000000e+00
    outer loop
      vertex   -3.146689e+01 1.190000e+00 1.900000e+01
      vertex   -3.150000e+01 1.634500e+00 1.900000e+01
      vertex   -3.148527e+01 1.337559e+00 1.900000e+01
    endloop
  endfacet
  facet normal 0.000000e+00 0.000000e+00 1.000000e+00
    outer loop
      vertex   -3.148527e+01 1.337559e+00 1.900000e+01
      vertex   -3.150000e+01 1.634500e+00 1.900000e+01
      vertex   -3.149631e+01 1.485847e+00 1.900000e+01
    endloop
  endfacet
  facet normal 0.000000e+00 0.000000e+00 1.000000e+00
    outer loop
      vertex   -3.148527e+01 3.582441e+00 1.900000e+01
      vertex   -3.149631e+01 3.434153e+00 1.900000e+01
      vertex   -3.150000e+01 3.285500e+00 1.900000e+01
    endloop
  endfacet
  facet normal -0.000000e+00 0.000000e+00 1.000000e+00
    outer loop
      vertex   -3.148527e+01 1.042441e+00 1.900000e+01
      vertex   -3.150000e+01 7.455000e-01 1.900000e+01
      vertex   -3.146689e+01 1.190000e+00 1.900000e+01
    endloop
  endfacet
  facet normal 0.000000e+00 0.000000e+00 1.000000e+00
    outer loop
      vertex   -3.146689e+01 1.190000e+00 1.900000e+01
      vertex   -3.150000e+01 7.455000e-01 1.900000e+01
      vertex   -2.500000e+00 7.455000e-01 1.900000e+01
    endloop
  endfacet
  facet normal -0.000000e+00 0.000000e+00 1.000000e+00
    outer loop
      vertex   -3.146689e+01 1.190000e+00 1.900000e+01
      vertex   -2.500000e+00 7.455000e-01 1.900000e+01
      vertex   -2.533113e+00 1.190000e+00 1.900000e+01
    endloop
  endfacet
  facet normal 0.000000e+00 0.000000e+00 1.000000e+00
    outer loop
      vertex   -2.533113e+00 1.190000e+00 1.900000e+01
      vertex   -2.500000e+00 7.455000e-01 1.900000e+01
      vertex   -2.514732e+00 1.042441e+00 1.900000e+01
    endloop
  endfacet
  facet normal 0.000000e+00 0.000000e+00 1.000000e+00
    outer loop
      vertex   -2.514732e+00 1.042441e+00 1.900000e+01
      vertex   -2.500000e+00 7.455000e-01 1.900000e+01
      vertex   -2.503685e+00 8.941533e-01 1.900000e+01
    endloop
  endfacet
  facet normal 0.000000e+00 0.000000e+00 1.000000e+00
    outer loop
      vertex   -3.148527e+01 1.042441e+00 1.900000e+01
      vertex   -3.149631e+01 8.941533e-01 1.900000e+01
      vertex   -3.150000e+01 7.455000e-01 1.900000e+01
    endloop
  endfacet
  facet normal -0.000000e+00 0.000000e+00 1.000000e+00
    outer loop
      vertex   -3.150000e+01 7.455000e-01 1.900000e+01
      vertex   -3.150000e+01 -8.283742e+00 1.900000e+01
      vertex   -2.500000e+00 7.455000e-01 1.900000e+01
    endloop
  endfacet
  facet normal 0.000000e+00 0.000000e+00 1.000000e+00
    outer loop
      vertex   -2.500000e+00 7.455000e-01 1.900000e+01
      vertex   -3.150000e+01 -8.283742e+00 1.900000e+01
      vertex   -2.500000e+00 -8.415402e+00 1.900000e+01
    endloop
  endfacet
  facet normal 0.000000e+00 0.000000e+00 1.000000e+00
    outer loop
      vertex   -2.500000e+00 -1.173546e+01 1.900000e+01
      vertex   -3.150000e+01 -1.186712e+01 1.900000e+01
      vertex   -2.500000e+00 -1.360000e+01 1.900000e+01
    endloop
  endfacet
  facet normal 0.000000e+00 0.000000e+00 1.000000e+00
    outer loop
      vertex   -2.500000e+00 -1.360000e+01 1.900000e+01
      vertex   -3.150000e+01 -1.186712e+01 1.900000e+01
      vertex   -3.150000e+01 -1.360000e+01 1.900000e+01
    endloop
  endfacet
  facet normal 0.000000e+00 0.000000e+00 1.000000e+00
    outer loop
      vertex   -2.500000e+00 -1.360000e+01 1.900000e+01
      vertex   -3.150000e+01 -1.360000e+01 1.900000e+01
      vertex   -3.148397e+01 -1.397519e+01 1.900000e+01
    endloop
  endfacet
  facet normal 0.000000e+00 0.000000e+00 1.000000e+00
    outer loop
      vertex   -3.148397e+01 -1.397519e+01 1.900000e+01
      vertex   -3.150000e+01 -1.360000e+01 1.900000e+01
      vertex   -3.149287e+01 -1.385030e+01 1.900000e+01
    endloop
  endfacet
  facet normal 0.000000e+00 0.000000e+00 1.000000e+00
    outer loop
      vertex   -3.149287e+01 -1.385030e+01 1.900000e+01
      vertex   -3.150000e+01 -1.360000e+01 1.900000e+01
      vertex   -3.149822e+01 -1.372520e+01 1.900000e+01
    endloop
  endfacet
  facet normal 0.000000e+00 0.000000e+00 1.000000e+00
    outer loop
      vertex   -3.148397e+01 -1.397519e+01 1.900000e+01
      vertex   -2.500909e+00 -1.368945e+01 1.900000e+01
      vertex   -2.500000e+00 -1.360000e+01 1.900000e+01
    endloop
  endfacet
  facet normal 0.000000e+00 0.000000e+00 1.000000e+00
    outer loop
      vertex   -2.500000e+00 -1.360000e+01 1.900000e+01
      vertex   -2.500909e+00 -1.368945e+01 1.900000e+01
      vertex   -2.500404e+00 -1.365964e+01 1.900000e+01
    endloop
  endfacet
  facet normal 0.000000e+00 0.000000e+00 1.000000e+00
    outer loop
      vertex   -2.500000e+00 -1.360000e+01 1.900000e+01
      vertex   -2.500404e+00 -1.365964e+01 1.900000e+01
      vertex   -2.500101e+00 -1.362982e+01 1.900000e+01
    endloop
  endfacet
  facet normal 0.000000e+00 -0.000000e+00 1.000000e+00
    outer loop
      vertex   -2.514732e+00 1.337559e+00 1.900000e+01
      vertex   -2.500000e+00 1.634500e+00 1.900000e+01
      vertex   -2.533113e+00 1.190000e+00 1.900000e+01
    endloop
  endfacet
  facet normal 0.000000e+00 -0.000000e+00 1.000000e+00
    outer loop
      vertex   -2.533113e+00 1.190000e+00 1.900000e+01
      vertex   -2.500000e+00 1.634500e+00 1.900000e+01
      vertex   -2.533113e+00 3.730000e+00 1.900000e+01
    endloop
  endfacet
  facet normal 0.000000e+00 0.000000e+00 1.000000e+00
    outer loop
      vertex   -2.533113e+00 1.190000e+00 1.900000e+01
      vertex   -2.533113e+00 3.730000e+00 1.900000e+01
      vertex   -3.146689e+01 3.730000e+00 1.900000e+01
    endloop
  endfacet
  facet normal 0.000000e+00 -0.000000e+00 1.000000e+00
    outer loop
      vertex   -3.146689e+01 3.730000e+00 1.900000e+01
      vertex   -2.533113e+00 3.730000e+00 1.900000e+01
      vertex   -3.146689e+01 6.270000e+00 1.900000e+01
    endloop
  endfacet
  facet normal 0.000000e+00 0.000000e+00 1.000000e+00
    outer loop
      vertex   -2.514732e+00 1.337559e+00 1.900000e+01
      vertex   -2.503685e+00 1.485847e+00 1.900000e+01
      vertex   -2.500000e+00 1.634500e+00 1.900000e+01
    endloop
  endfacet
  facet normal 0.000000e+00 0.000000e+00 1.000000e+00
    outer loop
      vertex   -2.500000e+00 1.634500e+00 1.900000e+01
      vertex   -2.500000e+00 3.285500e+00 1.900000e+01
      vertex   -2.533113e+00 3.730000e+00 1.900000e+01
    endloop
  endfacet
  facet normal 0.000000e+00 0.000000e+00 1.000000e+00
    outer loop
      vertex   -2.533113e+00 3.730000e+00 1.900000e+01
      vertex   -2.500000e+00 3.285500e+00 1.900000e+01
      vertex   -2.514732e+00 3.582441e+00 1.900000e+01
    endloop
  endfacet
  facet normal 0.000000e+00 0.000000e+00 1.000000e+00
    outer loop
      vertex   -2.514732e+00 3.582441e+00 1.900000e+01
      vertex   -2.500000e+00 3.285500e+00 1.900000e+01
      vertex   -2.503685e+00 3.434153e+00 1.900000e+01
    endloop
  endfacet
  facet normal 0.000000e+00 -0.000000e+00 1.000000e+00
    outer loop
      vertex   -2.514732e+00 3.877559e+00 1.900000e+01
      vertex   -2.500000e+00 4.174500e+00 1.900000e+01
      vertex   -2.533113e+00 3.730000e+00 1.900000e+01
    endloop
  endfacet
  facet normal 0.000000e+00 -0.000000e+00 1.000000e+00
    outer loop
      vertex   -2.533113e+00 3.730000e+00 1.900000e+01
      vertex   -2.500000e+00 4.174500e+00 1.900000e+01
      vertex   -2.533113e+00 6.270000e+00 1.900000e+01
    endloop
  endfacet
  facet normal 0.000000e+00 0.000000e+00 1.000000e+00
    outer loop
      vertex   -2.533113e+00 3.730000e+00 1.900000e+01
      vertex   -2.533113e+00 6.270000e+00 1.900000e+01
      vertex   -3.146689e+01 6.270000e+00 1.900000e+01
    endloop
  endfacet
  facet normal 0.000000e+00 -0.000000e+00 1.000000e+00
    outer loop
      vertex   -3.146689e+01 6.270000e+00 1.900000e+01
      vertex   -2.533113e+00 6.270000e+00 1.900000e+01
      vertex   -3.146689e+01 8.810000e+00 1.900000e+01
    endloop
  endfacet
  facet normal 0.000000e+00 0.000000e+00 1.000000e+00
    outer loop
      vertex   -2.514732e+00 3.877559e+00 1.900000e+01
      vertex   -2.503685e+00 4.025847e+00 1.900000e+01
      vertex   -2.500000e+00 4.174500e+00 1.900000e+01
    endloop
  endfacet
  facet normal 0.000000e+00 0.000000e+00 1.000000e+00
    outer loop
      vertex   -2.500000e+00 4.174500e+00 1.900000e+01
      vertex   -2.500000e+00 5.825500e+00 1.900000e+01
      vertex   -2.533113e+00 6.270000e+00 1.900000e+01
    endloop
  endfacet
  facet normal 0.000000e+00 0.000000e+00 1.000000e+00
    outer loop
      vertex   -2.533113e+00 6.270000e+00 1.900000e+01
      vertex   -2.500000e+00 5.825500e+00 1.900000e+01
      vertex   -2.514732e+00 6.122441e+00 1.900000e+01
    endloop
  endfacet
  facet normal 0.000000e+00 0.000000e+00 1.000000e+00
    outer loop
      vertex   -2.514732e+00 6.122441e+00 1.900000e+01
      vertex   -2.500000e+00 5.825500e+00 1.900000e+01
      vertex   -2.503685e+00 5.974153e+00 1.900000e+01
    endloop
  endfacet
  facet normal 0.000000e+00 -0.000000e+00 1.000000e+00
    outer loop
      vertex   -2.514732e+00 6.417559e+00 1.900000e+01
      vertex   -2.500000e+00 6.714500e+00 1.900000e+01
      vertex   -2.533113e+00 6.270000e+00 1.900000e+01
    endloop
  endfacet
  facet normal 0.000000e+00 -0.000000e+00 1.000000e+00
    outer loop
      vertex   -2.533113e+00 6.270000e+00 1.900000e+01
      vertex   -2.500000e+00 6.714500e+00 1.900000e+01
      vertex   -2.533113e+00 8.810000e+00 1.900000e+01
    endloop
  endfacet
  facet normal 0.000000e+00 0.000000e+00 1.000000e+00
    outer loop
      vertex   -2.533113e+00 6.270000e+00 1.900000e+01
      vertex   -2.533113e+00 8.810000e+00 1.900000e+01
      vertex   -3.146689e+01 8.810000e+00 1.900000e+01
    endloop
  endfacet
  facet normal 0.000000e+00 0.000000e+00 1.000000e+00
    outer loop
      vertex   -3.146689e+01 8.810000e+00 1.900000e+01
      vertex   -2.533113e+00 8.810000e+00 1.900000e+01
      vertex   -3.146689e+01 1.135000e+01 1.900000e+01
    endloop
  endfacet
  facet normal 0.000000e+00 0.000000e+00 1.000000e+00
    outer loop
      vertex   -2.514732e+00 6.417559e+00 1.900000e+01
      vertex   -2.503685e+00 6.565847e+00 1.900000e+01
      vertex   -2.500000e+00 6.714500e+00 1.900000e+01
    endloop
  endfacet
  facet normal 0.000000e+00 0.000000e+00 1.000000e+00
    outer loop
      vertex   -2.500000e+00 6.714500e+00 1.900000e+01
      vertex   -2.500000e+00 8.365500e+00 1.900000e+01
      vertex   -2.533113e+00 8.810000e+00 1.900000e+01
    endloop
  endfacet
  facet normal 0.000000e+00 0.000000e+00 1.000000e+00
    outer loop
      vertex   -2.533113e+00 8.810000e+00 1.900000e+01
      vertex   -2.500000e+00 8.365500e+00 1.900000e+01
      vertex   -2.514732e+00 8.662441e+00 1.900000e+01
    endloop
  endfacet
  facet normal 0.000000e+00 0.000000e+00 1.000000e+00
    outer loop
      vertex   -2.514732e+00 8.662441e+00 1.900000e+01
      vertex   -2.500000e+00 8.365500e+00 1.900000e+01
      vertex   -2.503685e+00 8.514153e+00 1.900000e+01
    endloop
  endfacet
  facet normal 0.000000e+00 -0.000000e+00 1.000000e+00
    outer loop
      vertex   -2.514732e+00 8.957559e+00 1.900000e+01
      vertex   -2.500000e+00 9.254500e+00 1.900000e+01
      vertex   -2.533113e+00 8.810000e+00 1.900000e+01
    endloop
  endfacet
  facet normal 0.000000e+00 -0.000000e+00 1.000000e+00
    outer loop
      vertex   -2.533113e+00 8.810000e+00 1.900000e+01
      vertex   -2.500000e+00 9.254500e+00 1.900000e+01
      vertex   -2.533113e+00 1.135000e+01 1.900000e+01
    endloop
  endfacet
  facet normal 0.000000e+00 0.000000e+00 1.000000e+00
    outer loop
      vertex   -2.533113e+00 8.810000e+00 1.900000e+01
      vertex   -2.533113e+00 1.135000e+01 1.900000e+01
      vertex   -3.146689e+01 1.135000e+01 1.900000e+01
    endloop
  endfacet
  facet normal 0.000000e+00 -0.000000e+00 1.000000e+00
    outer loop
      vertex   -3.146689e+01 1.135000e+01 1.900000e+01
      vertex   -2.533113e+00 1.135000e+01 1.900000e+01
      vertex   -3.146689e+01 1.389000e+01 1.900000e+01
    endloop
  endfacet
  facet normal 0.000000e+00 0.000000e+00 1.000000e+00
    outer loop
      vertex   -2.514732e+00 8.957559e+00 1.900000e+01
      vertex   -2.503685e+00 9.105847e+00 1.900000e+01
      vertex   -2.500000e+00 9.254500e+00 1.900000e+01
    endloop
  endfacet
  facet normal 0.000000e+00 0.000000e+00 1.000000e+00
    outer loop
      vertex   -2.500000e+00 9.254500e+00 1.900000e+01
      vertex   -2.500000e+00 1.090550e+01 1.900000e+01
      vertex   -2.533113e+00 1.135000e+01 1.900000e+01
    endloop
  endfacet
  facet normal 0.000000e+00 0.000000e+00 1.000000e+00
    outer loop
      vertex   -2.533113e+00 1.135000e+01 1.900000e+01
      vertex   -2.500000e+00 1.090550e+01 1.900000e+01
      vertex   -2.514732e+00 1.120244e+01 1.900000e+01
    endloop
  endfacet
  facet normal 0.000000e+00 0.000000e+00 1.000000e+00
    outer loop
      vertex   -2.514732e+00 1.120244e+01 1.900000e+01
      vertex   -2.500000e+00 1.090550e+01 1.900000e+01
      vertex   -2.503685e+00 1.105415e+01 1.900000e+01
    endloop
  endfacet
  facet normal 0.000000e+00 -0.000000e+00 1.000000e+00
    outer loop
      vertex   -2.514732e+00 1.149756e+01 1.900000e+01
      vertex   -2.500000e+00 1.179450e+01 1.900000e+01
      vertex   -2.533113e+00 1.135000e+01 1.900000e+01
    endloop
  endfacet
  facet normal 0.000000e+00 -0.000000e+00 1.000000e+00
    outer loop
      vertex   -2.533113e+00 1.135000e+01 1.900000e+01
      vertex   -2.500000e+00 1.179450e+01 1.900000e+01
      vertex   -2.533113e+00 1.389000e+01 1.900000e+01
    endloop
  endfacet
  facet normal 0.000000e+00 0.000000e+00 1.000000e+00
    outer loop
      vertex   -2.533113e+00 1.135000e+01 1.900000e+01
      vertex   -2.533113e+00 1.389000e+01 1.900000e+01
      vertex   -3.146689e+01 1.389000e+01 1.900000e+01
    endloop
  endfacet
  facet normal 0.000000e+00 -0.000000e+00 1.000000e+00
    outer loop
      vertex   -3.146689e+01 1.389000e+01 1.900000e+01
      vertex   -2.533113e+00 1.389000e+01 1.900000e+01
      vertex   -3.146689e+01 1.643000e+01 1.900000e+01
    endloop
  endfacet
  facet normal 0.000000e+00 0.000000e+00 1.000000e+00
    outer loop
      vertex   -2.514732e+00 1.149756e+01 1.900000e+01
      vertex   -2.503685e+00 1.164585e+01 1.900000e+01
      vertex   -2.500000e+00 1.179450e+01 1.900000e+01
    endloop
  endfacet
  facet normal 0.000000e+00 0.000000e+00 1.000000e+00
    outer loop
      vertex   -2.500000e+00 1.179450e+01 1.900000e+01
      vertex   -2.500000e+00 1.344550e+01 1.900000e+01
      vertex   -2.533113e+00 1.389000e+01 1.900000e+01
    endloop
  endfacet
  facet normal 0.000000e+00 0.000000e+00 1.000000e+00
    outer loop
      vertex   -2.533113e+00 1.389000e+01 1.900000e+01
      vertex   -2.500000e+00 1.344550e+01 1.900000e+01
      vertex   -2.514732e+00 1.374244e+01 1.900000e+01
    endloop
  endfacet
  facet normal 0.000000e+00 0.000000e+00 1.000000e+00
    outer loop
      vertex   -2.514732e+00 1.374244e+01 1.900000e+01
      vertex   -2.500000e+00 1.344550e+01 1.900000e+01
      vertex   -2.503685e+00 1.359415e+01 1.900000e+01
    endloop
  endfacet
  facet normal 0.000000e+00 -0.000000e+00 1.000000e+00
    outer loop
      vertex   -2.514732e+00 1.403756e+01 1.900000e+01
      vertex   -2.500000e+00 1.433450e+01 1.900000e+01
      vertex   -2.533113e+00 1.389000e+01 1.900000e+01
    endloop
  endfacet
  facet normal 0.000000e+00 -0.000000e+00 1.000000e+00
    outer loop
      vertex   -2.533113e+00 1.389000e+01 1.900000e+01
      vertex   -2.500000e+00 1.433450e+01 1.900000e+01
      vertex   -2.533113e+00 1.643000e+01 1.900000e+01
    endloop
  endfacet
  facet normal 0.000000e+00 0.000000e+00 1.000000e+00
    outer loop
      vertex   -2.533113e+00 1.389000e+01 1.900000e+01
      vertex   -2.533113e+00 1.643000e+01 1.900000e+01
      vertex   -3.146689e+01 1.643000e+01 1.900000e+01
    endloop
  endfacet
  facet normal 0.000000e+00 0.000000e+00 1.000000e+00
    outer loop
      vertex   -3.146689e+01 1.643000e+01 1.900000e+01
      vertex   -2.533113e+00 1.643000e+01 1.900000e+01
      vertex   -3.146689e+01 1.897000e+01 1.900000e+01
    endloop
  endfacet
  facet normal 0.000000e+00 0.000000e+00 1.000000e+00
    outer loop
      vertex   -2.514732e+00 1.403756e+01 1.900000e+01
      vertex   -2.503685e+00 1.418585e+01 1.900000e+01
      vertex   -2.500000e+00 1.433450e+01 1.900000e+01
    endloop
  endfacet
  facet normal 0.000000e+00 0.000000e+00 1.000000e+00
    outer loop
      vertex   -2.500000e+00 1.433450e+01 1.900000e+01
      vertex   -2.500000e+00 1.598550e+01 1.900000e+01
      vertex   -2.533113e+00 1.643000e+01 1.900000e+01
    endloop
  endfacet
  facet normal 0.000000e+00 0.000000e+00 1.000000e+00
    outer loop
      vertex   -2.533113e+00 1.643000e+01 1.900000e+01
      vertex   -2.500000e+00 1.598550e+01 1.900000e+01
      vertex   -2.514732e+00 1.628244e+01 1.900000e+01
    endloop
  endfacet
  facet normal 0.000000e+00 0.000000e+00 1.000000e+00
    outer loop
      vertex   -2.514732e+00 1.628244e+01 1.900000e+01
      vertex   -2.500000e+00 1.598550e+01 1.900000e+01
      vertex   -2.503685e+00 1.613415e+01 1.900000e+01
    endloop
  endfacet
  facet normal 0.000000e+00 -0.000000e+00 1.000000e+00
    outer loop
      vertex   -2.514732e+00 1.657756e+01 1.900000e+01
      vertex   -2.500000e+00 1.687450e+01 1.900000e+01
      vertex   -2.533113e+00 1.643000e+01 1.900000e+01
    endloop
  endfacet
  facet normal 0.000000e+00 -0.000000e+00 1.000000e+00
    outer loop
      vertex   -2.533113e+00 1.643000e+01 1.900000e+01
      vertex   -2.500000e+00 1.687450e+01 1.900000e+01
      vertex   -2.533113e+00 1.897000e+01 1.900000e+01
    endloop
  endfacet
  facet normal 0.000000e+00 0.000000e+00 1.000000e+00
    outer loop
      vertex   -2.533113e+00 1.643000e+01 1.900000e+01
      vertex   -2.533113e+00 1.897000e+01 1.900000e+01
      vertex   -3.146689e+01 1.897000e+01 1.900000e+01
    endloop
  endfacet
  facet normal 0.000000e+00 -0.000000e+00 1.000000e+00
    outer loop
      vertex   -3.146689e+01 1.897000e+01 1.900000e+01
      vertex   -2.533113e+00 1.897000e+01 1.900000e+01
      vertex   -3.146689e+01 2.151000e+01 1.900000e+01
    endloop
  endfacet
  facet normal 0.000000e+00 0.000000e+00 1.000000e+00
    outer loop
      vertex   -2.514732e+00 1.657756e+01 1.900000e+01
      vertex   -2.503685e+00 1.672585e+01 1.900000e+01
      vertex   -2.500000e+00 1.687450e+01 1.900000e+01
    endloop
  endfacet
  facet normal 0.000000e+00 0.000000e+00 1.000000e+00
    outer loop
      vertex   -2.500000e+00 1.687450e+01 1.900000e+01
      vertex   -2.500000e+00 1.852550e+01 1.900000e+01
      vertex   -2.533113e+00 1.897000e+01 1.900000e+01
    endloop
  endfacet
  facet normal 0.000000e+00 0.000000e+00 1.000000e+00
    outer loop
      vertex   -2.533113e+00 1.897000e+01 1.900000e+01
      vertex   -2.500000e+00 1.852550e+01 1.900000e+01
      vertex   -2.514732e+00 1.882244e+01 1.900000e+01
    endloop
  endfacet
  facet normal 0.000000e+00 0.000000e+00 1.000000e+00
    outer loop
      vertex   -2.514732e+00 1.882244e+01 1.900000e+01
      vertex   -2.500000e+00 1.852550e+01 1.900000e+01
      vertex   -2.503685e+00 1.867415e+01 1.900000e+01
    endloop
  endfacet
  facet normal 0.000000e+00 -0.000000e+00 1.000000e+00
    outer loop
      vertex   -2.514732e+00 1.911756e+01 1.900000e+01
      vertex   -2.500000e+00 1.941450e+01 1.900000e+01
      vertex   -2.533113e+00 1.897000e+01 1.900000e+01
    endloop
  endfacet
  facet normal 0.000000e+00 -0.000000e+00 1.000000e+00
    outer loop
      vertex   -2.533113e+00 1.897000e+01 1.900000e+01
      vertex   -2.500000e+00 1.941450e+01 1.900000e+01
      vertex   -2.533113e+00 2.151000e+01 1.900000e+01
    endloop
  endfacet
  facet normal 0.000000e+00 0.000000e+00 1.000000e+00
    outer loop
      vertex   -2.533113e+00 1.897000e+01 1.900000e+01
      vertex   -2.533113e+00 2.151000e+01 1.900000e+01
      vertex   -3.146689e+01 2.151000e+01 1.900000e+01
    endloop
  endfacet
  facet normal 0.000000e+00 -0.000000e+00 1.000000e+00
    outer loop
      vertex   -3.146689e+01 2.151000e+01 1.900000e+01
      vertex   -2.533113e+00 2.151000e+01 1.900000e+01
      vertex   -3.146689e+01 2.405000e+01 1.900000e+01
    endloop
  endfacet
  facet normal 0.000000e+00 0.000000e+00 1.000000e+00
    outer loop
      vertex   -2.514732e+00 1.911756e+01 1.900000e+01
      vertex   -2.503685e+00 1.926585e+01 1.900000e+01
      vertex   -2.500000e+00 1.941450e+01 1.900000e+01
    endloop
  endfacet
  facet normal 0.000000e+00 0.000000e+00 1.000000e+00
    outer loop
      vertex   -2.500000e+00 1.941450e+01 1.900000e+01
      vertex   -2.500000e+00 2.106550e+01 1.900000e+01
      vertex   -2.533113e+00 2.151000e+01 1.900000e+01
    endloop
  endfacet
  facet normal 0.000000e+00 0.000000e+00 1.000000e+00
    outer loop
      vertex   -2.533113e+00 2.151000e+01 1.900000e+01
      vertex   -2.500000e+00 2.106550e+01 1.900000e+01
      vertex   -2.514732e+00 2.136244e+01 1.900000e+01
    endloop
  endfacet
  facet normal 0.000000e+00 0.000000e+00 1.000000e+00
    outer loop
      vertex   -2.514732e+00 2.136244e+01 1.900000e+01
      vertex   -2.500000e+00 2.106550e+01 1.900000e+01
      vertex   -2.503685e+00 2.121415e+01 1.900000e+01
    endloop
  endfacet
  facet normal 0.000000e+00 -0.000000e+00 1.000000e+00
    outer loop
      vertex   -2.514732e+00 2.165756e+01 1.900000e+01
      vertex   -2.500000e+00 2.195450e+01 1.900000e+01
      vertex   -2.533113e+00 2.151000e+01 1.900000e+01
    endloop
  endfacet
  facet normal 0.000000e+00 -0.000000e+00 1.000000e+00
    outer loop
      vertex   -2.533113e+00 2.151000e+01 1.900000e+01
      vertex   -2.500000e+00 2.195450e+01 1.900000e+01
      vertex   -2.533113e+00 2.405000e+01 1.900000e+01
    endloop
  endfacet
  facet normal 0.000000e+00 0.000000e+00 1.000000e+00
    outer loop
      vertex   -2.533113e+00 2.151000e+01 1.900000e+01
      vertex   -2.533113e+00 2.405000e+01 1.900000e+01
      vertex   -3.146689e+01 2.405000e+01 1.900000e+01
    endloop
  endfacet
  facet normal 0.000000e+00 0.000000e+00 1.000000e+00
    outer loop
      vertex   -3.146689e+01 2.405000e+01 1.900000e+01
      vertex   -2.533113e+00 2.405000e+01 1.900000e+01
      vertex   -2.533113e+00 2.659000e+01 1.900000e+01
    endloop
  endfacet
  facet normal 0.000000e+00 0.000000e+00 1.000000e+00
    outer loop
      vertex   -2.514732e+00 2.165756e+01 1.900000e+01
      vertex   -2.503685e+00 2.180585e+01 1.900000e+01
      vertex   -2.500000e+00 2.195450e+01 1.900000e+01
    endloop
  endfacet
  facet normal 0.000000e+00 0.000000e+00 1.000000e+00
    outer loop
      vertex   -2.500000e+00 2.195450e+01 1.900000e+01
      vertex   -2.500000e+00 2.360550e+01 1.900000e+01
      vertex   -2.533113e+00 2.405000e+01 1.900000e+01
    endloop
  endfacet
  facet normal 0.000000e+00 0.000000e+00 1.000000e+00
    outer loop
      vertex   -2.533113e+00 2.405000e+01 1.900000e+01
      vertex   -2.500000e+00 2.360550e+01 1.900000e+01
      vertex   -2.514732e+00 2.390244e+01 1.900000e+01
    endloop
  endfacet
  facet normal 0.000000e+00 0.000000e+00 1.000000e+00
    outer loop
      vertex   -2.514732e+00 2.390244e+01 1.900000e+01
      vertex   -2.500000e+00 2.360550e+01 1.900000e+01
      vertex   -2.503685e+00 2.375415e+01 1.900000e+01
    endloop
  endfacet
  facet normal 0.000000e+00 -0.000000e+00 1.000000e+00
    outer loop
      vertex   -2.514732e+00 2.419756e+01 1.900000e+01
      vertex   -2.500000e+00 2.449450e+01 1.900000e+01
      vertex   -2.533113e+00 2.405000e+01 1.900000e+01
    endloop
  endfacet
  facet normal 0.000000e+00 0.000000e+00 1.000000e+00
    outer loop
      vertex   -2.533113e+00 2.405000e+01 1.900000e+01
      vertex   -2.500000e+00 2.449450e+01 1.900000e+01
      vertex   -2.500000e+00 2.614550e+01 1.900000e+01
    endloop
  endfacet
  facet normal 0.000000e+00 -0.000000e+00 1.000000e+00
    outer loop
      vertex   -2.533113e+00 2.405000e+01 1.900000e+01
      vertex   -2.500000e+00 2.614550e+01 1.900000e+01
      vertex   -2.533113e+00 2.659000e+01 1.900000e+01
    endloop
  endfacet
  facet normal 0.000000e+00 0.000000e+00 1.000000e+00
    outer loop
      vertex   -2.533113e+00 2.659000e+01 1.900000e+01
      vertex   -2.500000e+00 2.614550e+01 1.900000e+01
      vertex   -2.514732e+00 2.644244e+01 1.900000e+01
    endloop
  endfacet
  facet normal 0.000000e+00 0.000000e+00 1.000000e+00
    outer loop
      vertex   -2.514732e+00 2.644244e+01 1.900000e+01
      vertex   -2.500000e+00 2.614550e+01 1.900000e+01
      vertex   -2.503685e+00 2.629415e+01 1.900000e+01
    endloop
  endfacet
  facet normal 0.000000e+00 0.000000e+00 1.000000e+00
    outer loop
      vertex   -2.514732e+00 2.419756e+01 1.900000e+01
      vertex   -2.503685e+00 2.434585e+01 1.900000e+01
      vertex   -2.500000e+00 2.449450e+01 1.900000e+01
    endloop
  endfacet
  facet normal 0.000000e+00 0.000000e+00 1.000000e+00
    outer loop
      vertex   -2.533113e+00 2.659000e+01 1.900000e+01
      vertex   -2.518547e+00 2.670142e+01 1.900000e+01
      vertex   -2.501980e+00 2.692552e+01 1.900000e+01
    endloop
  endfacet
  facet normal 0.000000e+00 0.000000e+00 1.000000e+00
    outer loop
      vertex   -2.501980e+00 2.692552e+01 1.900000e+01
      vertex   -2.518547e+00 2.670142e+01 1.900000e+01
      vertex   -2.508165e+00 2.681331e+01 1.900000e+01
    endloop
  endfacet
  facet normal 0.000000e+00 0.000000e+00 1.000000e+00
    outer loop
      vertex   -3.146689e+01 3.730000e+00 1.900000e+01
      vertex   -3.146689e+01 1.190000e+00 1.900000e+01
      vertex   -2.533113e+00 1.190000e+00 1.900000e+01
    endloop
  endfacet
  facet normal 0.000000e+00 0.000000e+00 -1.000000e+00
    outer loop
      vertex   -3.613531e+01 -1.060824e+01 1.700000e+01
      vertex   -3.689645e+01 -1.031725e+01 1.700000e+01
      vertex   -3.617374e+01 -1.021806e+01 1.700000e+01
    endloop
  endfacet
  facet normal -0.000000e+00 0.000000e+00 -1.000000e+00
    outer loop
      vertex   -3.617374e+01 -1.021806e+01 1.700000e+01
      vertex   -3.689645e+01 -1.031725e+01 1.700000e+01
      vertex   -3.689645e+01 -9.833606e+00 1.700000e+01
    endloop
  endfacet
  facet normal 0.000000e+00 0.000000e+00 -1.000000e+00
    outer loop
      vertex   -3.617374e+01 -1.021806e+01 1.700000e+01
      vertex   -3.689645e+01 -9.833606e+00 1.700000e+01
      vertex   -3.613531e+01 -9.827879e+00 1.700000e+01
    endloop
  endfacet
  facet normal -0.000000e+00 0.000000e+00 -1.000000e+00
    outer loop
      vertex   -3.613531e+01 -9.827879e+00 1.700000e+01
      vertex   -3.689645e+01 -9.833606e+00 1.700000e+01
      vertex   -3.681873e+01 -9.356245e+00 1.700000e+01
    endloop
  endfacet
  facet normal 0.000000e+00 0.000000e+00 -1.000000e+00
    outer loop
      vertex   -3.613531e+01 -9.827879e+00 1.700000e+01
      vertex   -3.681873e+01 -9.356245e+00 1.700000e+01
      vertex   -3.602150e+01 -9.452693e+00 1.700000e+01
    endloop
  endfacet
  facet normal 0.000000e+00 0.000000e+00 -1.000000e+00
    outer loop
      vertex   -3.602150e+01 -9.452693e+00 1.700000e+01
      vertex   -3.681873e+01 -9.356245e+00 1.700000e+01
      vertex   -3.666532e+01 -8.897576e+00 1.700000e+01
    endloop
  endfacet
  facet normal 0.000000e+00 0.000000e+00 -1.000000e+00
    outer loop
      vertex   -3.602150e+01 -9.452693e+00 1.700000e+01
      vertex   -3.666532e+01 -8.897576e+00 1.700000e+01
      vertex   -3.583668e+01 -9.106920e+00 1.700000e+01
    endloop
  endfacet
  facet normal 0.000000e+00 0.000000e+00 -1.000000e+00
    outer loop
      vertex   -3.583668e+01 -9.106920e+00 1.700000e+01
      vertex   -3.666532e+01 -8.897576e+00 1.700000e+01
      vertex   -3.644019e+01 -8.469520e+00 1.700000e+01
    endloop
  endfacet
  facet normal 0.000000e+00 0.000000e+00 -1.000000e+00
    outer loop
      vertex   -3.583668e+01 -9.106920e+00 1.700000e+01
      vertex   -3.644019e+01 -8.469520e+00 1.700000e+01
      vertex   -3.558795e+01 -8.803846e+00 1.700000e+01
    endloop
  endfacet
  facet normal 0.000000e+00 0.000000e+00 -1.000000e+00
    outer loop
      vertex   -3.558795e+01 -8.803846e+00 1.700000e+01
      vertex   -3.644019e+01 -8.469520e+00 1.700000e+01
      vertex   -3.614921e+01 -8.083202e+00 1.700000e+01
    endloop
  endfacet
  facet normal 0.000000e+00 0.000000e+00 -1.000000e+00
    outer loop
      vertex   -3.558795e+01 -8.803846e+00 1.700000e+01
      vertex   -3.614921e+01 -8.083202e+00 1.700000e+01
      vertex   -3.579993e+01 -7.748663e+00 1.700000e+01
    endloop
  endfacet
  facet normal -0.000000e+00 0.000000e+00 -1.000000e+00
    outer loop
      vertex   -3.602150e+01 -1.098343e+01 1.700000e+01
      vertex   -3.666532e+01 -1.125328e+01 1.700000e+01
      vertex   -3.613531e+01 -1.060824e+01 1.700000e+01
    endloop
  endfacet
  facet normal 0.000000e+00 0.000000e+00 -1.000000e+00
    outer loop
      vertex   -3.613531e+01 -1.060824e+01 1.700000e+01
      vertex   -3.666532e+01 -1.125328e+01 1.700000e+01
      vertex   -3.681873e+01 -1.079461e+01 1.700000e+01
    endloop
  endfacet
  facet normal -0.000000e+00 0.000000e+00 -1.000000e+00
    outer loop
      vertex   -3.613531e+01 -1.060824e+01 1.700000e+01
      vertex   -3.681873e+01 -1.079461e+01 1.700000e+01
      vertex   -3.689645e+01 -1.031725e+01 1.700000e+01
    endloop
  endfacet
  facet normal 0.000000e+00 0.000000e+00 -1.000000e+00
    outer loop
      vertex   -3.666532e+01 -1.125328e+01 1.700000e+01
      vertex   -3.602150e+01 -1.098343e+01 1.700000e+01
      vertex   -3.644019e+01 -1.168134e+01 1.700000e+01
    endloop
  endfacet
  facet normal 0.000000e+00 0.000000e+00 -1.000000e+00
    outer loop
      vertex   -3.644019e+01 -1.168134e+01 1.700000e+01
      vertex   -3.602150e+01 -1.098343e+01 1.700000e+01
      vertex   -3.583668e+01 -1.132920e+01 1.700000e+01
    endloop
  endfacet
  facet normal 0.000000e+00 0.000000e+00 -1.000000e+00
    outer loop
      vertex   -3.644019e+01 -1.168134e+01 1.700000e+01
      vertex   -3.583668e+01 -1.132920e+01 1.700000e+01
      vertex   -3.614921e+01 -1.206766e+01 1.700000e+01
    endloop
  endfacet
  facet normal 0.000000e+00 0.000000e+00 -1.000000e+00
    outer loop
      vertex   -3.614921e+01 -1.206766e+01 1.700000e+01
      vertex   -3.583668e+01 -1.132920e+01 1.700000e+01
      vertex   -3.558795e+01 -1.163227e+01 1.700000e+01
    endloop
  endfacet
  facet normal 0.000000e+00 0.000000e+00 -1.000000e+00
    outer loop
      vertex   -3.614921e+01 -1.206766e+01 1.700000e+01
      vertex   -3.558795e+01 -1.163227e+01 1.700000e+01
      vertex   -3.579993e+01 -1.240219e+01 1.700000e+01
    endloop
  endfacet
  facet normal 0.000000e+00 0.000000e+00 -1.000000e+00
    outer loop
      vertex   -3.579993e+01 -1.240219e+01 1.700000e+01
      vertex   -3.558795e+01 -1.163227e+01 1.700000e+01
      vertex   -3.528488e+01 -1.188100e+01 1.700000e+01
    endloop
  endfacet
  facet normal 0.000000e+00 0.000000e+00 -1.000000e+00
    outer loop
      vertex   -3.579993e+01 -1.240219e+01 1.700000e+01
      vertex   -3.528488e+01 -1.188100e+01 1.700000e+01
      vertex   -3.540143e+01 -1.267626e+01 1.700000e+01
    endloop
  endfacet
  facet normal 0.000000e+00 0.000000e+00 -1.000000e+00
    outer loop
      vertex   -3.540143e+01 -1.267626e+01 1.700000e+01
      vertex   -3.528488e+01 -1.188100e+01 1.700000e+01
      vertex   -3.493910e+01 -1.206582e+01 1.700000e+01
    endloop
  endfacet
  facet normal 0.000000e+00 0.000000e+00 -1.000000e+00
    outer loop
      vertex   -3.540143e+01 -1.267626e+01 1.700000e+01
      vertex   -3.493910e+01 -1.206582e+01 1.700000e+01
      vertex   -3.496407e+01 -1.288273e+01 1.700000e+01
    endloop
  endfacet
  facet normal 0.000000e+00 0.000000e+00 -1.000000e+00
    outer loop
      vertex   -3.496407e+01 -1.288273e+01 1.700000e+01
      vertex   -3.493910e+01 -1.206582e+01 1.700000e+01
      vertex   -3.456392e+01 -1.217963e+01 1.700000e+01
    endloop
  endfacet
  facet normal 0.000000e+00 0.000000e+00 -1.000000e+00
    outer loop
      vertex   -3.496407e+01 -1.288273e+01 1.700000e+01
      vertex   -3.456392e+01 -1.217963e+01 1.700000e+01
      vertex   -3.449922e+01 -1.301624e+01 1.700000e+01
    endloop
  endfacet
  facet normal 0.000000e+00 0.000000e+00 -1.000000e+00
    outer loop
      vertex   -3.449922e+01 -1.301624e+01 1.700000e+01
      vertex   -3.456392e+01 -1.217963e+01 1.700000e+01
      vertex   -3.417374e+01 -1.221806e+01 1.700000e+01
    endloop
  endfacet
  facet normal 0.000000e+00 0.000000e+00 -1.000000e+00
    outer loop
      vertex   -3.449922e+01 -1.301624e+01 1.700000e+01
      vertex   -3.417374e+01 -1.221806e+01 1.700000e+01
      vertex   -3.401895e+01 -1.307331e+01 1.700000e+01
    endloop
  endfacet
  facet normal 0.000000e+00 0.000000e+00 -1.000000e+00
    outer loop
      vertex   -3.401895e+01 -1.307331e+01 1.700000e+01
      vertex   -3.417374e+01 -1.221806e+01 1.700000e+01
      vertex   -3.378356e+01 -1.217963e+01 1.700000e+01
    endloop
  endfacet
  facet normal 0.000000e+00 0.000000e+00 -1.000000e+00
    outer loop
      vertex   -3.401895e+01 -1.307331e+01 1.700000e+01
      vertex   -3.378356e+01 -1.217963e+01 1.700000e+01
      vertex   -3.353575e+01 -1.305247e+01 1.700000e+01
    endloop
  endfacet
  facet normal 0.000000e+00 0.000000e+00 -1.000000e+00
    outer loop
      vertex   -3.353575e+01 -1.305247e+01 1.700000e+01
      vertex   -3.378356e+01 -1.217963e+01 1.700000e+01
      vertex   -3.340837e+01 -1.206582e+01 1.700000e+01
    endloop
  endfacet
  facet normal 0.000000e+00 0.000000e+00 -1.000000e+00
    outer loop
      vertex   -3.353575e+01 -1.305247e+01 1.700000e+01
      vertex   -3.340837e+01 -1.206582e+01 1.700000e+01
      vertex   -3.306218e+01 -1.295425e+01 1.700000e+01
    endloop
  endfacet
  facet normal 0.000000e+00 0.000000e+00 -1.000000e+00
    outer loop
      vertex   -3.306218e+01 -1.295425e+01 1.700000e+01
      vertex   -3.340837e+01 -1.206582e+01 1.700000e+01
      vertex   -3.306260e+01 -1.188100e+01 1.700000e+01
    endloop
  endfacet
  facet normal 0.000000e+00 0.000000e+00 -1.000000e+00
    outer loop
      vertex   -3.306218e+01 -1.295425e+01 1.700000e+01
      vertex   -3.306260e+01 -1.188100e+01 1.700000e+01
      vertex   -3.261055e+01 -1.278121e+01 1.700000e+01
    endloop
  endfacet
  facet normal 0.000000e+00 0.000000e+00 -1.000000e+00
    outer loop
      vertex   -3.261055e+01 -1.278121e+01 1.700000e+01
      vertex   -3.306260e+01 -1.188100e+01 1.700000e+01
      vertex   -3.275952e+01 -1.163227e+01 1.700000e+01
    endloop
  endfacet
  facet normal 0.000000e+00 0.000000e+00 -1.000000e+00
    outer loop
      vertex   -3.261055e+01 -1.278121e+01 1.700000e+01
      vertex   -3.275952e+01 -1.163227e+01 1.700000e+01
      vertex   -3.219260e+01 -1.253785e+01 1.700000e+01
    endloop
  endfacet
  facet normal 0.000000e+00 0.000000e+00 -1.000000e+00
    outer loop
      vertex   -3.219260e+01 -1.253785e+01 1.700000e+01
      vertex   -3.275952e+01 -1.163227e+01 1.700000e+01
      vertex   -3.181918e+01 -1.223049e+01 1.700000e+01
    endloop
  endfacet
  facet normal 0.000000e+00 0.000000e+00 -1.000000e+00
    outer loop
      vertex   -3.181918e+01 -1.223049e+01 1.700000e+01
      vertex   -3.275952e+01 -1.163227e+01 1.700000e+01
      vertex   -3.251080e+01 -1.132920e+01 1.700000e+01
    endloop
  endfacet
  facet normal 0.000000e+00 0.000000e+00 -1.000000e+00
    outer loop
      vertex   -3.181918e+01 -1.223049e+01 1.700000e+01
      vertex   -3.251080e+01 -1.132920e+01 1.700000e+01
      vertex   -3.150000e+01 -1.186712e+01 1.700000e+01
    endloop
  endfacet
  facet normal 0.000000e+00 0.000000e+00 -1.000000e+00
    outer loop
      vertex   -3.150000e+01 -1.186712e+01 1.700000e+01
      vertex   -3.251080e+01 -1.132920e+01 1.700000e+01
      vertex   -3.232598e+01 -1.098343e+01 1.700000e+01
    endloop
  endfacet
  facet normal 0.000000e+00 0.000000e+00 -1.000000e+00
    outer loop
      vertex   -3.150000e+01 -1.186712e+01 1.700000e+01
      vertex   -3.232598e+01 -1.098343e+01 1.700000e+01
      vertex   -3.221217e+01 -1.060824e+01 1.700000e+01
    endloop
  endfacet
  facet normal 0.000000e+00 0.000000e+00 -1.000000e+00
    outer loop
      vertex   -3.221217e+01 -1.060824e+01 1.700000e+01
      vertex   -3.217374e+01 -1.021806e+01 1.700000e+01
      vertex   -3.150000e+01 -1.186712e+01 1.700000e+01
    endloop
  endfacet
  facet normal 0.000000e+00 0.000000e+00 -1.000000e+00
    outer loop
      vertex   -3.150000e+01 -1.186712e+01 1.700000e+01
      vertex   -3.217374e+01 -1.021806e+01 1.700000e+01
      vertex   -3.150000e+01 -8.283742e+00 1.700000e+01
    endloop
  endfacet
  facet normal 0.000000e+00 0.000000e+00 -1.000000e+00
    outer loop
      vertex   -3.150000e+01 -1.186712e+01 1.700000e+01
      vertex   -3.150000e+01 -8.283742e+00 1.700000e+01
      vertex   -2.500000e+00 -8.415402e+00 1.700000e+01
    endloop
  endfacet
  facet normal 0.000000e+00 0.000000e+00 -1.000000e+00
    outer loop
      vertex   -2.500000e+00 -8.415402e+00 1.700000e+01
      vertex   -3.150000e+01 -8.283742e+00 1.700000e+01
      vertex   -2.500000e+00 7.455000e-01 1.700000e+01
    endloop
  endfacet
  facet normal 0.000000e+00 0.000000e+00 -1.000000e+00
    outer loop
      vertex   -2.500000e+00 7.455000e-01 1.700000e+01
      vertex   -3.150000e+01 -8.283742e+00 1.700000e+01
      vertex   -3.150000e+01 7.455000e-01 1.700000e+01
    endloop
  endfacet
  facet normal -0.000000e+00 0.000000e+00 -1.000000e+00
    outer loop
      vertex   -2.500000e+00 7.455000e-01 1.700000e+01
      vertex   -3.150000e+01 7.455000e-01 1.700000e+01
      vertex   -2.533113e+00 1.190000e+00 1.700000e+01
    endloop
  endfacet
  facet normal 0.000000e+00 0.000000e+00 -1.000000e+00
    outer loop
      vertex   -2.533113e+00 1.190000e+00 1.700000e+01
      vertex   -3.150000e+01 7.455000e-01 1.700000e+01
      vertex   -3.146689e+01 1.190000e+00 1.700000e+01
    endloop
  endfacet
  facet normal -0.000000e+00 0.000000e+00 -1.000000e+00
    outer loop
      vertex   -2.533113e+00 1.190000e+00 1.700000e+01
      vertex   -3.146689e+01 1.190000e+00 1.700000e+01
      vertex   -2.533113e+00 3.730000e+00 1.700000e+01
    endloop
  endfacet
  facet normal 0.000000e+00 0.000000e+00 -1.000000e+00
    outer loop
      vertex   -2.533113e+00 3.730000e+00 1.700000e+01
      vertex   -3.146689e+01 1.190000e+00 1.700000e+01
      vertex   -3.146689e+01 3.730000e+00 1.700000e+01
    endloop
  endfacet
  facet normal -0.000000e+00 0.000000e+00 -1.000000e+00
    outer loop
      vertex   -2.533113e+00 3.730000e+00 1.700000e+01
      vertex   -3.146689e+01 3.730000e+00 1.700000e+01
      vertex   -2.533113e+00 6.270000e+00 1.700000e+01
    endloop
  endfacet
  facet normal 0.000000e+00 0.000000e+00 -1.000000e+00
    outer loop
      vertex   -2.533113e+00 6.270000e+00 1.700000e+01
      vertex   -3.146689e+01 3.730000e+00 1.700000e+01
      vertex   -3.146689e+01 6.270000e+00 1.700000e+01
    endloop
  endfacet
  facet normal -0.000000e+00 0.000000e+00 -1.000000e+00
    outer loop
      vertex   -2.533113e+00 6.270000e+00 1.700000e+01
      vertex   -3.146689e+01 6.270000e+00 1.700000e+01
      vertex   -2.533113e+00 8.810000e+00 1.700000e+01
    endloop
  endfacet
  facet normal 0.000000e+00 0.000000e+00 -1.000000e+00
    outer loop
      vertex   -2.533113e+00 8.810000e+00 1.700000e+01
      vertex   -3.146689e+01 6.270000e+00 1.700000e+01
      vertex   -3.146689e+01 8.810000e+00 1.700000e+01
    endloop
  endfacet
  facet normal -0.000000e+00 0.000000e+00 -1.000000e+00
    outer loop
      vertex   -2.533113e+00 8.810000e+00 1.700000e+01
      vertex   -3.146689e+01 8.810000e+00 1.700000e+01
      vertex   -2.533113e+00 1.135000e+01 1.700000e+01
    endloop
  endfacet
  facet normal 0.000000e+00 0.000000e+00 -1.000000e+00
    outer loop
      vertex   -2.533113e+00 1.135000e+01 1.700000e+01
      vertex   -3.146689e+01 8.810000e+00 1.700000e+01
      vertex   -3.146689e+01 1.135000e+01 1.700000e+01
    endloop
  endfacet
  facet normal -0.000000e+00 0.000000e+00 -1.000000e+00
    outer loop
      vertex   -2.533113e+00 1.135000e+01 1.700000e+01
      vertex   -3.146689e+01 1.135000e+01 1.700000e+01
      vertex   -2.533113e+00 1.389000e+01 1.700000e+01
    endloop
  endfacet
  facet normal 0.000000e+00 0.000000e+00 -1.000000e+00
    outer loop
      vertex   -2.533113e+00 1.389000e+01 1.700000e+01
      vertex   -3.146689e+01 1.135000e+01 1.700000e+01
      vertex   -3.146689e+01 1.389000e+01 1.700000e+01
    endloop
  endfacet
  facet normal -0.000000e+00 0.000000e+00 -1.000000e+00
    outer loop
      vertex   -2.533113e+00 1.389000e+01 1.700000e+01
      vertex   -3.146689e+01 1.389000e+01 1.700000e+01
      vertex   -2.533113e+00 1.643000e+01 1.700000e+01
    endloop
  endfacet
  facet normal 0.000000e+00 0.000000e+00 -1.000000e+00
    outer loop
      vertex   -2.533113e+00 1.643000e+01 1.700000e+01
      vertex   -3.146689e+01 1.389000e+01 1.700000e+01
      vertex   -3.146689e+01 1.643000e+01 1.700000e+01
    endloop
  endfacet
  facet normal -0.000000e+00 0.000000e+00 -1.000000e+00
    outer loop
      vertex   -2.533113e+00 1.643000e+01 1.700000e+01
      vertex   -3.146689e+01 1.643000e+01 1.700000e+01
      vertex   -2.533113e+00 1.897000e+01 1.700000e+01
    endloop
  endfacet
  facet normal 0.000000e+00 0.000000e+00 -1.000000e+00
    outer loop
      vertex   -2.533113e+00 1.897000e+01 1.700000e+01
      vertex   -3.146689e+01 1.643000e+01 1.700000e+01
      vertex   -3.146689e+01 1.897000e+01 1.700000e+01
    endloop
  endfacet
  facet normal -0.000000e+00 0.000000e+00 -1.000000e+00
    outer loop
      vertex   -2.533113e+00 1.897000e+01 1.700000e+01
      vertex   -3.146689e+01 1.897000e+01 1.700000e+01
      vertex   -2.533113e+00 2.151000e+01 1.700000e+01
    endloop
  endfacet
  facet normal 0.000000e+00 0.000000e+00 -1.000000e+00
    outer loop
      vertex   -2.533113e+00 2.151000e+01 1.700000e+01
      vertex   -3.146689e+01 1.897000e+01 1.700000e+01
      vertex   -3.146689e+01 2.151000e+01 1.700000e+01
    endloop
  endfacet
  facet normal -0.000000e+00 0.000000e+00 -1.000000e+00
    outer loop
      vertex   -2.533113e+00 2.151000e+01 1.700000e+01
      vertex   -3.146689e+01 2.151000e+01 1.700000e+01
      vertex   -2.533113e+00 2.405000e+01 1.700000e+01
    endloop
  endfacet
  facet normal 0.000000e+00 0.000000e+00 -1.000000e+00
    outer loop
      vertex   -2.533113e+00 2.405000e+01 1.700000e+01
      vertex   -3.146689e+01 2.151000e+01 1.700000e+01
      vertex   -3.146689e+01 2.405000e+01 1.700000e+01
    endloop
  endfacet
  facet normal -0.000000e+00 0.000000e+00 -1.000000e+00
    outer loop
      vertex   -2.533113e+00 2.405000e+01 1.700000e+01
      vertex   -3.146689e+01 2.405000e+01 1.700000e+01
      vertex   -2.533113e+00 2.659000e+01 1.700000e+01
    endloop
  endfacet
  facet normal 0.000000e+00 0.000000e+00 -1.000000e+00
    outer loop
      vertex   -2.533113e+00 2.659000e+01 1.700000e+01
      vertex   -3.146689e+01 2.405000e+01 1.700000e+01
      vertex   -3.150000e+01 2.604088e+01 1.700000e+01
    endloop
  endfacet
  facet normal -0.000000e+00 0.000000e+00 -1.000000e+00
    outer loop
      vertex   -2.533113e+00 2.659000e+01 1.700000e+01
      vertex   -3.150000e+01 2.604088e+01 1.700000e+01
      vertex   -3.150000e+01 3.112424e+01 1.700000e+01
    endloop
  endfacet
  facet normal 0.000000e+00 -0.000000e+00 -1.000000e+00
    outer loop
      vertex   -3.150000e+01 3.112424e+01 1.700000e+01
      vertex   -3.150000e+01 2.604088e+01 1.700000e+01
      vertex   -3.220253e+01 2.850211e+01 1.700000e+01
    endloop
  endfacet
  facet normal 0.000000e+00 0.000000e+00 -1.000000e+00
    outer loop
      vertex   -3.150000e+01 3.112424e+01 1.700000e+01
      vertex   -3.220253e+01 2.850211e+01 1.700000e+01
      vertex   -3.224096e+01 2.889229e+01 1.700000e+01
    endloop
  endfacet
  facet normal 0.000000e+00 0.000000e+00 -1.000000e+00
    outer loop
      vertex   -3.217374e+01 -1.021806e+01 1.700000e+01
      vertex   -3.221217e+01 -9.827879e+00 1.700000e+01
      vertex   -3.150000e+01 -8.283742e+00 1.700000e+01
    endloop
  endfacet
  facet normal 0.000000e+00 0.000000e+00 -1.000000e+00
    outer loop
      vertex   -3.150000e+01 -8.283742e+00 1.700000e+01
      vertex   -3.221217e+01 -9.827879e+00 1.700000e+01
      vertex   -3.232598e+01 -9.452693e+00 1.700000e+01
    endloop
  endfacet
  facet normal 0.000000e+00 0.000000e+00 -1.000000e+00
    outer loop
      vertex   -3.150000e+01 -8.283742e+00 1.700000e+01
      vertex   -3.232598e+01 -9.452693e+00 1.700000e+01
      vertex   -3.251080e+01 -9.106920e+00 1.700000e+01
    endloop
  endfacet
  facet normal -0.000000e+00 0.000000e+00 -1.000000e+00
    outer loop
      vertex   -3.150000e+01 -8.283742e+00 1.700000e+01
      vertex   -3.251080e+01 -9.106920e+00 1.700000e+01
      vertex   -3.181918e+01 -7.920369e+00 1.700000e+01
    endloop
  endfacet
  facet normal 0.000000e+00 0.000000e+00 -1.000000e+00
    outer loop
      vertex   -3.181918e+01 -7.920369e+00 1.700000e+01
      vertex   -3.251080e+01 -9.106920e+00 1.700000e+01
      vertex   -3.275952e+01 -8.803846e+00 1.700000e+01
    endloop
  endfacet
  facet normal -0.000000e+00 0.000000e+00 -1.000000e+00
    outer loop
      vertex   -3.181918e+01 -7.920369e+00 1.700000e+01
      vertex   -3.275952e+01 -8.803846e+00 1.700000e+01
      vertex   -3.219260e+01 -7.613007e+00 1.700000e+01
    endloop
  endfacet
  facet normal 0.000000e+00 0.000000e+00 -1.000000e+00
    outer loop
      vertex   -3.219260e+01 -7.613007e+00 1.700000e+01
      vertex   -3.275952e+01 -8.803846e+00 1.700000e+01
      vertex   -3.306260e+01 -8.555121e+00 1.700000e+01
    endloop
  endfacet
  facet normal -0.000000e+00 0.000000e+00 -1.000000e+00
    outer loop
      vertex   -3.219260e+01 -7.613007e+00 1.700000e+01
      vertex   -3.306260e+01 -8.555121e+00 1.700000e+01
      vertex   -3.261055e+01 -7.369645e+00 1.700000e+01
    endloop
  endfacet
  facet normal -0.000000e+00 0.000000e+00 -1.000000e+00
    outer loop
      vertex   -3.261055e+01 -7.369645e+00 1.700000e+01
      vertex   -3.306260e+01 -8.555121e+00 1.700000e+01
      vertex   -3.306218e+01 -7.196607e+00 1.700000e+01
    endloop
  endfacet
  facet normal 0.000000e+00 0.000000e+00 -1.000000e+00
    outer loop
      vertex   -3.306218e+01 -7.196607e+00 1.700000e+01
      vertex   -3.306260e+01 -8.555121e+00 1.700000e+01
      vertex   -3.340837e+01 -8.370301e+00 1.700000e+01
    endloop
  endfacet
  facet normal -0.000000e+00 0.000000e+00 -1.000000e+00
    outer loop
      vertex   -3.306218e+01 -7.196607e+00 1.700000e+01
      vertex   -3.340837e+01 -8.370301e+00 1.700000e+01
      vertex   -3.353575e+01 -7.098390e+00 1.700000e+01
    endloop
  endfacet
  facet normal 0.000000e+00 -0.000000e+00 -1.000000e+00
    outer loop
      vertex   -3.353575e+01 -7.098390e+00 1.700000e+01
      vertex   -3.340837e+01 -8.370301e+00 1.700000e+01
      vertex   -3.378356e+01 -8.256489e+00 1.700000e+01
    endloop
  endfacet
  facet normal -0.000000e+00 0.000000e+00 -1.000000e+00
    outer loop
      vertex   -3.353575e+01 -7.098390e+00 1.700000e+01
      vertex   -3.378356e+01 -8.256489e+00 1.700000e+01
      vertex   -3.401895e+01 -7.077548e+00 1.700000e+01
    endloop
  endfacet
  facet normal 0.000000e+00 -0.000000e+00 -1.000000e+00
    outer loop
      vertex   -3.401895e+01 -7.077548e+00 1.700000e+01
      vertex   -3.378356e+01 -8.256489e+00 1.700000e+01
      vertex   -3.417374e+01 -8.218060e+00 1.700000e+01
    endloop
  endfacet
  facet normal 0.000000e+00 0.000000e+00 -1.000000e+00
    outer loop
      vertex   -3.401895e+01 -7.077548e+00 1.700000e+01
      vertex   -3.417374e+01 -8.218060e+00 1.700000e+01
      vertex   -3.449922e+01 -7.134622e+00 1.700000e+01
    endloop
  endfacet
  facet normal 0.000000e+00 -0.000000e+00 -1.000000e+00
    outer loop
      vertex   -3.449922e+01 -7.134622e+00 1.700000e+01
      vertex   -3.417374e+01 -8.218060e+00 1.700000e+01
      vertex   -3.456392e+01 -8.256489e+00 1.700000e+01
    endloop
  endfacet
  facet normal 0.000000e+00 0.000000e+00 -1.000000e+00
    outer loop
      vertex   -3.449922e+01 -7.134622e+00 1.700000e+01
      vertex   -3.456392e+01 -8.256489e+00 1.700000e+01
      vertex   -3.496407e+01 -7.268128e+00 1.700000e+01
    endloop
  endfacet
  facet normal 0.000000e+00 0.000000e+00 -1.000000e+00
    outer loop
      vertex   -3.496407e+01 -7.268128e+00 1.700000e+01
      vertex   -3.456392e+01 -8.256489e+00 1.700000e+01
      vertex   -3.493910e+01 -8.370301e+00 1.700000e+01
    endloop
  endfacet
  facet normal 0.000000e+00 -0.000000e+00 -1.000000e+00
    outer loop
      vertex   -3.496407e+01 -7.268128e+00 1.700000e+01
      vertex   -3.493910e+01 -8.370301e+00 1.700000e+01
      vertex   -3.540143e+01 -7.474597e+00 1.700000e+01
    endloop
  endfacet
  facet normal 0.000000e+00 0.000000e+00 -1.000000e+00
    outer loop
      vertex   -3.540143e+01 -7.474597e+00 1.700000e+01
      vertex   -3.493910e+01 -8.370301e+00 1.700000e+01
      vertex   -3.528488e+01 -8.555121e+00 1.700000e+01
    endloop
  endfacet
  facet normal 0.000000e+00 -0.000000e+00 -1.000000e+00
    outer loop
      vertex   -3.540143e+01 -7.474597e+00 1.700000e+01
      vertex   -3.528488e+01 -8.555121e+00 1.700000e+01
      vertex   -3.579993e+01 -7.748663e+00 1.700000e+01
    endloop
  endfacet
  facet normal 0.000000e+00 0.000000e+00 -1.000000e+00
    outer loop
      vertex   -3.579993e+01 -7.748663e+00 1.700000e+01
      vertex   -3.528488e+01 -8.555121e+00 1.700000e+01
      vertex   -3.558795e+01 -8.803846e+00 1.700000e+01
    endloop
  endfacet
  facet normal 0.000000e+00 0.000000e+00 -1.000000e+00
    outer loop
      vertex   -3.616410e+01 2.811193e+01 1.700000e+01
      vertex   -3.739634e+01 2.831987e+01 1.700000e+01
      vertex   -3.620253e+01 2.850211e+01 1.700000e+01
    endloop
  endfacet
  facet normal -0.000000e+00 0.000000e+00 -1.000000e+00
    outer loop
      vertex   -3.620253e+01 2.850211e+01 1.700000e+01
      vertex   -3.739634e+01 2.831987e+01 1.700000e+01
      vertex   -3.739634e+01 2.884524e+01 1.700000e+01
    endloop
  endfacet
  facet normal 0.000000e+00 0.000000e+00 -1.000000e+00
    outer loop
      vertex   -3.620253e+01 2.850211e+01 1.700000e+01
      vertex   -3.739634e+01 2.884524e+01 1.700000e+01
      vertex   -3.616410e+01 2.889229e+01 1.700000e+01
    endloop
  endfacet
  facet normal -0.000000e+00 0.000000e+00 -1.000000e+00
    outer loop
      vertex   -3.616410e+01 2.889229e+01 1.700000e+01
      vertex   -3.739634e+01 2.884524e+01 1.700000e+01
      vertex   -3.731770e+01 2.936469e+01 1.700000e+01
    endloop
  endfacet
  facet normal 0.000000e+00 0.000000e+00 -1.000000e+00
    outer loop
      vertex   -3.616410e+01 2.889229e+01 1.700000e+01
      vertex   -3.731770e+01 2.936469e+01 1.700000e+01
      vertex   -3.605029e+01 2.926748e+01 1.700000e+01
    endloop
  endfacet
  facet normal 0.000000e+00 0.000000e+00 -1.000000e+00
    outer loop
      vertex   -3.605029e+01 2.926748e+01 1.700000e+01
      vertex   -3.731770e+01 2.936469e+01 1.700000e+01
      vertex   -3.716220e+01 2.986652e+01 1.700000e+01
    endloop
  endfacet
  facet normal 0.000000e+00 0.000000e+00 -1.000000e+00
    outer loop
      vertex   -3.605029e+01 2.926748e+01 1.700000e+01
      vertex   -3.716220e+01 2.986652e+01 1.700000e+01
      vertex   -3.693333e+01 3.033942e+01 1.700000e+01
    endloop
  endfacet
  facet normal -0.000000e+00 0.000000e+00 -1.000000e+00
    outer loop
      vertex   -3.605029e+01 2.773674e+01 1.700000e+01
      vertex   -3.716220e+01 2.729860e+01 1.700000e+01
      vertex   -3.616410e+01 2.811193e+01 1.700000e+01
    endloop
  endfacet
  facet normal 0.000000e+00 0.000000e+00 -1.000000e+00
    outer loop
      vertex   -3.616410e+01 2.811193e+01 1.700000e+01
      vertex   -3.716220e+01 2.729860e+01 1.700000e+01
      vertex   -3.731770e+01 2.780042e+01 1.700000e+01
    endloop
  endfacet
  facet normal -0.000000e+00 0.000000e+00 -1.000000e+00
    outer loop
      vertex   -3.616410e+01 2.811193e+01 1.700000e+01
      vertex   -3.731770e+01 2.780042e+01 1.700000e+01
      vertex   -3.739634e+01 2.831987e+01 1.700000e+01
    endloop
  endfacet
  facet normal 0.000000e+00 0.000000e+00 -1.000000e+00
    outer loop
      vertex   -3.716220e+01 2.729860e+01 1.700000e+01
      vertex   -3.605029e+01 2.773674e+01 1.700000e+01
      vertex   -3.693333e+01 2.682570e+01 1.700000e+01
    endloop
  endfacet
  facet normal 0.000000e+00 0.000000e+00 -1.000000e+00
    outer loop
      vertex   -3.693333e+01 2.682570e+01 1.700000e+01
      vertex   -3.605029e+01 2.773674e+01 1.700000e+01
      vertex   -3.586547e+01 2.739097e+01 1.700000e+01
    endloop
  endfacet
  facet normal 0.000000e+00 0.000000e+00 -1.000000e+00
    outer loop
      vertex   -3.693333e+01 2.682570e+01 1.700000e+01
      vertex   -3.586547e+01 2.739097e+01 1.700000e+01
      vertex   -3.663626e+01 2.639239e+01 1.700000e+01
    endloop
  endfacet
  facet normal 0.000000e+00 0.000000e+00 -1.000000e+00
    outer loop
      vertex   -3.663626e+01 2.639239e+01 1.700000e+01
      vertex   -3.586547e+01 2.739097e+01 1.700000e+01
      vertex   -3.561674e+01 2.708790e+01 1.700000e+01
    endloop
  endfacet
  facet normal 0.000000e+00 0.000000e+00 -1.000000e+00
    outer loop
      vertex   -3.663626e+01 2.639239e+01 1.700000e+01
      vertex   -3.561674e+01 2.708790e+01 1.700000e+01
      vertex   -3.627767e+01 2.600842e+01 1.700000e+01
    endloop
  endfacet
  facet normal 0.000000e+00 0.000000e+00 -1.000000e+00
    outer loop
      vertex   -3.627767e+01 2.600842e+01 1.700000e+01
      vertex   -3.561674e+01 2.708790e+01 1.700000e+01
      vertex   -3.531367e+01 2.683917e+01 1.700000e+01
    endloop
  endfacet
  facet normal 0.000000e+00 0.000000e+00 -1.000000e+00
    outer loop
      vertex   -3.627767e+01 2.600842e+01 1.700000e+01
      vertex   -3.531367e+01 2.683917e+01 1.700000e+01
      vertex   -3.586565e+01 2.568246e+01 1.700000e+01
    endloop
  endfacet
  facet normal 0.000000e+00 0.000000e+00 -1.000000e+00
    outer loop
      vertex   -3.586565e+01 2.568246e+01 1.700000e+01
      vertex   -3.531367e+01 2.683917e+01 1.700000e+01
      vertex   -3.540949e+01 2.542184e+01 1.700000e+01
    endloop
  endfacet
  facet normal 0.000000e+00 0.000000e+00 -1.000000e+00
    outer loop
      vertex   -3.540949e+01 2.542184e+01 1.700000e+01
      vertex   -3.531367e+01 2.683917e+01 1.700000e+01
      vertex   -3.496789e+01 2.665435e+01 1.700000e+01
    endloop
  endfacet
  facet normal 0.000000e+00 0.000000e+00 -1.000000e+00
    outer loop
      vertex   -3.540949e+01 2.542184e+01 1.700000e+01
      vertex   -3.496789e+01 2.665435e+01 1.700000e+01
      vertex   -3.491945e+01 2.523243e+01 1.700000e+01
    endloop
  endfacet
  facet normal 0.000000e+00 0.000000e+00 -1.000000e+00
    outer loop
      vertex   -3.491945e+01 2.523243e+01 1.700000e+01
      vertex   -3.496789e+01 2.665435e+01 1.700000e+01
      vertex   -3.459271e+01 2.654054e+01 1.700000e+01
    endloop
  endfacet
  facet normal 0.000000e+00 0.000000e+00 -1.000000e+00
    outer loop
      vertex   -3.491945e+01 2.523243e+01 1.700000e+01
      vertex   -3.459271e+01 2.654054e+01 1.700000e+01
      vertex   -3.440658e+01 2.511851e+01 1.700000e+01
    endloop
  endfacet
  facet normal 0.000000e+00 0.000000e+00 -1.000000e+00
    outer loop
      vertex   -3.440658e+01 2.511851e+01 1.700000e+01
      vertex   -3.459271e+01 2.654054e+01 1.700000e+01
      vertex   -3.420253e+01 2.650211e+01 1.700000e+01
    endloop
  endfacet
  facet normal 0.000000e+00 0.000000e+00 -1.000000e+00
    outer loop
      vertex   -3.440658e+01 2.511851e+01 1.700000e+01
      vertex   -3.420253e+01 2.650211e+01 1.700000e+01
      vertex   -3.388244e+01 2.508264e+01 1.700000e+01
    endloop
  endfacet
  facet normal 0.000000e+00 0.000000e+00 -1.000000e+00
    outer loop
      vertex   -3.388244e+01 2.508264e+01 1.700000e+01
      vertex   -3.420253e+01 2.650211e+01 1.700000e+01
      vertex   -3.381235e+01 2.654054e+01 1.700000e+01
    endloop
  endfacet
  facet normal 0.000000e+00 0.000000e+00 -1.000000e+00
    outer loop
      vertex   -3.388244e+01 2.508264e+01 1.700000e+01
      vertex   -3.381235e+01 2.654054e+01 1.700000e+01
      vertex   -3.335883e+01 2.512563e+01 1.700000e+01
    endloop
  endfacet
  facet normal 0.000000e+00 0.000000e+00 -1.000000e+00
    outer loop
      vertex   -3.335883e+01 2.512563e+01 1.700000e+01
      vertex   -3.381235e+01 2.654054e+01 1.700000e+01
      vertex   -3.343716e+01 2.665435e+01 1.700000e+01
    endloop
  endfacet
  facet normal 0.000000e+00 0.000000e+00 -1.000000e+00
    outer loop
      vertex   -3.335883e+01 2.512563e+01 1.700000e+01
      vertex   -3.343716e+01 2.665435e+01 1.700000e+01
      vertex   -3.284756e+01 2.524650e+01 1.700000e+01
    endloop
  endfacet
  facet normal 0.000000e+00 0.000000e+00 -1.000000e+00
    outer loop
      vertex   -3.284756e+01 2.524650e+01 1.700000e+01
      vertex   -3.343716e+01 2.665435e+01 1.700000e+01
      vertex   -3.309139e+01 2.683917e+01 1.700000e+01
    endloop
  endfacet
  facet normal 0.000000e+00 0.000000e+00 -1.000000e+00
    outer loop
      vertex   -3.284756e+01 2.524650e+01 1.700000e+01
      vertex   -3.309139e+01 2.683917e+01 1.700000e+01
      vertex   -3.236014e+01 2.544255e+01 1.700000e+01
    endloop
  endfacet
  facet normal 0.000000e+00 0.000000e+00 -1.000000e+00
    outer loop
      vertex   -3.236014e+01 2.544255e+01 1.700000e+01
      vertex   -3.309139e+01 2.683917e+01 1.700000e+01
      vertex   -3.278831e+01 2.708790e+01 1.700000e+01
    endloop
  endfacet
  facet normal 0.000000e+00 0.000000e+00 -1.000000e+00
    outer loop
      vertex   -3.236014e+01 2.544255e+01 1.700000e+01
      vertex   -3.278831e+01 2.708790e+01 1.700000e+01
      vertex   -3.190755e+01 2.570934e+01 1.700000e+01
    endloop
  endfacet
  facet normal 0.000000e+00 0.000000e+00 -1.000000e+00
    outer loop
      vertex   -3.190755e+01 2.570934e+01 1.700000e+01
      vertex   -3.278831e+01 2.708790e+01 1.700000e+01
      vertex   -3.150000e+01 2.604088e+01 1.700000e+01
    endloop
  endfacet
  facet normal 0.000000e+00 0.000000e+00 -1.000000e+00
    outer loop
      vertex   -3.150000e+01 2.604088e+01 1.700000e+01
      vertex   -3.278831e+01 2.708790e+01 1.700000e+01
      vertex   -3.253959e+01 2.739097e+01 1.700000e+01
    endloop
  endfacet
  facet normal 0.000000e+00 0.000000e+00 -1.000000e+00
    outer loop
      vertex   -3.150000e+01 2.604088e+01 1.700000e+01
      vertex   -3.253959e+01 2.739097e+01 1.700000e+01
      vertex   -3.235477e+01 2.773674e+01 1.700000e+01
    endloop
  endfacet
  facet normal 0.000000e+00 0.000000e+00 -1.000000e+00
    outer loop
      vertex   -3.235477e+01 2.773674e+01 1.700000e+01
      vertex   -3.224096e+01 2.811193e+01 1.700000e+01
      vertex   -3.150000e+01 2.604088e+01 1.700000e+01
    endloop
  endfacet
  facet normal 0.000000e+00 0.000000e+00 -1.000000e+00
    outer loop
      vertex   -3.150000e+01 2.604088e+01 1.700000e+01
      vertex   -3.224096e+01 2.811193e+01 1.700000e+01
      vertex   -3.220253e+01 2.850211e+01 1.700000e+01
    endloop
  endfacet
  facet normal 0.000000e+00 0.000000e+00 -1.000000e+00
    outer loop
      vertex   -3.224096e+01 2.889229e+01 1.700000e+01
      vertex   -3.235477e+01 2.926748e+01 1.700000e+01
      vertex   -3.150000e+01 3.112424e+01 1.700000e+01
    endloop
  endfacet
  facet normal 0.000000e+00 0.000000e+00 -1.000000e+00
    outer loop
      vertex   -3.150000e+01 3.112424e+01 1.700000e+01
      vertex   -3.235477e+01 2.926748e+01 1.700000e+01
      vertex   -3.253959e+01 2.961325e+01 1.700000e+01
    endloop
  endfacet
  facet normal 0.000000e+00 0.000000e+00 -1.000000e+00
    outer loop
      vertex   -3.150000e+01 3.112424e+01 1.700000e+01
      vertex   -3.253959e+01 2.961325e+01 1.700000e+01
      vertex   -3.278831e+01 2.991632e+01 1.700000e+01
    endloop
  endfacet
  facet normal 0.000000e+00 0.000000e+00 -1.000000e+00
    outer loop
      vertex   -3.309139e+01 3.016505e+01 1.700000e+01
      vertex   -3.236014e+01 3.172257e+01 1.700000e+01
      vertex   -3.278831e+01 2.991632e+01 1.700000e+01
    endloop
  endfacet
  facet normal 0.000000e+00 0.000000e+00 -1.000000e+00
    outer loop
      vertex   -3.278831e+01 2.991632e+01 1.700000e+01
      vertex   -3.236014e+01 3.172257e+01 1.700000e+01
      vertex   -3.190755e+01 3.145577e+01 1.700000e+01
    endloop
  endfacet
  facet normal 0.000000e+00 0.000000e+00 -1.000000e+00
    outer loop
      vertex   -3.278831e+01 2.991632e+01 1.700000e+01
      vertex   -3.190755e+01 3.145577e+01 1.700000e+01
      vertex   -3.150000e+01 3.112424e+01 1.700000e+01
    endloop
  endfacet
  facet normal -0.000000e+00 0.000000e+00 -1.000000e+00
    outer loop
      vertex   -3.236014e+01 3.172257e+01 1.700000e+01
      vertex   -3.309139e+01 3.016505e+01 1.700000e+01
      vertex   -3.284756e+01 3.191861e+01 1.700000e+01
    endloop
  endfacet
  facet normal 0.000000e+00 0.000000e+00 -1.000000e+00
    outer loop
      vertex   -3.284756e+01 3.191861e+01 1.700000e+01
      vertex   -3.309139e+01 3.016505e+01 1.700000e+01
      vertex   -3.343716e+01 3.034987e+01 1.700000e+01
    endloop
  endfacet
  facet normal -0.000000e+00 0.000000e+00 -1.000000e+00
    outer loop
      vertex   -3.284756e+01 3.191861e+01 1.700000e+01
      vertex   -3.343716e+01 3.034987e+01 1.700000e+01
      vertex   -3.335883e+01 3.203949e+01 1.700000e+01
    endloop
  endfacet
  facet normal 0.000000e+00 0.000000e+00 -1.000000e+00
    outer loop
      vertex   -3.335883e+01 3.203949e+01 1.700000e+01
      vertex   -3.343716e+01 3.034987e+01 1.700000e+01
      vertex   -3.381235e+01 3.046368e+01 1.700000e+01
    endloop
  endfacet
  facet normal -0.000000e+00 0.000000e+00 -1.000000e+00
    outer loop
      vertex   -3.335883e+01 3.203949e+01 1.700000e+01
      vertex   -3.381235e+01 3.046368e+01 1.700000e+01
      vertex   -3.388244e+01 3.208248e+01 1.700000e+01
    endloop
  endfacet
  facet normal 0.000000e+00 -0.000000e+00 -1.000000e+00
    outer loop
      vertex   -3.388244e+01 3.208248e+01 1.700000e+01
      vertex   -3.381235e+01 3.046368e+01 1.700000e+01
      vertex   -3.420253e+01 3.050211e+01 1.700000e+01
    endloop
  endfacet
  facet normal 0.000000e+00 0.000000e+00 -1.000000e+00
    outer loop
      vertex   -3.388244e+01 3.208248e+01 1.700000e+01
      vertex   -3.420253e+01 3.050211e+01 1.700000e+01
      vertex   -3.440658e+01 3.204661e+01 1.700000e+01
    endloop
  endfacet
  facet normal 0.000000e+00 -0.000000e+00 -1.000000e+00
    outer loop
      vertex   -3.440658e+01 3.204661e+01 1.700000e+01
      vertex   -3.420253e+01 3.050211e+01 1.700000e+01
      vertex   -3.459271e+01 3.046368e+01 1.700000e+01
    endloop
  endfacet
  facet normal 0.000000e+00 0.000000e+00 -1.000000e+00
    outer loop
      vertex   -3.440658e+01 3.204661e+01 1.700000e+01
      vertex   -3.459271e+01 3.046368e+01 1.700000e+01
      vertex   -3.491945e+01 3.193268e+01 1.700000e+01
    endloop
  endfacet
  facet normal 0.000000e+00 -0.000000e+00 -1.000000e+00
    outer loop
      vertex   -3.491945e+01 3.193268e+01 1.700000e+01
      vertex   -3.459271e+01 3.046368e+01 1.700000e+01
      vertex   -3.496789e+01 3.034987e+01 1.700000e+01
    endloop
  endfacet
  facet normal 0.000000e+00 0.000000e+00 -1.000000e+00
    outer loop
      vertex   -3.491945e+01 3.193268e+01 1.700000e+01
      vertex   -3.496789e+01 3.034987e+01 1.700000e+01
      vertex   -3.540949e+01 3.174328e+01 1.700000e+01
    endloop
  endfacet
  facet normal 0.000000e+00 -0.000000e+00 -1.000000e+00
    outer loop
      vertex   -3.540949e+01 3.174328e+01 1.700000e+01
      vertex   -3.496789e+01 3.034987e+01 1.700000e+01
      vertex   -3.586565e+01 3.148266e+01 1.700000e+01
    endloop
  endfacet
  facet normal 0.000000e+00 0.000000e+00 -1.000000e+00
    outer loop
      vertex   -3.586565e+01 3.148266e+01 1.700000e+01
      vertex   -3.496789e+01 3.034987e+01 1.700000e+01
      vertex   -3.531367e+01 3.016505e+01 1.700000e+01
    endloop
  endfacet
  facet normal 0.000000e+00 -0.000000e+00 -1.000000e+00
    outer loop
      vertex   -3.586565e+01 3.148266e+01 1.700000e+01
      vertex   -3.531367e+01 3.016505e+01 1.700000e+01
      vertex   -3.627767e+01 3.115669e+01 1.700000e+01
    endloop
  endfacet
  facet normal 0.000000e+00 0.000000e+00 -1.000000e+00
    outer loop
      vertex   -3.627767e+01 3.115669e+01 1.700000e+01
      vertex   -3.531367e+01 3.016505e+01 1.700000e+01
      vertex   -3.561674e+01 2.991632e+01 1.700000e+01
    endloop
  endfacet
  facet normal 0.000000e+00 -0.000000e+00 -1.000000e+00
    outer loop
      vertex   -3.627767e+01 3.115669e+01 1.700000e+01
      vertex   -3.561674e+01 2.991632e+01 1.700000e+01
      vertex   -3.663626e+01 3.077273e+01 1.700000e+01
    endloop
  endfacet
  facet normal 0.000000e+00 0.000000e+00 -1.000000e+00
    outer loop
      vertex   -3.663626e+01 3.077273e+01 1.700000e+01
      vertex   -3.561674e+01 2.991632e+01 1.700000e+01
      vertex   -3.586547e+01 2.961325e+01 1.700000e+01
    endloop
  endfacet
  facet normal 0.000000e+00 -0.000000e+00 -1.000000e+00
    outer loop
      vertex   -3.663626e+01 3.077273e+01 1.700000e+01
      vertex   -3.586547e+01 2.961325e+01 1.700000e+01
      vertex   -3.693333e+01 3.033942e+01 1.700000e+01
    endloop
  endfacet
  facet normal 0.000000e+00 0.000000e+00 -1.000000e+00
    outer loop
      vertex   -3.693333e+01 3.033942e+01 1.700000e+01
      vertex   -3.586547e+01 2.961325e+01 1.700000e+01
      vertex   -3.605029e+01 2.926748e+01 1.700000e+01
    endloop
  endfacet
  facet normal -0.000000e+00 0.000000e+00 -1.000000e+00
    outer loop
      vertex   -1.834670e+00 2.828317e+01 1.700000e+01
      vertex   -2.501980e+00 2.692552e+01 1.700000e+01
      vertex   -1.873100e+00 2.867335e+01 1.700000e+01
    endloop
  endfacet
  facet normal -0.000000e+00 0.000000e+00 -1.000000e+00
    outer loop
      vertex   -1.873100e+00 2.867335e+01 1.700000e+01
      vertex   -2.501980e+00 2.692552e+01 1.700000e+01
      vertex   -2.500000e+00 3.024258e+01 1.700000e+01
    endloop
  endfacet
  facet normal 0.000000e+00 0.000000e+00 -1.000000e+00
    outer loop
      vertex   -1.873100e+00 2.867335e+01 1.700000e+01
      vertex   -2.500000e+00 3.024258e+01 1.700000e+01
      vertex   -1.834670e+00 2.906353e+01 1.700000e+01
    endloop
  endfacet
  facet normal 0.000000e+00 0.000000e+00 -1.000000e+00
    outer loop
      vertex   -1.834670e+00 2.906353e+01 1.700000e+01
      vertex   -2.500000e+00 3.024258e+01 1.700000e+01
      vertex   -1.720859e+00 2.943872e+01 1.700000e+01
    endloop
  endfacet
  facet normal 0.000000e+00 0.000000e+00 -1.000000e+00
    outer loop
      vertex   -1.720859e+00 2.943872e+01 1.700000e+01
      vertex   -2.500000e+00 3.024258e+01 1.700000e+01
      vertex   -1.536039e+00 2.978449e+01 1.700000e+01
    endloop
  endfacet
  facet normal 0.000000e+00 0.000000e+00 -1.000000e+00
    outer loop
      vertex   -1.536039e+00 2.978449e+01 1.700000e+01
      vertex   -2.500000e+00 3.024258e+01 1.700000e+01
      vertex   -2.204143e+00 3.061892e+01 1.700000e+01
    endloop
  endfacet
  facet normal 0.000000e+00 0.000000e+00 -1.000000e+00
    outer loop
      vertex   -1.536039e+00 2.978449e+01 1.700000e+01
      vertex   -2.204143e+00 3.061892e+01 1.700000e+01
      vertex   -1.287313e+00 3.008756e+01 1.700000e+01
    endloop
  endfacet
  facet normal 0.000000e+00 0.000000e+00 -1.000000e+00
    outer loop
      vertex   -1.287313e+00 3.008756e+01 1.700000e+01
      vertex   -2.204143e+00 3.061892e+01 1.700000e+01
      vertex   -1.852192e+00 3.094340e+01 1.700000e+01
    endloop
  endfacet
  facet normal 0.000000e+00 0.000000e+00 -1.000000e+00
    outer loop
      vertex   -1.287313e+00 3.008756e+01 1.700000e+01
      vertex   -1.852192e+00 3.094340e+01 1.700000e+01
      vertex   -1.453109e+00 3.120778e+01 1.700000e+01
    endloop
  endfacet
  facet normal 0.000000e+00 -0.000000e+00 -1.000000e+00
    outer loop
      vertex   -1.834670e+00 2.828317e+01 1.700000e+01
      vertex   -1.720859e+00 2.790798e+01 1.700000e+01
      vertex   -2.501980e+00 2.692552e+01 1.700000e+01
    endloop
  endfacet
  facet normal 0.000000e+00 0.000000e+00 -1.000000e+00
    outer loop
      vertex   -2.501980e+00 2.692552e+01 1.700000e+01
      vertex   -1.720859e+00 2.790798e+01 1.700000e+01
      vertex   -1.536039e+00 2.756221e+01 1.700000e+01
    endloop
  endfacet
  facet normal 0.000000e+00 0.000000e+00 -1.000000e+00
    outer loop
      vertex   -2.501980e+00 2.692552e+01 1.700000e+01
      vertex   -1.536039e+00 2.756221e+01 1.700000e+01
      vertex   -2.206572e+00 2.654883e+01 1.700000e+01
    endloop
  endfacet
  facet normal 0.000000e+00 0.000000e+00 -1.000000e+00
    outer loop
      vertex   -2.206572e+00 2.654883e+01 1.700000e+01
      vertex   -1.536039e+00 2.756221e+01 1.700000e+01
      vertex   -1.287313e+00 2.725914e+01 1.700000e+01
    endloop
  endfacet
  facet normal 0.000000e+00 0.000000e+00 -1.000000e+00
    outer loop
      vertex   -2.206572e+00 2.654883e+01 1.700000e+01
      vertex   -1.287313e+00 2.725914e+01 1.700000e+01
      vertex   -1.855009e+00 2.622392e+01 1.700000e+01
    endloop
  endfacet
  facet normal 0.000000e+00 0.000000e+00 -1.000000e+00
    outer loop
      vertex   -1.855009e+00 2.622392e+01 1.700000e+01
      vertex   -1.287313e+00 2.725914e+01 1.700000e+01
      vertex   -9.842402e-01 2.701041e+01 1.700000e+01
    endloop
  endfacet
  facet normal 0.000000e+00 0.000000e+00 -1.000000e+00
    outer loop
      vertex   -1.855009e+00 2.622392e+01 1.700000e+01
      vertex   -9.842402e-01 2.701041e+01 1.700000e+01
      vertex   -1.456242e+00 2.595907e+01 1.700000e+01
    endloop
  endfacet
  facet normal 0.000000e+00 0.000000e+00 -1.000000e+00
    outer loop
      vertex   -1.456242e+00 2.595907e+01 1.700000e+01
      vertex   -9.842402e-01 2.701041e+01 1.700000e+01
      vertex   -1.020425e+00 2.576102e+01 1.700000e+01
    endloop
  endfacet
  facet normal 0.000000e+00 0.000000e+00 -1.000000e+00
    outer loop
      vertex   -1.020425e+00 2.576102e+01 1.700000e+01
      vertex   -9.842402e-01 2.701041e+01 1.700000e+01
      vertex   -6.384666e-01 2.682559e+01 1.700000e+01
    endloop
  endfacet
  facet normal 0.000000e+00 0.000000e+00 -1.000000e+00
    outer loop
      vertex   -1.020425e+00 2.576102e+01 1.700000e+01
      vertex   -6.384666e-01 2.682559e+01 1.700000e+01
      vertex   -5.586550e-01 2.563482e+01 1.700000e+01
    endloop
  endfacet
  facet normal 0.000000e+00 0.000000e+00 -1.000000e+00
    outer loop
      vertex   -5.586550e-01 2.563482e+01 1.700000e+01
      vertex   -6.384666e-01 2.682559e+01 1.700000e+01
      vertex   -2.632803e-01 2.671178e+01 1.700000e+01
    endloop
  endfacet
  facet normal 0.000000e+00 0.000000e+00 -1.000000e+00
    outer loop
      vertex   -5.586550e-01 2.563482e+01 1.700000e+01
      vertex   -2.632803e-01 2.671178e+01 1.700000e+01
      vertex   -8.268909e-02 2.558367e+01 1.700000e+01
    endloop
  endfacet
  facet normal 0.000000e+00 0.000000e+00 -1.000000e+00
    outer loop
      vertex   -8.268909e-02 2.558367e+01 1.700000e+01
      vertex   -2.632803e-01 2.671178e+01 1.700000e+01
      vertex   1.269003e-01 2.667335e+01 1.700000e+01
    endloop
  endfacet
  facet normal 0.000000e+00 0.000000e+00 -1.000000e+00
    outer loop
      vertex   -8.268909e-02 2.558367e+01 1.700000e+01
      vertex   1.269003e-01 2.667335e+01 1.700000e+01
      vertex   3.953533e-01 2.560887e+01 1.700000e+01
    endloop
  endfacet
  facet normal 0.000000e+00 0.000000e+00 -1.000000e+00
    outer loop
      vertex   3.953533e-01 2.560887e+01 1.700000e+01
      vertex   1.269003e-01 2.667335e+01 1.700000e+01
      vertex   5.170810e-01 2.671178e+01 1.700000e+01
    endloop
  endfacet
  facet normal 0.000000e+00 0.000000e+00 -1.000000e+00
    outer loop
      vertex   3.953533e-01 2.560887e+01 1.700000e+01
      vertex   5.170810e-01 2.671178e+01 1.700000e+01
      vertex   8.633002e-01 2.570980e+01 1.700000e+01
    endloop
  endfacet
  facet normal 0.000000e+00 0.000000e+00 -1.000000e+00
    outer loop
      vertex   8.633002e-01 2.570980e+01 1.700000e+01
      vertex   5.170810e-01 2.671178e+01 1.700000e+01
      vertex   8.922672e-01 2.682559e+01 1.700000e+01
    endloop
  endfacet
  facet normal 0.000000e+00 0.000000e+00 -1.000000e+00
    outer loop
      vertex   8.633002e-01 2.570980e+01 1.700000e+01
      vertex   8.922672e-01 2.682559e+01 1.700000e+01
      vertex   1.309237e+00 2.588387e+01 1.700000e+01
    endloop
  endfacet
  facet normal 0.000000e+00 0.000000e+00 -1.000000e+00
    outer loop
      vertex   1.309237e+00 2.588387e+01 1.700000e+01
      vertex   8.922672e-01 2.682559e+01 1.700000e+01
      vertex   1.238041e+00 2.701041e+01 1.700000e+01
    endloop
  endfacet
  facet normal 0.000000e+00 0.000000e+00 -1.000000e+00
    outer loop
      vertex   1.309237e+00 2.588387e+01 1.700000e+01
      vertex   1.238041e+00 2.701041e+01 1.700000e+01
      vertex   1.721808e+00 2.612665e+01 1.700000e+01
    endloop
  endfacet
  facet normal 0.000000e+00 0.000000e+00 -1.000000e+00
    outer loop
      vertex   1.721808e+00 2.612665e+01 1.700000e+01
      vertex   1.238041e+00 2.701041e+01 1.700000e+01
      vertex   1.541114e+00 2.725914e+01 1.700000e+01
    endloop
  endfacet
  facet normal 0.000000e+00 0.000000e+00 -1.000000e+00
    outer loop
      vertex   1.721808e+00 2.612665e+01 1.700000e+01
      vertex   1.541114e+00 2.725914e+01 1.700000e+01
      vertex   2.090509e+00 2.643197e+01 1.700000e+01
    endloop
  endfacet
  facet normal 0.000000e+00 0.000000e+00 -1.000000e+00
    outer loop
      vertex   2.090509e+00 2.643197e+01 1.700000e+01
      vertex   1.541114e+00 2.725914e+01 1.700000e+01
      vertex   2.405952e+00 2.679205e+01 1.700000e+01
    endloop
  endfacet
  facet normal 0.000000e+00 0.000000e+00 -1.000000e+00
    outer loop
      vertex   2.405952e+00 2.679205e+01 1.700000e+01
      vertex   1.541114e+00 2.725914e+01 1.700000e+01
      vertex   1.789840e+00 2.756221e+01 1.700000e+01
    endloop
  endfacet
  facet normal 0.000000e+00 0.000000e+00 -1.000000e+00
    outer loop
      vertex   2.405952e+00 2.679205e+01 1.700000e+01
      vertex   1.789840e+00 2.756221e+01 1.700000e+01
      vertex   2.660106e+00 2.719772e+01 1.700000e+01
    endloop
  endfacet
  facet normal 0.000000e+00 0.000000e+00 -1.000000e+00
    outer loop
      vertex   2.660106e+00 2.719772e+01 1.700000e+01
      vertex   1.789840e+00 2.756221e+01 1.700000e+01
      vertex   1.974659e+00 2.790798e+01 1.700000e+01
    endloop
  endfacet
  facet normal 0.000000e+00 0.000000e+00 -1.000000e+00
    outer loop
      vertex   2.660106e+00 2.719772e+01 1.700000e+01
      vertex   1.974659e+00 2.790798e+01 1.700000e+01
      vertex   2.846498e+00 2.763865e+01 1.700000e+01
    endloop
  endfacet
  facet normal 0.000000e+00 0.000000e+00 -1.000000e+00
    outer loop
      vertex   2.846498e+00 2.763865e+01 1.700000e+01
      vertex   1.974659e+00 2.790798e+01 1.700000e+01
      vertex   2.088471e+00 2.828317e+01 1.700000e+01
    endloop
  endfacet
  facet normal 0.000000e+00 0.000000e+00 -1.000000e+00
    outer loop
      vertex   2.846498e+00 2.763865e+01 1.700000e+01
      vertex   2.088471e+00 2.828317e+01 1.700000e+01
      vertex   2.960383e+00 2.810361e+01 1.700000e+01
    endloop
  endfacet
  facet normal 0.000000e+00 0.000000e+00 -1.000000e+00
    outer loop
      vertex   2.960383e+00 2.810361e+01 1.700000e+01
      vertex   2.088471e+00 2.828317e+01 1.700000e+01
      vertex   2.998861e+00 2.858077e+01 1.700000e+01
    endloop
  endfacet
  facet normal -0.000000e+00 0.000000e+00 -1.000000e+00
    outer loop
      vertex   2.998861e+00 2.858077e+01 1.700000e+01
      vertex   2.088471e+00 2.828317e+01 1.700000e+01
      vertex   2.126900e+00 2.867335e+01 1.700000e+01
    endloop
  endfacet
  facet normal 0.000000e+00 0.000000e+00 -1.000000e+00
    outer loop
      vertex   2.998861e+00 2.858077e+01 1.700000e+01
      vertex   2.126900e+00 2.867335e+01 1.700000e+01
      vertex   2.960953e+00 2.905797e+01 1.700000e+01
    endloop
  endfacet
  facet normal -0.000000e+00 0.000000e+00 -1.000000e+00
    outer loop
      vertex   2.960953e+00 2.905797e+01 1.700000e+01
      vertex   2.126900e+00 2.867335e+01 1.700000e+01
      vertex   2.088471e+00 2.906353e+01 1.700000e+01
    endloop
  endfacet
  facet normal 0.000000e+00 0.000000e+00 -1.000000e+00
    outer loop
      vertex   2.960953e+00 2.905797e+01 1.700000e+01
      vertex   2.088471e+00 2.906353e+01 1.700000e+01
      vertex   2.847623e+00 2.952307e+01 1.700000e+01
    endloop
  endfacet
  facet normal 0.000000e+00 0.000000e+00 -1.000000e+00
    outer loop
      vertex   2.847623e+00 2.952307e+01 1.700000e+01
      vertex   2.088471e+00 2.906353e+01 1.700000e+01
      vertex   1.974659e+00 2.943872e+01 1.700000e+01
    endloop
  endfacet
  facet normal -0.000000e+00 0.000000e+00 -1.000000e+00
    outer loop
      vertex   2.847623e+00 2.952307e+01 1.700000e+01
      vertex   1.974659e+00 2.943872e+01 1.700000e+01
      vertex   2.661757e+00 2.996422e+01 1.700000e+01
    endloop
  endfacet
  facet normal 0.000000e+00 0.000000e+00 -1.000000e+00
    outer loop
      vertex   2.661757e+00 2.996422e+01 1.700000e+01
      vertex   1.974659e+00 2.943872e+01 1.700000e+01
      vertex   1.789840e+00 2.978449e+01 1.700000e+01
    endloop
  endfacet
  facet normal -0.000000e+00 0.000000e+00 -1.000000e+00
    outer loop
      vertex   2.661757e+00 2.996422e+01 1.700000e+01
      vertex   1.789840e+00 2.978449e+01 1.700000e+01
      vertex   2.408088e+00 3.037019e+01 1.700000e+01
    endloop
  endfacet
  facet normal -0.000000e+00 0.000000e+00 -1.000000e+00
    outer loop
      vertex   2.408088e+00 3.037019e+01 1.700000e+01
      vertex   1.789840e+00 2.978449e+01 1.700000e+01
      vertex   2.093075e+00 3.073064e+01 1.700000e+01
    endloop
  endfacet
  facet normal 0.000000e+00 0.000000e+00 -1.000000e+00
    outer loop
      vertex   2.093075e+00 3.073064e+01 1.700000e+01
      vertex   1.789840e+00 2.978449e+01 1.700000e+01
      vertex   1.541114e+00 3.008756e+01 1.700000e+01
    endloop
  endfacet
  facet normal -0.000000e+00 0.000000e+00 -1.000000e+00
    outer loop
      vertex   2.093075e+00 3.073064e+01 1.700000e+01
      vertex   1.541114e+00 3.008756e+01 1.700000e+01
      vertex   1.724739e+00 3.103640e+01 1.700000e+01
    endloop
  endfacet
  facet normal 0.000000e+00 0.000000e+00 -1.000000e+00
    outer loop
      vertex   1.724739e+00 3.103640e+01 1.700000e+01
      vertex   1.541114e+00 3.008756e+01 1.700000e+01
      vertex   1.238041e+00 3.033629e+01 1.700000e+01
    endloop
  endfacet
  facet normal -0.000000e+00 0.000000e+00 -1.000000e+00
    outer loop
      vertex   1.724739e+00 3.103640e+01 1.700000e+01
      vertex   1.238041e+00 3.033629e+01 1.700000e+01
      vertex   1.312458e+00 3.127968e+01 1.700000e+01
    endloop
  endfacet
  facet normal 0.000000e+00 0.000000e+00 -1.000000e+00
    outer loop
      vertex   1.312458e+00 3.127968e+01 1.700000e+01
      vertex   1.238041e+00 3.033629e+01 1.700000e+01
      vertex   8.922672e-01 3.052111e+01 1.700000e+01
    endloop
  endfacet
  facet normal -0.000000e+00 0.000000e+00 -1.000000e+00
    outer loop
      vertex   1.312458e+00 3.127968e+01 1.700000e+01
      vertex   8.922672e-01 3.052111e+01 1.700000e+01
      vertex   8.667296e-01 3.145428e+01 1.700000e+01
    endloop
  endfacet
  facet normal 0.000000e+00 -0.000000e+00 -1.000000e+00
    outer loop
      vertex   8.667296e-01 3.145428e+01 1.700000e+01
      vertex   8.922672e-01 3.052111e+01 1.700000e+01
      vertex   5.170810e-01 3.063492e+01 1.700000e+01
    endloop
  endfacet
  facet normal -0.000000e+00 0.000000e+00 -1.000000e+00
    outer loop
      vertex   8.667296e-01 3.145428e+01 1.700000e+01
      vertex   5.170810e-01 3.063492e+01 1.700000e+01
      vertex   3.989036e-01 3.155577e+01 1.700000e+01
    endloop
  endfacet
  facet normal 0.000000e+00 -0.000000e+00 -1.000000e+00
    outer loop
      vertex   3.989036e-01 3.155577e+01 1.700000e+01
      vertex   5.170810e-01 3.063492e+01 1.700000e+01
      vertex   1.269003e-01 3.067335e+01 1.700000e+01
    endloop
  endfacet
  facet normal -0.000000e+00 0.000000e+00 -1.000000e+00
    outer loop
      vertex   3.989036e-01 3.155577e+01 1.700000e+01
      vertex   1.269003e-01 3.067335e+01 1.700000e+01
      vertex   -7.910839e-02 3.158154e+01 1.700000e+01
    endloop
  endfacet
  facet normal 0.000000e+00 -0.000000e+00 -1.000000e+00
    outer loop
      vertex   -7.910839e-02 3.158154e+01 1.700000e+01
      vertex   1.269003e-01 3.067335e+01 1.700000e+01
      vertex   -2.632803e-01 3.063492e+01 1.700000e+01
    endloop
  endfacet
  facet normal 0.000000e+00 0.000000e+00 -1.000000e+00
    outer loop
      vertex   -7.910839e-02 3.158154e+01 1.700000e+01
      vertex   -2.632803e-01 3.063492e+01 1.700000e+01
      vertex   -5.551351e-01 3.153096e+01 1.700000e+01
    endloop
  endfacet
  facet normal 0.000000e+00 -0.000000e+00 -1.000000e+00
    outer loop
      vertex   -5.551351e-01 3.153096e+01 1.700000e+01
      vertex   -2.632803e-01 3.063492e+01 1.700000e+01
      vertex   -6.384666e-01 3.052111e+01 1.700000e+01
    endloop
  endfacet
  facet normal 0.000000e+00 0.000000e+00 -1.000000e+00
    outer loop
      vertex   -5.551351e-01 3.153096e+01 1.700000e+01
      vertex   -6.384666e-01 3.052111e+01 1.700000e+01
      vertex   -1.017056e+00 3.140531e+01 1.700000e+01
    endloop
  endfacet
  facet normal 0.000000e+00 0.000000e+00 -1.000000e+00
    outer loop
      vertex   -1.017056e+00 3.140531e+01 1.700000e+01
      vertex   -6.384666e-01 3.052111e+01 1.700000e+01
      vertex   -9.842402e-01 3.033629e+01 1.700000e+01
    endloop
  endfacet
  facet normal 0.000000e+00 -0.000000e+00 -1.000000e+00
    outer loop
      vertex   -1.017056e+00 3.140531e+01 1.700000e+01
      vertex   -9.842402e-01 3.033629e+01 1.700000e+01
      vertex   -1.453109e+00 3.120778e+01 1.700000e+01
    endloop
  endfacet
  facet normal 0.000000e+00 0.000000e+00 -1.000000e+00
    outer loop
      vertex   -1.453109e+00 3.120778e+01 1.700000e+01
      vertex   -9.842402e-01 3.033629e+01 1.700000e+01
      vertex   -1.287313e+00 3.008756e+01 1.700000e+01
    endloop
  endfacet
  facet normal -0.000000e+00 0.000000e+00 -1.000000e+00
    outer loop
      vertex   -2.112285e+00 -1.048232e+01 1.700000e+01
      vertex   -2.500000e+00 -1.173546e+01 1.700000e+01
      vertex   -2.151138e+00 -1.007543e+01 1.700000e+01
    endloop
  endfacet
  facet normal -0.000000e+00 0.000000e+00 -1.000000e+00
    outer loop
      vertex   -2.151138e+00 -1.007543e+01 1.700000e+01
      vertex   -2.500000e+00 -1.173546e+01 1.700000e+01
      vertex   -2.500000e+00 -8.415402e+00 1.700000e+01
    endloop
  endfacet
  facet normal 0.000000e+00 0.000000e+00 -1.000000e+00
    outer loop
      vertex   -2.151138e+00 -1.007543e+01 1.700000e+01
      vertex   -2.500000e+00 -8.415402e+00 1.700000e+01
      vertex   -2.112285e+00 -9.668539e+00 1.700000e+01
    endloop
  endfacet
  facet normal 0.000000e+00 0.000000e+00 -1.000000e+00
    outer loop
      vertex   -2.112285e+00 -9.668539e+00 1.700000e+01
      vertex   -2.500000e+00 -8.415402e+00 1.700000e+01
      vertex   -1.997129e+00 -9.276354e+00 1.700000e+01
    endloop
  endfacet
  facet normal 0.000000e+00 0.000000e+00 -1.000000e+00
    outer loop
      vertex   -1.997129e+00 -9.276354e+00 1.700000e+01
      vertex   -2.500000e+00 -8.415402e+00 1.700000e+01
      vertex   -1.809833e+00 -8.913051e+00 1.700000e+01
    endloop
  endfacet
  facet normal 0.000000e+00 0.000000e+00 -1.000000e+00
    outer loop
      vertex   -1.809833e+00 -8.913051e+00 1.700000e+01
      vertex   -2.500000e+00 -8.415402e+00 1.700000e+01
      vertex   -2.204219e+00 -8.039149e+00 1.700000e+01
    endloop
  endfacet
  facet normal 0.000000e+00 0.000000e+00 -1.000000e+00
    outer loop
      vertex   -1.809833e+00 -8.913051e+00 1.700000e+01
      vertex   -2.204219e+00 -8.039149e+00 1.700000e+01
      vertex   -1.557166e+00 -8.591759e+00 1.700000e+01
    endloop
  endfacet
  facet normal 0.000000e+00 0.000000e+00 -1.000000e+00
    outer loop
      vertex   -1.557166e+00 -8.591759e+00 1.700000e+01
      vertex   -2.204219e+00 -8.039149e+00 1.700000e+01
      vertex   -1.852368e+00 -7.714719e+00 1.700000e+01
    endloop
  endfacet
  facet normal 0.000000e+00 0.000000e+00 -1.000000e+00
    outer loop
      vertex   -1.557166e+00 -8.591759e+00 1.700000e+01
      vertex   -1.852368e+00 -7.714719e+00 1.700000e+01
      vertex   -1.248261e+00 -8.324090e+00 1.700000e+01
    endloop
  endfacet
  facet normal 0.000000e+00 0.000000e+00 -1.000000e+00
    outer loop
      vertex   -1.248261e+00 -8.324090e+00 1.700000e+01
      vertex   -1.852368e+00 -7.714719e+00 1.700000e+01
      vertex   -1.453403e+00 -7.450371e+00 1.700000e+01
    endloop
  endfacet
  facet normal 0.000000e+00 0.000000e+00 -1.000000e+00
    outer loop
      vertex   -1.248261e+00 -8.324090e+00 1.700000e+01
      vertex   -1.453403e+00 -7.450371e+00 1.700000e+01
      vertex   -8.942805e-01 -8.119720e+00 1.700000e+01
    endloop
  endfacet
  facet normal 0.000000e+00 0.000000e+00 -1.000000e+00
    outer loop
      vertex   -8.942805e-01 -8.119720e+00 1.700000e+01
      vertex   -1.453403e+00 -7.450371e+00 1.700000e+01
      vertex   -1.017477e+00 -7.252831e+00 1.700000e+01
    endloop
  endfacet
  facet normal 0.000000e+00 0.000000e+00 -1.000000e+00
    outer loop
      vertex   -8.942805e-01 -8.119720e+00 1.700000e+01
      vertex   -1.017477e+00 -7.252831e+00 1.700000e+01
      vertex   -5.080199e-01 -7.986034e+00 1.700000e+01
    endloop
  endfacet
  facet normal 0.000000e+00 0.000000e+00 -1.000000e+00
    outer loop
      vertex   -5.080199e-01 -7.986034e+00 1.700000e+01
      vertex   -1.017477e+00 -7.252831e+00 1.700000e+01
      vertex   -5.556851e-01 -7.127128e+00 1.700000e+01
    endloop
  endfacet
  facet normal 0.000000e+00 0.000000e+00 -1.000000e+00
    outer loop
      vertex   -5.080199e-01 -7.986034e+00 1.700000e+01
      vertex   -5.556851e-01 -7.127128e+00 1.700000e+01
      vertex   -1.034393e-01 -7.927864e+00 1.700000e+01
    endloop
  endfacet
  facet normal 0.000000e+00 0.000000e+00 -1.000000e+00
    outer loop
      vertex   -1.034393e-01 -7.927864e+00 1.700000e+01
      vertex   -5.556851e-01 -7.127128e+00 1.700000e+01
      vertex   -7.977978e-02 -7.076460e+00 1.700000e+01
    endloop
  endfacet
  facet normal 0.000000e+00 0.000000e+00 -1.000000e+00
    outer loop
      vertex   -1.034393e-01 -7.927864e+00 1.700000e+01
      vertex   -7.977978e-02 -7.076460e+00 1.700000e+01
      vertex   3.048387e-01 -7.947313e+00 1.700000e+01
    endloop
  endfacet
  facet normal 0.000000e+00 0.000000e+00 -1.000000e+00
    outer loop
      vertex   3.048387e-01 -7.947313e+00 1.700000e+01
      vertex   -7.977978e-02 -7.076460e+00 1.700000e+01
      vertex   3.981270e-01 -7.102116e+00 1.700000e+01
    endloop
  endfacet
  facet normal 0.000000e+00 0.000000e+00 -1.000000e+00
    outer loop
      vertex   3.048387e-01 -7.947313e+00 1.700000e+01
      vertex   3.981270e-01 -7.102116e+00 1.700000e+01
      vertex   8.658724e-01 -7.203445e+00 1.700000e+01
    endloop
  endfacet
  facet normal 0.000000e+00 -0.000000e+00 -1.000000e+00
    outer loop
      vertex   -2.112285e+00 -1.048232e+01 1.700000e+01
      vertex   -1.997129e+00 -1.087450e+01 1.700000e+01
      vertex   -2.500000e+00 -1.173546e+01 1.700000e+01
    endloop
  endfacet
  facet normal 0.000000e+00 0.000000e+00 -1.000000e+00
    outer loop
      vertex   -2.500000e+00 -1.173546e+01 1.700000e+01
      vertex   -1.997129e+00 -1.087450e+01 1.700000e+01
      vertex   -1.809833e+00 -1.123781e+01 1.700000e+01
    endloop
  endfacet
  facet normal 0.000000e+00 0.000000e+00 -1.000000e+00
    outer loop
      vertex   -2.500000e+00 -1.173546e+01 1.700000e+01
      vertex   -1.809833e+00 -1.123781e+01 1.700000e+01
      vertex   -2.204219e+00 -1.211171e+01 1.700000e+01
    endloop
  endfacet
  facet normal 0.000000e+00 0.000000e+00 -1.000000e+00
    outer loop
      vertex   -2.204219e+00 -1.211171e+01 1.700000e+01
      vertex   -1.809833e+00 -1.123781e+01 1.700000e+01
      vertex   -1.557166e+00 -1.155910e+01 1.700000e+01
    endloop
  endfacet
  facet normal 0.000000e+00 0.000000e+00 -1.000000e+00
    outer loop
      vertex   -2.204219e+00 -1.211171e+01 1.700000e+01
      vertex   -1.557166e+00 -1.155910e+01 1.700000e+01
      vertex   -1.852368e+00 -1.243614e+01 1.700000e+01
    endloop
  endfacet
  facet normal 0.000000e+00 0.000000e+00 -1.000000e+00
    outer loop
      vertex   -1.852368e+00 -1.243614e+01 1.700000e+01
      vertex   -1.557166e+00 -1.155910e+01 1.700000e+01
      vertex   -1.248261e+00 -1.182677e+01 1.700000e+01
    endloop
  endfacet
  facet normal 0.000000e+00 0.000000e+00 -1.000000e+00
    outer loop
      vertex   -1.852368e+00 -1.243614e+01 1.700000e+01
      vertex   -1.248261e+00 -1.182677e+01 1.700000e+01
      vertex   -1.453403e+00 -1.270049e+01 1.700000e+01
    endloop
  endfacet
  facet normal 0.000000e+00 0.000000e+00 -1.000000e+00
    outer loop
      vertex   -1.453403e+00 -1.270049e+01 1.700000e+01
      vertex   -1.248261e+00 -1.182677e+01 1.700000e+01
      vertex   -8.942805e-01 -1.203114e+01 1.700000e+01
    endloop
  endfacet
  facet normal 0.000000e+00 0.000000e+00 -1.000000e+00
    outer loop
      vertex   -1.453403e+00 -1.270049e+01 1.700000e+01
      vertex   -8.942805e-01 -1.203114e+01 1.700000e+01
      vertex   -1.017477e+00 -1.289803e+01 1.700000e+01
    endloop
  endfacet
  facet normal 0.000000e+00 0.000000e+00 -1.000000e+00
    outer loop
      vertex   -1.017477e+00 -1.289803e+01 1.700000e+01
      vertex   -8.942805e-01 -1.203114e+01 1.700000e+01
      vertex   -5.080199e-01 -1.216482e+01 1.700000e+01
    endloop
  endfacet
  facet normal 0.000000e+00 0.000000e+00 -1.000000e+00
    outer loop
      vertex   -1.017477e+00 -1.289803e+01 1.700000e+01
      vertex   -5.080199e-01 -1.216482e+01 1.700000e+01
      vertex   -5.556851e-01 -1.302373e+01 1.700000e+01
    endloop
  endfacet
  facet normal 0.000000e+00 0.000000e+00 -1.000000e+00
    outer loop
      vertex   -5.556851e-01 -1.302373e+01 1.700000e+01
      vertex   -5.080199e-01 -1.216482e+01 1.700000e+01
      vertex   -1.034393e-01 -1.222299e+01 1.700000e+01
    endloop
  endfacet
  facet normal 0.000000e+00 0.000000e+00 -1.000000e+00
    outer loop
      vertex   -5.556851e-01 -1.302373e+01 1.700000e+01
      vertex   -1.034393e-01 -1.222299e+01 1.700000e+01
      vertex   -7.977978e-02 -1.307440e+01 1.700000e+01
    endloop
  endfacet
  facet normal 0.000000e+00 0.000000e+00 -1.000000e+00
    outer loop
      vertex   -7.977978e-02 -1.307440e+01 1.700000e+01
      vertex   -1.034393e-01 -1.222299e+01 1.700000e+01
      vertex   3.048387e-01 -1.220354e+01 1.700000e+01
    endloop
  endfacet
  facet normal 0.000000e+00 0.000000e+00 -1.000000e+00
    outer loop
      vertex   -7.977978e-02 -1.307440e+01 1.700000e+01
      vertex   3.048387e-01 -1.220354e+01 1.700000e+01
      vertex   3.981270e-01 -1.304874e+01 1.700000e+01
    endloop
  endfacet
  facet normal 0.000000e+00 0.000000e+00 -1.000000e+00
    outer loop
      vertex   3.981270e-01 -1.304874e+01 1.700000e+01
      vertex   3.048387e-01 -1.220354e+01 1.700000e+01
      vertex   8.658724e-01 -1.294741e+01 1.700000e+01
    endloop
  endfacet
  facet normal 0.000000e+00 0.000000e+00 -1.000000e+00
    outer loop
      vertex   8.658724e-01 -1.294741e+01 1.700000e+01
      vertex   3.048387e-01 -1.220354e+01 1.700000e+01
      vertex   7.020579e-01 -1.210718e+01 1.700000e+01
    endloop
  endfacet
  facet normal 0.000000e+00 0.000000e+00 -1.000000e+00
    outer loop
      vertex   8.658724e-01 -1.294741e+01 1.700000e+01
      vertex   7.020579e-01 -1.210718e+01 1.700000e+01
      vertex   1.311552e+00 -1.277299e+01 1.700000e+01
    endloop
  endfacet
  facet normal 0.000000e+00 0.000000e+00 -1.000000e+00
    outer loop
      vertex   1.311552e+00 -1.277299e+01 1.700000e+01
      vertex   7.020579e-01 -1.210718e+01 1.700000e+01
      vertex   1.073862e+00 -1.193738e+01 1.700000e+01
    endloop
  endfacet
  facet normal 0.000000e+00 0.000000e+00 -1.000000e+00
    outer loop
      vertex   1.311552e+00 -1.277299e+01 1.700000e+01
      vertex   1.073862e+00 -1.193738e+01 1.700000e+01
      vertex   1.723823e+00 -1.252992e+01 1.700000e+01
    endloop
  endfacet
  facet normal 0.000000e+00 0.000000e+00 -1.000000e+00
    outer loop
      vertex   1.723823e+00 -1.252992e+01 1.700000e+01
      vertex   1.073862e+00 -1.193738e+01 1.700000e+01
      vertex   1.406812e+00 -1.170029e+01 1.700000e+01
    endloop
  endfacet
  facet normal 0.000000e+00 0.000000e+00 -1.000000e+00
    outer loop
      vertex   1.723823e+00 -1.252992e+01 1.700000e+01
      vertex   1.406812e+00 -1.170029e+01 1.700000e+01
      vertex   2.092194e+00 -1.222437e+01 1.700000e+01
    endloop
  endfacet
  facet normal 0.000000e+00 0.000000e+00 -1.000000e+00
    outer loop
      vertex   2.092194e+00 -1.222437e+01 1.700000e+01
      vertex   1.406812e+00 -1.170029e+01 1.700000e+01
      vertex   1.688876e+00 -1.140447e+01 1.700000e+01
    endloop
  endfacet
  facet normal 0.000000e+00 0.000000e+00 -1.000000e+00
    outer loop
      vertex   2.092194e+00 -1.222437e+01 1.700000e+01
      vertex   1.688876e+00 -1.140447e+01 1.700000e+01
      vertex   2.407288e+00 -1.186414e+01 1.700000e+01
    endloop
  endfacet
  facet normal 0.000000e+00 0.000000e+00 -1.000000e+00
    outer loop
      vertex   2.407288e+00 -1.186414e+01 1.700000e+01
      vertex   1.688876e+00 -1.140447e+01 1.700000e+01
      vertex   1.909858e+00 -1.106062e+01 1.700000e+01
    endloop
  endfacet
  facet normal 0.000000e+00 0.000000e+00 -1.000000e+00
    outer loop
      vertex   2.407288e+00 -1.186414e+01 1.700000e+01
      vertex   1.909858e+00 -1.106062e+01 1.700000e+01
      vertex   2.661087e+00 -1.145838e+01 1.700000e+01
    endloop
  endfacet
  facet normal 0.000000e+00 0.000000e+00 -1.000000e+00
    outer loop
      vertex   2.661087e+00 -1.145838e+01 1.700000e+01
      vertex   1.909858e+00 -1.106062e+01 1.700000e+01
      vertex   2.061772e+00 -1.068115e+01 1.700000e+01
    endloop
  endfacet
  facet normal 0.000000e+00 0.000000e+00 -1.000000e+00
    outer loop
      vertex   2.661087e+00 -1.145838e+01 1.700000e+01
      vertex   2.061772e+00 -1.068115e+01 1.700000e+01
      vertex   2.847131e+00 -1.101743e+01 1.700000e+01
    endloop
  endfacet
  facet normal 0.000000e+00 0.000000e+00 -1.000000e+00
    outer loop
      vertex   2.847131e+00 -1.101743e+01 1.700000e+01
      vertex   2.061772e+00 -1.068115e+01 1.700000e+01
      vertex   2.960686e+00 -1.055250e+01 1.700000e+01
    endloop
  endfacet
  facet normal -0.000000e+00 0.000000e+00 -1.000000e+00
    outer loop
      vertex   2.960686e+00 -1.055250e+01 1.700000e+01
      vertex   2.061772e+00 -1.068115e+01 1.700000e+01
      vertex   2.139126e+00 -1.027980e+01 1.700000e+01
    endloop
  endfacet
  facet normal 0.000000e+00 0.000000e+00 -1.000000e+00
    outer loop
      vertex   2.960686e+00 -1.055250e+01 1.700000e+01
      vertex   2.139126e+00 -1.027980e+01 1.700000e+01
      vertex   2.998862e+00 -1.007543e+01 1.700000e+01
    endloop
  endfacet
  facet normal -0.000000e+00 0.000000e+00 -1.000000e+00
    outer loop
      vertex   2.998862e+00 -1.007543e+01 1.700000e+01
      vertex   2.139126e+00 -1.027980e+01 1.700000e+01
      vertex   2.139126e+00 -9.871058e+00 1.700000e+01
    endloop
  endfacet
  facet normal 0.000000e+00 0.000000e+00 -1.000000e+00
    outer loop
      vertex   2.998862e+00 -1.007543e+01 1.700000e+01
      vertex   2.139126e+00 -9.871058e+00 1.700000e+01
      vertex   2.960686e+00 -9.598359e+00 1.700000e+01
    endloop
  endfacet
  facet normal -0.000000e+00 0.000000e+00 -1.000000e+00
    outer loop
      vertex   2.960686e+00 -9.598359e+00 1.700000e+01
      vertex   2.139126e+00 -9.871058e+00 1.700000e+01
      vertex   2.061772e+00 -9.469704e+00 1.700000e+01
    endloop
  endfacet
  facet normal 0.000000e+00 0.000000e+00 -1.000000e+00
    outer loop
      vertex   2.960686e+00 -9.598359e+00 1.700000e+01
      vertex   2.061772e+00 -9.469704e+00 1.700000e+01
      vertex   2.847131e+00 -9.133430e+00 1.700000e+01
    endloop
  endfacet
  facet normal -0.000000e+00 0.000000e+00 -1.000000e+00
    outer loop
      vertex   2.847131e+00 -9.133430e+00 1.700000e+01
      vertex   2.061772e+00 -9.469704e+00 1.700000e+01
      vertex   2.661087e+00 -8.692476e+00 1.700000e+01
    endloop
  endfacet
  facet normal 0.000000e+00 0.000000e+00 -1.000000e+00
    outer loop
      vertex   2.661087e+00 -8.692476e+00 1.700000e+01
      vertex   2.061772e+00 -9.469704e+00 1.700000e+01
      vertex   1.909858e+00 -9.090242e+00 1.700000e+01
    endloop
  endfacet
  facet normal -0.000000e+00 0.000000e+00 -1.000000e+00
    outer loop
      vertex   2.661087e+00 -8.692476e+00 1.700000e+01
      vertex   1.909858e+00 -9.090242e+00 1.700000e+01
      vertex   2.407288e+00 -8.286719e+00 1.700000e+01
    endloop
  endfacet
  facet normal 0.000000e+00 0.000000e+00 -1.000000e+00
    outer loop
      vertex   2.407288e+00 -8.286719e+00 1.700000e+01
      vertex   1.909858e+00 -9.090242e+00 1.700000e+01
      vertex   1.688876e+00 -8.746387e+00 1.700000e+01
    endloop
  endfacet
  facet normal -0.000000e+00 0.000000e+00 -1.000000e+00
    outer loop
      vertex   2.407288e+00 -8.286719e+00 1.700000e+01
      vertex   1.688876e+00 -8.746387e+00 1.700000e+01
      vertex   2.092194e+00 -7.926484e+00 1.700000e+01
    endloop
  endfacet
  facet normal 0.000000e+00 0.000000e+00 -1.000000e+00
    outer loop
      vertex   2.092194e+00 -7.926484e+00 1.700000e+01
      vertex   1.688876e+00 -8.746387e+00 1.700000e+01
      vertex   1.406812e+00 -8.450567e+00 1.700000e+01
    endloop
  endfacet
  facet normal -0.000000e+00 0.000000e+00 -1.000000e+00
    outer loop
      vertex   2.092194e+00 -7.926484e+00 1.700000e+01
      vertex   1.406812e+00 -8.450567e+00 1.700000e+01
      vertex   1.723823e+00 -7.620941e+00 1.700000e+01
    endloop
  endfacet
  facet normal 0.000000e+00 0.000000e+00 -1.000000e+00
    outer loop
      vertex   1.723823e+00 -7.620941e+00 1.700000e+01
      vertex   1.406812e+00 -8.450567e+00 1.700000e+01
      vertex   1.073862e+00 -8.213474e+00 1.700000e+01
    endloop
  endfacet
  facet normal -0.000000e+00 0.000000e+00 -1.000000e+00
    outer loop
      vertex   1.723823e+00 -7.620941e+00 1.700000e+01
      vertex   1.073862e+00 -8.213474e+00 1.700000e+01
      vertex   1.311552e+00 -7.377866e+00 1.700000e+01
    endloop
  endfacet
  facet normal 0.000000e+00 0.000000e+00 -1.000000e+00
    outer loop
      vertex   1.311552e+00 -7.377866e+00 1.700000e+01
      vertex   1.073862e+00 -8.213474e+00 1.700000e+01
      vertex   7.020579e-01 -8.043677e+00 1.700000e+01
    endloop
  endfacet
  facet normal -0.000000e+00 0.000000e+00 -1.000000e+00
    outer loop
      vertex   1.311552e+00 -7.377866e+00 1.700000e+01
      vertex   7.020579e-01 -8.043677e+00 1.700000e+01
      vertex   8.658724e-01 -7.203445e+00 1.700000e+01
    endloop
  endfacet
  facet normal 0.000000e+00 0.000000e+00 -1.000000e+00
    outer loop
      vertex   8.658724e-01 -7.203445e+00 1.700000e+01
      vertex   7.020579e-01 -8.043677e+00 1.700000e+01
      vertex   3.048387e-01 -7.947313e+00 1.700000e+01
    endloop
  endfacet
  facet normal 0.000000e+00 0.000000e+00 -1.000000e+00
    outer loop
      vertex   -3.150000e+01 3.360000e+01 1.700000e+01
      vertex   -2.500000e+00 3.360000e+01 1.700000e+01
      vertex   -3.150000e+01 3.112424e+01 1.700000e+01
    endloop
  endfacet
  facet normal 0.000000e+00 0.000000e+00 -1.000000e+00
    outer loop
      vertex   -3.150000e+01 3.112424e+01 1.700000e+01
      vertex   -2.500000e+00 3.360000e+01 1.700000e+01
      vertex   -2.500000e+00 3.024258e+01 1.700000e+01
    endloop
  endfacet
  facet normal 0.000000e+00 0.000000e+00 -1.000000e+00
    outer loop
      vertex   -3.150000e+01 3.112424e+01 1.700000e+01
      vertex   -2.500000e+00 3.024258e+01 1.700000e+01
      vertex   -2.533113e+00 2.659000e+01 1.700000e+01
    endloop
  endfacet
  facet normal 0.000000e+00 0.000000e+00 -1.000000e+00
    outer loop
      vertex   -2.533113e+00 2.659000e+01 1.700000e+01
      vertex   -2.500000e+00 3.024258e+01 1.700000e+01
      vertex   -2.501980e+00 2.692552e+01 1.700000e+01
    endloop
  endfacet
  facet normal 0.000000e+00 0.000000e+00 -1.000000e+00
    outer loop
      vertex   -2.533113e+00 2.659000e+01 1.700000e+01
      vertex   -2.501980e+00 2.692552e+01 1.700000e+01
      vertex   -2.518547e+00 2.670142e+01 1.700000e+01
    endloop
  endfacet
  facet normal 0.000000e+00 0.000000e+00 -1.000000e+00
    outer loop
      vertex   -2.518547e+00 2.670142e+01 1.700000e+01
      vertex   -2.501980e+00 2.692552e+01 1.700000e+01
      vertex   -2.508165e+00 2.681331e+01 1.700000e+01
    endloop
  endfacet
  facet normal 0.000000e+00 0.000000e+00 -1.000000e+00
    outer loop
      vertex   -2.533113e+00 2.405000e+01 1.700000e+01
      vertex   -2.533113e+00 2.659000e+01 1.700000e+01
      vertex   -2.500000e+00 2.614550e+01 1.700000e+01
    endloop
  endfacet
  facet normal 0.000000e+00 0.000000e+00 -1.000000e+00
    outer loop
      vertex   -2.500000e+00 2.614550e+01 1.700000e+01
      vertex   -2.533113e+00 2.659000e+01 1.700000e+01
      vertex   -2.514732e+00 2.644244e+01 1.700000e+01
    endloop
  endfacet
  facet normal 0.000000e+00 0.000000e+00 -1.000000e+00
    outer loop
      vertex   -2.500000e+00 2.614550e+01 1.700000e+01
      vertex   -2.514732e+00 2.644244e+01 1.700000e+01
      vertex   -2.503685e+00 2.629415e+01 1.700000e+01
    endloop
  endfacet
  facet normal 0.000000e+00 -0.000000e+00 -1.000000e+00
    outer loop
      vertex   -2.500000e+00 2.614550e+01 1.700000e+01
      vertex   -2.500000e+00 2.449450e+01 1.700000e+01
      vertex   -2.533113e+00 2.405000e+01 1.700000e+01
    endloop
  endfacet
  facet normal 0.000000e+00 0.000000e+00 -1.000000e+00
    outer loop
      vertex   -2.533113e+00 2.405000e+01 1.700000e+01
      vertex   -2.500000e+00 2.449450e+01 1.700000e+01
      vertex   -2.514732e+00 2.419756e+01 1.700000e+01
    endloop
  endfacet
  facet normal 0.000000e+00 0.000000e+00 -1.000000e+00
    outer loop
      vertex   -2.514732e+00 2.419756e+01 1.700000e+01
      vertex   -2.500000e+00 2.449450e+01 1.700000e+01
      vertex   -2.503685e+00 2.434585e+01 1.700000e+01
    endloop
  endfacet
  facet normal -0.000000e+00 -0.000000e+00 -1.000000e+00
    outer loop
      vertex   -2.514732e+00 2.390244e+01 1.700000e+01
      vertex   -2.500000e+00 2.360550e+01 1.700000e+01
      vertex   -2.533113e+00 2.405000e+01 1.700000e+01
    endloop
  endfacet
  facet normal 0.000000e+00 0.000000e+00 -1.000000e+00
    outer loop
      vertex   -2.533113e+00 2.405000e+01 1.700000e+01
      vertex   -2.500000e+00 2.360550e+01 1.700000e+01
      vertex   -2.500000e+00 2.195450e+01 1.700000e+01
    endloop
  endfacet
  facet normal 0.000000e+00 0.000000e+00 -1.000000e+00
    outer loop
      vertex   -2.533113e+00 2.405000e+01 1.700000e+01
      vertex   -2.500000e+00 2.195450e+01 1.700000e+01
      vertex   -2.533113e+00 2.151000e+01 1.700000e+01
    endloop
  endfacet
  facet normal 0.000000e+00 0.000000e+00 -1.000000e+00
    outer loop
      vertex   -2.533113e+00 2.151000e+01 1.700000e+01
      vertex   -2.500000e+00 2.195450e+01 1.700000e+01
      vertex   -2.514732e+00 2.165756e+01 1.700000e+01
    endloop
  endfacet
  facet normal 0.000000e+00 0.000000e+00 -1.000000e+00
    outer loop
      vertex   -2.514732e+00 2.165756e+01 1.700000e+01
      vertex   -2.500000e+00 2.195450e+01 1.700000e+01
      vertex   -2.503685e+00 2.180585e+01 1.700000e+01
    endloop
  endfacet
  facet normal 0.000000e+00 0.000000e+00 -1.000000e+00
    outer loop
      vertex   -2.514732e+00 2.390244e+01 1.700000e+01
      vertex   -2.503685e+00 2.375415e+01 1.700000e+01
      vertex   -2.500000e+00 2.360550e+01 1.700000e+01
    endloop
  endfacet
  facet normal -0.000000e+00 -0.000000e+00 -1.000000e+00
    outer loop
      vertex   -2.514732e+00 2.136244e+01 1.700000e+01
      vertex   -2.500000e+00 2.106550e+01 1.700000e+01
      vertex   -2.533113e+00 2.151000e+01 1.700000e+01
    endloop
  endfacet
  facet normal 0.000000e+00 0.000000e+00 -1.000000e+00
    outer loop
      vertex   -2.533113e+00 2.151000e+01 1.700000e+01
      vertex   -2.500000e+00 2.106550e+01 1.700000e+01
      vertex   -2.500000e+00 1.941450e+01 1.700000e+01
    endloop
  endfacet
  facet normal 0.000000e+00 0.000000e+00 -1.000000e+00
    outer loop
      vertex   -2.533113e+00 2.151000e+01 1.700000e+01
      vertex   -2.500000e+00 1.941450e+01 1.700000e+01
      vertex   -2.533113e+00 1.897000e+01 1.700000e+01
    endloop
  endfacet
  facet normal 0.000000e+00 0.000000e+00 -1.000000e+00
    outer loop
      vertex   -2.533113e+00 1.897000e+01 1.700000e+01
      vertex   -2.500000e+00 1.941450e+01 1.700000e+01
      vertex   -2.514732e+00 1.911756e+01 1.700000e+01
    endloop
  endfacet
  facet normal 0.000000e+00 0.000000e+00 -1.000000e+00
    outer loop
      vertex   -2.514732e+00 1.911756e+01 1.700000e+01
      vertex   -2.500000e+00 1.941450e+01 1.700000e+01
      vertex   -2.503685e+00 1.926585e+01 1.700000e+01
    endloop
  endfacet
  facet normal 0.000000e+00 0.000000e+00 -1.000000e+00
    outer loop
      vertex   -2.514732e+00 2.136244e+01 1.700000e+01
      vertex   -2.503685e+00 2.121415e+01 1.700000e+01
      vertex   -2.500000e+00 2.106550e+01 1.700000e+01
    endloop
  endfacet
  facet normal -0.000000e+00 -0.000000e+00 -1.000000e+00
    outer loop
      vertex   -2.514732e+00 1.882244e+01 1.700000e+01
      vertex   -2.500000e+00 1.852550e+01 1.700000e+01
      vertex   -2.533113e+00 1.897000e+01 1.700000e+01
    endloop
  endfacet
  facet normal 0.000000e+00 0.000000e+00 -1.000000e+00
    outer loop
      vertex   -2.533113e+00 1.897000e+01 1.700000e+01
      vertex   -2.500000e+00 1.852550e+01 1.700000e+01
      vertex   -2.500000e+00 1.687450e+01 1.700000e+01
    endloop
  endfacet
  facet normal 0.000000e+00 0.000000e+00 -1.000000e+00
    outer loop
      vertex   -2.533113e+00 1.897000e+01 1.700000e+01
      vertex   -2.500000e+00 1.687450e+01 1.700000e+01
      vertex   -2.533113e+00 1.643000e+01 1.700000e+01
    endloop
  endfacet
  facet normal 0.000000e+00 0.000000e+00 -1.000000e+00
    outer loop
      vertex   -2.533113e+00 1.643000e+01 1.700000e+01
      vertex   -2.500000e+00 1.687450e+01 1.700000e+01
      vertex   -2.514732e+00 1.657756e+01 1.700000e+01
    endloop
  endfacet
  facet normal 0.000000e+00 0.000000e+00 -1.000000e+00
    outer loop
      vertex   -2.514732e+00 1.657756e+01 1.700000e+01
      vertex   -2.500000e+00 1.687450e+01 1.700000e+01
      vertex   -2.503685e+00 1.672585e+01 1.700000e+01
    endloop
  endfacet
  facet normal 0.000000e+00 0.000000e+00 -1.000000e+00
    outer loop
      vertex   -2.514732e+00 1.882244e+01 1.700000e+01
      vertex   -2.503685e+00 1.867415e+01 1.700000e+01
      vertex   -2.500000e+00 1.852550e+01 1.700000e+01
    endloop
  endfacet
  facet normal -0.000000e+00 -0.000000e+00 -1.000000e+00
    outer loop
      vertex   -2.514732e+00 1.628244e+01 1.700000e+01
      vertex   -2.500000e+00 1.598550e+01 1.700000e+01
      vertex   -2.533113e+00 1.643000e+01 1.700000e+01
    endloop
  endfacet
  facet normal 0.000000e+00 0.000000e+00 -1.000000e+00
    outer loop
      vertex   -2.533113e+00 1.643000e+01 1.700000e+01
      vertex   -2.500000e+00 1.598550e+01 1.700000e+01
      vertex   -2.500000e+00 1.433450e+01 1.700000e+01
    endloop
  endfacet
  facet normal 0.000000e+00 0.000000e+00 -1.000000e+00
    outer loop
      vertex   -2.533113e+00 1.643000e+01 1.700000e+01
      vertex   -2.500000e+00 1.433450e+01 1.700000e+01
      vertex   -2.533113e+00 1.389000e+01 1.700000e+01
    endloop
  endfacet
  facet normal 0.000000e+00 0.000000e+00 -1.000000e+00
    outer loop
      vertex   -2.533113e+00 1.389000e+01 1.700000e+01
      vertex   -2.500000e+00 1.433450e+01 1.700000e+01
      vertex   -2.514732e+00 1.403756e+01 1.700000e+01
    endloop
  endfacet
  facet normal 0.000000e+00 0.000000e+00 -1.000000e+00
    outer loop
      vertex   -2.514732e+00 1.403756e+01 1.700000e+01
      vertex   -2.500000e+00 1.433450e+01 1.700000e+01
      vertex   -2.503685e+00 1.418585e+01 1.700000e+01
    endloop
  endfacet
  facet normal 0.000000e+00 0.000000e+00 -1.000000e+00
    outer loop
      vertex   -2.514732e+00 1.628244e+01 1.700000e+01
      vertex   -2.503685e+00 1.613415e+01 1.700000e+01
      vertex   -2.500000e+00 1.598550e+01 1.700000e+01
    endloop
  endfacet
  facet normal -0.000000e+00 -0.000000e+00 -1.000000e+00
    outer loop
      vertex   -2.514732e+00 1.374244e+01 1.700000e+01
      vertex   -2.500000e+00 1.344550e+01 1.700000e+01
      vertex   -2.533113e+00 1.389000e+01 1.700000e+01
    endloop
  endfacet
  facet normal 0.000000e+00 0.000000e+00 -1.000000e+00
    outer loop
      vertex   -2.533113e+00 1.389000e+01 1.700000e+01
      vertex   -2.500000e+00 1.344550e+01 1.700000e+01
      vertex   -2.500000e+00 1.179450e+01 1.700000e+01
    endloop
  endfacet
  facet normal 0.000000e+00 0.000000e+00 -1.000000e+00
    outer loop
      vertex   -2.533113e+00 1.389000e+01 1.700000e+01
      vertex   -2.500000e+00 1.179450e+01 1.700000e+01
      vertex   -2.533113e+00 1.135000e+01 1.700000e+01
    endloop
  endfacet
  facet normal 0.000000e+00 0.000000e+00 -1.000000e+00
    outer loop
      vertex   -2.533113e+00 1.135000e+01 1.700000e+01
      vertex   -2.500000e+00 1.179450e+01 1.700000e+01
      vertex   -2.514732e+00 1.149756e+01 1.700000e+01
    endloop
  endfacet
  facet normal 0.000000e+00 0.000000e+00 -1.000000e+00
    outer loop
      vertex   -2.514732e+00 1.149756e+01 1.700000e+01
      vertex   -2.500000e+00 1.179450e+01 1.700000e+01
      vertex   -2.503685e+00 1.164585e+01 1.700000e+01
    endloop
  endfacet
  facet normal 0.000000e+00 0.000000e+00 -1.000000e+00
    outer loop
      vertex   -2.514732e+00 1.374244e+01 1.700000e+01
      vertex   -2.503685e+00 1.359415e+01 1.700000e+01
      vertex   -2.500000e+00 1.344550e+01 1.700000e+01
    endloop
  endfacet
  facet normal -0.000000e+00 -0.000000e+00 -1.000000e+00
    outer loop
      vertex   -2.514732e+00 1.120244e+01 1.700000e+01
      vertex   -2.500000e+00 1.090550e+01 1.700000e+01
      vertex   -2.533113e+00 1.135000e+01 1.700000e+01
    endloop
  endfacet
  facet normal 0.000000e+00 0.000000e+00 -1.000000e+00
    outer loop
      vertex   -2.533113e+00 1.135000e+01 1.700000e+01
      vertex   -2.500000e+00 1.090550e+01 1.700000e+01
      vertex   -2.500000e+00 9.254500e+00 1.700000e+01
    endloop
  endfacet
  facet normal 0.000000e+00 0.000000e+00 -1.000000e+00
    outer loop
      vertex   -2.533113e+00 1.135000e+01 1.700000e+01
      vertex   -2.500000e+00 9.254500e+00 1.700000e+01
      vertex   -2.533113e+00 8.810000e+00 1.700000e+01
    endloop
  endfacet
  facet normal 0.000000e+00 0.000000e+00 -1.000000e+00
    outer loop
      vertex   -2.533113e+00 8.810000e+00 1.700000e+01
      vertex   -2.500000e+00 9.254500e+00 1.700000e+01
      vertex   -2.514732e+00 8.957559e+00 1.700000e+01
    endloop
  endfacet
  facet normal 0.000000e+00 0.000000e+00 -1.000000e+00
    outer loop
      vertex   -2.514732e+00 8.957559e+00 1.700000e+01
      vertex   -2.500000e+00 9.254500e+00 1.700000e+01
      vertex   -2.503685e+00 9.105847e+00 1.700000e+01
    endloop
  endfacet
  facet normal 0.000000e+00 0.000000e+00 -1.000000e+00
    outer loop
      vertex   -2.514732e+00 1.120244e+01 1.700000e+01
      vertex   -2.503685e+00 1.105415e+01 1.700000e+01
      vertex   -2.500000e+00 1.090550e+01 1.700000e+01
    endloop
  endfacet
  facet normal -0.000000e+00 -0.000000e+00 -1.000000e+00
    outer loop
      vertex   -2.514732e+00 8.662441e+00 1.700000e+01
      vertex   -2.500000e+00 8.365500e+00 1.700000e+01
      vertex   -2.533113e+00 8.810000e+00 1.700000e+01
    endloop
  endfacet
  facet normal 0.000000e+00 0.000000e+00 -1.000000e+00
    outer loop
      vertex   -2.533113e+00 8.810000e+00 1.700000e+01
      vertex   -2.500000e+00 8.365500e+00 1.700000e+01
      vertex   -2.500000e+00 6.714500e+00 1.700000e+01
    endloop
  endfacet
  facet normal 0.000000e+00 0.000000e+00 -1.000000e+00
    outer loop
      vertex   -2.533113e+00 8.810000e+00 1.700000e+01
      vertex   -2.500000e+00 6.714500e+00 1.700000e+01
      vertex   -2.533113e+00 6.270000e+00 1.700000e+01
    endloop
  endfacet
  facet normal 0.000000e+00 0.000000e+00 -1.000000e+00
    outer loop
      vertex   -2.533113e+00 6.270000e+00 1.700000e+01
      vertex   -2.500000e+00 6.714500e+00 1.700000e+01
      vertex   -2.514732e+00 6.417559e+00 1.700000e+01
    endloop
  endfacet
  facet normal 0.000000e+00 0.000000e+00 -1.000000e+00
    outer loop
      vertex   -2.514732e+00 6.417559e+00 1.700000e+01
      vertex   -2.500000e+00 6.714500e+00 1.700000e+01
      vertex   -2.503685e+00 6.565847e+00 1.700000e+01
    endloop
  endfacet
  facet normal 0.000000e+00 0.000000e+00 -1.000000e+00
    outer loop
      vertex   -2.514732e+00 8.662441e+00 1.700000e+01
      vertex   -2.503685e+00 8.514153e+00 1.700000e+01
      vertex   -2.500000e+00 8.365500e+00 1.700000e+01
    endloop
  endfacet
  facet normal -0.000000e+00 -0.000000e+00 -1.000000e+00
    outer loop
      vertex   -2.514732e+00 6.122441e+00 1.700000e+01
      vertex   -2.500000e+00 5.825500e+00 1.700000e+01
      vertex   -2.533113e+00 6.270000e+00 1.700000e+01
    endloop
  endfacet
  facet normal 0.000000e+00 0.000000e+00 -1.000000e+00
    outer loop
      vertex   -2.533113e+00 6.270000e+00 1.700000e+01
      vertex   -2.500000e+00 5.825500e+00 1.700000e+01
      vertex   -2.500000e+00 4.174500e+00 1.700000e+01
    endloop
  endfacet
  facet normal 0.000000e+00 0.000000e+00 -1.000000e+00
    outer loop
      vertex   -2.533113e+00 6.270000e+00 1.700000e+01
      vertex   -2.500000e+00 4.174500e+00 1.700000e+01
      vertex   -2.533113e+00 3.730000e+00 1.700000e+01
    endloop
  endfacet
  facet normal 0.000000e+00 0.000000e+00 -1.000000e+00
    outer loop
      vertex   -2.533113e+00 3.730000e+00 1.700000e+01
      vertex   -2.500000e+00 4.174500e+00 1.700000e+01
      vertex   -2.514732e+00 3.877559e+00 1.700000e+01
    endloop
  endfacet
  facet normal 0.000000e+00 0.000000e+00 -1.000000e+00
    outer loop
      vertex   -2.514732e+00 3.877559e+00 1.700000e+01
      vertex   -2.500000e+00 4.174500e+00 1.700000e+01
      vertex   -2.503685e+00 4.025847e+00 1.700000e+01
    endloop
  endfacet
  facet normal 0.000000e+00 0.000000e+00 -1.000000e+00
    outer loop
      vertex   -2.514732e+00 6.122441e+00 1.700000e+01
      vertex   -2.503685e+00 5.974153e+00 1.700000e+01
      vertex   -2.500000e+00 5.825500e+00 1.700000e+01
    endloop
  endfacet
  facet normal -0.000000e+00 -0.000000e+00 -1.000000e+00
    outer loop
      vertex   -2.514732e+00 3.582441e+00 1.700000e+01
      vertex   -2.500000e+00 3.285500e+00 1.700000e+01
      vertex   -2.533113e+00 3.730000e+00 1.700000e+01
    endloop
  endfacet
  facet normal 0.000000e+00 0.000000e+00 -1.000000e+00
    outer loop
      vertex   -2.533113e+00 3.730000e+00 1.700000e+01
      vertex   -2.500000e+00 3.285500e+00 1.700000e+01
      vertex   -2.500000e+00 1.634500e+00 1.700000e+01
    endloop
  endfacet
  facet normal 0.000000e+00 0.000000e+00 -1.000000e+00
    outer loop
      vertex   -2.533113e+00 3.730000e+00 1.700000e+01
      vertex   -2.500000e+00 1.634500e+00 1.700000e+01
      vertex   -2.533113e+00 1.190000e+00 1.700000e+01
    endloop
  endfacet
  facet normal 0.000000e+00 0.000000e+00 -1.000000e+00
    outer loop
      vertex   -2.533113e+00 1.190000e+00 1.700000e+01
      vertex   -2.500000e+00 1.634500e+00 1.700000e+01
      vertex   -2.514732e+00 1.337559e+00 1.700000e+01
    endloop
  endfacet
  facet normal 0.000000e+00 0.000000e+00 -1.000000e+00
    outer loop
      vertex   -2.514732e+00 1.337559e+00 1.700000e+01
      vertex   -2.500000e+00 1.634500e+00 1.700000e+01
      vertex   -2.503685e+00 1.485847e+00 1.700000e+01
    endloop
  endfacet
  facet normal 0.000000e+00 0.000000e+00 -1.000000e+00
    outer loop
      vertex   -2.514732e+00 3.582441e+00 1.700000e+01
      vertex   -2.503685e+00 3.434153e+00 1.700000e+01
      vertex   -2.500000e+00 3.285500e+00 1.700000e+01
    endloop
  endfacet
  facet normal 0.000000e+00 0.000000e+00 -1.000000e+00
    outer loop
      vertex   -2.533113e+00 1.190000e+00 1.700000e+01
      vertex   -2.514732e+00 1.042441e+00 1.700000e+01
      vertex   -2.500000e+00 7.455000e-01 1.700000e+01
    endloop
  endfacet
  facet normal 0.000000e+00 0.000000e+00 -1.000000e+00
    outer loop
      vertex   -2.500000e+00 7.455000e-01 1.700000e+01
      vertex   -2.514732e+00 1.042441e+00 1.700000e+01
      vertex   -2.503685e+00 8.941533e-01 1.700000e+01
    endloop
  endfacet
  facet normal 0.000000e+00 -0.000000e+00 -1.000000e+00
    outer loop
      vertex   -2.500000e+00 -8.415402e+00 1.700000e+01
      vertex   -2.500000e+00 -1.173546e+01 1.700000e+01
      vertex   -3.150000e+01 -1.186712e+01 1.700000e+01
    endloop
  endfacet
  facet normal 0.000000e+00 0.000000e+00 -1.000000e+00
    outer loop
      vertex   -3.150000e+01 -1.186712e+01 1.700000e+01
      vertex   -2.500000e+00 -1.173546e+01 1.700000e+01
      vertex   -2.500000e+00 -1.360000e+01 1.700000e+01
    endloop
  endfacet
  facet normal 0.000000e+00 0.000000e+00 -1.000000e+00
    outer loop
      vertex   -3.150000e+01 -1.186712e+01 1.700000e+01
      vertex   -2.500000e+00 -1.360000e+01 1.700000e+01
      vertex   -3.150000e+01 -1.360000e+01 1.700000e+01
    endloop
  endfacet
  facet normal 0.000000e+00 0.000000e+00 -1.000000e+00
    outer loop
      vertex   -3.150000e+01 -1.360000e+01 1.700000e+01
      vertex   -2.500000e+00 -1.360000e+01 1.700000e+01
      vertex   -3.148397e+01 -1.397519e+01 1.700000e+01
    endloop
  endfacet
  facet normal 0.000000e+00 0.000000e+00 -1.000000e+00
    outer loop
      vertex   -3.150000e+01 -1.360000e+01 1.700000e+01
      vertex   -3.148397e+01 -1.397519e+01 1.700000e+01
      vertex   -3.149287e+01 -1.385030e+01 1.700000e+01
    endloop
  endfacet
  facet normal -0.000000e+00 0.000000e+00 -1.000000e+00
    outer loop
      vertex   -2.500101e+00 -1.362982e+01 1.700000e+01
      vertex   -2.500404e+00 -1.365964e+01 1.700000e+01
      vertex   -2.500000e+00 -1.360000e+01 1.700000e+01
    endloop
  endfacet
  facet normal 0.000000e+00 0.000000e+00 -1.000000e+00
    outer loop
      vertex   -2.500000e+00 -1.360000e+01 1.700000e+01
      vertex   -2.500404e+00 -1.365964e+01 1.700000e+01
      vertex   -2.500909e+00 -1.368945e+01 1.700000e+01
    endloop
  endfacet
  facet normal 0.000000e+00 0.000000e+00 -1.000000e+00
    outer loop
      vertex   -2.500000e+00 -1.360000e+01 1.700000e+01
      vertex   -2.500909e+00 -1.368945e+01 1.700000e+01
      vertex   -3.148397e+01 -1.397519e+01 1.700000e+01
    endloop
  endfacet
  facet normal 0.000000e+00 0.000000e+00 -1.000000e+00
    outer loop
      vertex   -3.149287e+01 -1.385030e+01 1.700000e+01
      vertex   -3.149822e+01 -1.372520e+01 1.700000e+01
      vertex   -3.150000e+01 -1.360000e+01 1.700000e+01
    endloop
  endfacet
  facet normal 0.000000e+00 -0.000000e+00 -1.000000e+00
    outer loop
      vertex   -3.149631e+01 8.941533e-01 1.700000e+01
      vertex   -3.148527e+01 1.042441e+00 1.700000e+01
      vertex   -3.150000e+01 7.455000e-01 1.700000e+01
    endloop
  endfacet
  facet normal 0.000000e+00 0.000000e+00 -1.000000e+00
    outer loop
      vertex   -3.150000e+01 7.455000e-01 1.700000e+01
      vertex   -3.148527e+01 1.042441e+00 1.700000e+01
      vertex   -3.146689e+01 1.190000e+00 1.700000e+01
    endloop
  endfacet
  facet normal 0.000000e+00 -0.000000e+00 -1.000000e+00
    outer loop
      vertex   -3.146689e+01 3.730000e+00 1.700000e+01
      vertex   -3.146689e+01 1.190000e+00 1.700000e+01
      vertex   -3.150000e+01 1.634500e+00 1.700000e+01
    endloop
  endfacet
  facet normal 0.000000e+00 0.000000e+00 -1.000000e+00
    outer loop
      vertex   -3.150000e+01 1.634500e+00 1.700000e+01
      vertex   -3.146689e+01 1.190000e+00 1.700000e+01
      vertex   -3.148527e+01 1.337559e+00 1.700000e+01
    endloop
  endfacet
  facet normal 0.000000e+00 0.000000e+00 -1.000000e+00
    outer loop
      vertex   -3.150000e+01 1.634500e+00 1.700000e+01
      vertex   -3.148527e+01 1.337559e+00 1.700000e+01
      vertex   -3.149631e+01 1.485847e+00 1.700000e+01
    endloop
  endfacet
  facet normal 0.000000e+00 0.000000e+00 -1.000000e+00
    outer loop
      vertex   -3.150000e+01 1.634500e+00 1.700000e+01
      vertex   -3.150000e+01 3.285500e+00 1.700000e+01
      vertex   -3.146689e+01 3.730000e+00 1.700000e+01
    endloop
  endfacet
  facet normal 0.000000e+00 0.000000e+00 -1.000000e+00
    outer loop
      vertex   -3.146689e+01 3.730000e+00 1.700000e+01
      vertex   -3.150000e+01 3.285500e+00 1.700000e+01
      vertex   -3.148527e+01 3.582441e+00 1.700000e+01
    endloop
  endfacet
  facet normal 0.000000e+00 0.000000e+00 -1.000000e+00
    outer loop
      vertex   -3.148527e+01 3.582441e+00 1.700000e+01
      vertex   -3.150000e+01 3.285500e+00 1.700000e+01
      vertex   -3.149631e+01 3.434153e+00 1.700000e+01
    endloop
  endfacet
  facet normal 0.000000e+00 -0.000000e+00 -1.000000e+00
    outer loop
      vertex   -3.146689e+01 6.270000e+00 1.700000e+01
      vertex   -3.146689e+01 3.730000e+00 1.700000e+01
      vertex   -3.150000e+01 4.174500e+00 1.700000e+01
    endloop
  endfacet
  facet normal 0.000000e+00 0.000000e+00 -1.000000e+00
    outer loop
      vertex   -3.150000e+01 4.174500e+00 1.700000e+01
      vertex   -3.146689e+01 3.730000e+00 1.700000e+01
      vertex   -3.148527e+01 3.877559e+00 1.700000e+01
    endloop
  endfacet
  facet normal 0.000000e+00 0.000000e+00 -1.000000e+00
    outer loop
      vertex   -3.150000e+01 4.174500e+00 1.700000e+01
      vertex   -3.148527e+01 3.877559e+00 1.700000e+01
      vertex   -3.149631e+01 4.025847e+00 1.700000e+01
    endloop
  endfacet
  facet normal 0.000000e+00 0.000000e+00 -1.000000e+00
    outer loop
      vertex   -3.150000e+01 4.174500e+00 1.700000e+01
      vertex   -3.150000e+01 5.825500e+00 1.700000e+01
      vertex   -3.146689e+01 6.270000e+00 1.700000e+01
    endloop
  endfacet
  facet normal 0.000000e+00 0.000000e+00 -1.000000e+00
    outer loop
      vertex   -3.146689e+01 6.270000e+00 1.700000e+01
      vertex   -3.150000e+01 5.825500e+00 1.700000e+01
      vertex   -3.148527e+01 6.122441e+00 1.700000e+01
    endloop
  endfacet
  facet normal 0.000000e+00 0.000000e+00 -1.000000e+00
    outer loop
      vertex   -3.148527e+01 6.122441e+00 1.700000e+01
      vertex   -3.150000e+01 5.825500e+00 1.700000e+01
      vertex   -3.149631e+01 5.974153e+00 1.700000e+01
    endloop
  endfacet
  facet normal 0.000000e+00 -0.000000e+00 -1.000000e+00
    outer loop
      vertex   -3.146689e+01 8.810000e+00 1.700000e+01
      vertex   -3.146689e+01 6.270000e+00 1.700000e+01
      vertex   -3.150000e+01 6.714500e+00 1.700000e+01
    endloop
  endfacet
  facet normal 0.000000e+00 0.000000e+00 -1.000000e+00
    outer loop
      vertex   -3.150000e+01 6.714500e+00 1.700000e+01
      vertex   -3.146689e+01 6.270000e+00 1.700000e+01
      vertex   -3.148527e+01 6.417559e+00 1.700000e+01
    endloop
  endfacet
  facet normal 0.000000e+00 0.000000e+00 -1.000000e+00
    outer loop
      vertex   -3.150000e+01 6.714500e+00 1.700000e+01
      vertex   -3.148527e+01 6.417559e+00 1.700000e+01
      vertex   -3.149631e+01 6.565847e+00 1.700000e+01
    endloop
  endfacet
  facet normal 0.000000e+00 0.000000e+00 -1.000000e+00
    outer loop
      vertex   -3.150000e+01 6.714500e+00 1.700000e+01
      vertex   -3.150000e+01 8.365500e+00 1.700000e+01
      vertex   -3.146689e+01 8.810000e+00 1.700000e+01
    endloop
  endfacet
  facet normal 0.000000e+00 0.000000e+00 -1.000000e+00
    outer loop
      vertex   -3.146689e+01 8.810000e+00 1.700000e+01
      vertex   -3.150000e+01 8.365500e+00 1.700000e+01
      vertex   -3.148527e+01 8.662441e+00 1.700000e+01
    endloop
  endfacet
  facet normal 0.000000e+00 0.000000e+00 -1.000000e+00
    outer loop
      vertex   -3.148527e+01 8.662441e+00 1.700000e+01
      vertex   -3.150000e+01 8.365500e+00 1.700000e+01
      vertex   -3.149631e+01 8.514153e+00 1.700000e+01
    endloop
  endfacet
  facet normal 0.000000e+00 -0.000000e+00 -1.000000e+00
    outer loop
      vertex   -3.146689e+01 1.135000e+01 1.700000e+01
      vertex   -3.146689e+01 8.810000e+00 1.700000e+01
      vertex   -3.150000e+01 9.254500e+00 1.700000e+01
    endloop
  endfacet
  facet normal 0.000000e+00 0.000000e+00 -1.000000e+00
    outer loop
      vertex   -3.150000e+01 9.254500e+00 1.700000e+01
      vertex   -3.146689e+01 8.810000e+00 1.700000e+01
      vertex   -3.148527e+01 8.957559e+00 1.700000e+01
    endloop
  endfacet
  facet normal 0.000000e+00 0.000000e+00 -1.000000e+00
    outer loop
      vertex   -3.150000e+01 9.254500e+00 1.700000e+01
      vertex   -3.148527e+01 8.957559e+00 1.700000e+01
      vertex   -3.149631e+01 9.105847e+00 1.700000e+01
    endloop
  endfacet
  facet normal 0.000000e+00 0.000000e+00 -1.000000e+00
    outer loop
      vertex   -3.150000e+01 9.254500e+00 1.700000e+01
      vertex   -3.150000e+01 1.090550e+01 1.700000e+01
      vertex   -3.146689e+01 1.135000e+01 1.700000e+01
    endloop
  endfacet
  facet normal 0.000000e+00 0.000000e+00 -1.000000e+00
    outer loop
      vertex   -3.146689e+01 1.135000e+01 1.700000e+01
      vertex   -3.150000e+01 1.090550e+01 1.700000e+01
      vertex   -3.148527e+01 1.120244e+01 1.700000e+01
    endloop
  endfacet
  facet normal 0.000000e+00 0.000000e+00 -1.000000e+00
    outer loop
      vertex   -3.148527e+01 1.120244e+01 1.700000e+01
      vertex   -3.150000e+01 1.090550e+01 1.700000e+01
      vertex   -3.149631e+01 1.105415e+01 1.700000e+01
    endloop
  endfacet
  facet normal 0.000000e+00 -0.000000e+00 -1.000000e+00
    outer loop
      vertex   -3.146689e+01 1.389000e+01 1.700000e+01
      vertex   -3.146689e+01 1.135000e+01 1.700000e+01
      vertex   -3.150000e+01 1.179450e+01 1.700000e+01
    endloop
  endfacet
  facet normal 0.000000e+00 0.000000e+00 -1.000000e+00
    outer loop
      vertex   -3.150000e+01 1.179450e+01 1.700000e+01
      vertex   -3.146689e+01 1.135000e+01 1.700000e+01
      vertex   -3.148527e+01 1.149756e+01 1.700000e+01
    endloop
  endfacet
  facet normal 0.000000e+00 0.000000e+00 -1.000000e+00
    outer loop
      vertex   -3.150000e+01 1.179450e+01 1.700000e+01
      vertex   -3.148527e+01 1.149756e+01 1.700000e+01
      vertex   -3.149631e+01 1.164585e+01 1.700000e+01
    endloop
  endfacet
  facet normal 0.000000e+00 0.000000e+00 -1.000000e+00
    outer loop
      vertex   -3.150000e+01 1.179450e+01 1.700000e+01
      vertex   -3.150000e+01 1.344550e+01 1.700000e+01
      vertex   -3.146689e+01 1.389000e+01 1.700000e+01
    endloop
  endfacet
  facet normal 0.000000e+00 0.000000e+00 -1.000000e+00
    outer loop
      vertex   -3.146689e+01 1.389000e+01 1.700000e+01
      vertex   -3.150000e+01 1.344550e+01 1.700000e+01
      vertex   -3.148527e+01 1.374244e+01 1.700000e+01
    endloop
  endfacet
  facet normal 0.000000e+00 0.000000e+00 -1.000000e+00
    outer loop
      vertex   -3.148527e+01 1.374244e+01 1.700000e+01
      vertex   -3.150000e+01 1.344550e+01 1.700000e+01
      vertex   -3.149631e+01 1.359415e+01 1.700000e+01
    endloop
  endfacet
  facet normal 0.000000e+00 -0.000000e+00 -1.000000e+00
    outer loop
      vertex   -3.146689e+01 1.643000e+01 1.700000e+01
      vertex   -3.146689e+01 1.389000e+01 1.700000e+01
      vertex   -3.150000e+01 1.433450e+01 1.700000e+01
    endloop
  endfacet
  facet normal 0.000000e+00 0.000000e+00 -1.000000e+00
    outer loop
      vertex   -3.150000e+01 1.433450e+01 1.700000e+01
      vertex   -3.146689e+01 1.389000e+01 1.700000e+01
      vertex   -3.148527e+01 1.403756e+01 1.700000e+01
    endloop
  endfacet
  facet normal 0.000000e+00 0.000000e+00 -1.000000e+00
    outer loop
      vertex   -3.150000e+01 1.433450e+01 1.700000e+01
      vertex   -3.148527e+01 1.403756e+01 1.700000e+01
      vertex   -3.149631e+01 1.418585e+01 1.700000e+01
    endloop
  endfacet
  facet normal 0.000000e+00 0.000000e+00 -1.000000e+00
    outer loop
      vertex   -3.150000e+01 1.433450e+01 1.700000e+01
      vertex   -3.150000e+01 1.598550e+01 1.700000e+01
      vertex   -3.146689e+01 1.643000e+01 1.700000e+01
    endloop
  endfacet
  facet normal 0.000000e+00 0.000000e+00 -1.000000e+00
    outer loop
      vertex   -3.146689e+01 1.643000e+01 1.700000e+01
      vertex   -3.150000e+01 1.598550e+01 1.700000e+01
      vertex   -3.148527e+01 1.628244e+01 1.700000e+01
    endloop
  endfacet
  facet normal 0.000000e+00 0.000000e+00 -1.000000e+00
    outer loop
      vertex   -3.148527e+01 1.628244e+01 1.700000e+01
      vertex   -3.150000e+01 1.598550e+01 1.700000e+01
      vertex   -3.149631e+01 1.613415e+01 1.700000e+01
    endloop
  endfacet
  facet normal 0.000000e+00 -0.000000e+00 -1.000000e+00
    outer loop
      vertex   -3.146689e+01 1.897000e+01 1.700000e+01
      vertex   -3.146689e+01 1.643000e+01 1.700000e+01
      vertex   -3.150000e+01 1.687450e+01 1.700000e+01
    endloop
  endfacet
  facet normal 0.000000e+00 0.000000e+00 -1.000000e+00
    outer loop
      vertex   -3.150000e+01 1.687450e+01 1.700000e+01
      vertex   -3.146689e+01 1.643000e+01 1.700000e+01
      vertex   -3.148527e+01 1.657756e+01 1.700000e+01
    endloop
  endfacet
  facet normal 0.000000e+00 0.000000e+00 -1.000000e+00
    outer loop
      vertex   -3.150000e+01 1.687450e+01 1.700000e+01
      vertex   -3.148527e+01 1.657756e+01 1.700000e+01
      vertex   -3.149631e+01 1.672585e+01 1.700000e+01
    endloop
  endfacet
  facet normal 0.000000e+00 0.000000e+00 -1.000000e+00
    outer loop
      vertex   -3.150000e+01 1.687450e+01 1.700000e+01
      vertex   -3.150000e+01 1.852550e+01 1.700000e+01
      vertex   -3.146689e+01 1.897000e+01 1.700000e+01
    endloop
  endfacet
  facet normal 0.000000e+00 0.000000e+00 -1.000000e+00
    outer loop
      vertex   -3.146689e+01 1.897000e+01 1.700000e+01
      vertex   -3.150000e+01 1.852550e+01 1.700000e+01
      vertex   -3.148527e+01 1.882244e+01 1.700000e+01
    endloop
  endfacet
  facet normal 0.000000e+00 0.000000e+00 -1.000000e+00
    outer loop
      vertex   -3.148527e+01 1.882244e+01 1.700000e+01
      vertex   -3.150000e+01 1.852550e+01 1.700000e+01
      vertex   -3.149631e+01 1.867415e+01 1.700000e+01
    endloop
  endfacet
  facet normal 0.000000e+00 -0.000000e+00 -1.000000e+00
    outer loop
      vertex   -3.146689e+01 2.151000e+01 1.700000e+01
      vertex   -3.146689e+01 1.897000e+01 1.700000e+01
      vertex   -3.150000e+01 1.941450e+01 1.700000e+01
    endloop
  endfacet
  facet normal 0.000000e+00 0.000000e+00 -1.000000e+00
    outer loop
      vertex   -3.150000e+01 1.941450e+01 1.700000e+01
      vertex   -3.146689e+01 1.897000e+01 1.700000e+01
      vertex   -3.148527e+01 1.911756e+01 1.700000e+01
    endloop
  endfacet
  facet normal 0.000000e+00 0.000000e+00 -1.000000e+00
    outer loop
      vertex   -3.150000e+01 1.941450e+01 1.700000e+01
      vertex   -3.148527e+01 1.911756e+01 1.700000e+01
      vertex   -3.149631e+01 1.926585e+01 1.700000e+01
    endloop
  endfacet
  facet normal 0.000000e+00 0.000000e+00 -1.000000e+00
    outer loop
      vertex   -3.150000e+01 1.941450e+01 1.700000e+01
      vertex   -3.150000e+01 2.106550e+01 1.700000e+01
      vertex   -3.146689e+01 2.151000e+01 1.700000e+01
    endloop
  endfacet
  facet normal 0.000000e+00 0.000000e+00 -1.000000e+00
    outer loop
      vertex   -3.146689e+01 2.151000e+01 1.700000e+01
      vertex   -3.150000e+01 2.106550e+01 1.700000e+01
      vertex   -3.148527e+01 2.136244e+01 1.700000e+01
    endloop
  endfacet
  facet normal 0.000000e+00 0.000000e+00 -1.000000e+00
    outer loop
      vertex   -3.148527e+01 2.136244e+01 1.700000e+01
      vertex   -3.150000e+01 2.106550e+01 1.700000e+01
      vertex   -3.149631e+01 2.121415e+01 1.700000e+01
    endloop
  endfacet
  facet normal 0.000000e+00 -0.000000e+00 -1.000000e+00
    outer loop
      vertex   -3.146689e+01 2.405000e+01 1.700000e+01
      vertex   -3.146689e+01 2.151000e+01 1.700000e+01
      vertex   -3.150000e+01 2.195450e+01 1.700000e+01
    endloop
  endfacet
  facet normal 0.000000e+00 0.000000e+00 -1.000000e+00
    outer loop
      vertex   -3.150000e+01 2.195450e+01 1.700000e+01
      vertex   -3.146689e+01 2.151000e+01 1.700000e+01
      vertex   -3.148527e+01 2.165756e+01 1.700000e+01
    endloop
  endfacet
  facet normal 0.000000e+00 0.000000e+00 -1.000000e+00
    outer loop
      vertex   -3.150000e+01 2.195450e+01 1.700000e+01
      vertex   -3.148527e+01 2.165756e+01 1.700000e+01
      vertex   -3.149631e+01 2.180585e+01 1.700000e+01
    endloop
  endfacet
  facet normal 0.000000e+00 0.000000e+00 -1.000000e+00
    outer loop
      vertex   -3.150000e+01 2.195450e+01 1.700000e+01
      vertex   -3.150000e+01 2.360550e+01 1.700000e+01
      vertex   -3.146689e+01 2.405000e+01 1.700000e+01
    endloop
  endfacet
  facet normal 0.000000e+00 0.000000e+00 -1.000000e+00
    outer loop
      vertex   -3.146689e+01 2.405000e+01 1.700000e+01
      vertex   -3.150000e+01 2.360550e+01 1.700000e+01
      vertex   -3.148527e+01 2.390244e+01 1.700000e+01
    endloop
  endfacet
  facet normal 0.000000e+00 0.000000e+00 -1.000000e+00
    outer loop
      vertex   -3.148527e+01 2.390244e+01 1.700000e+01
      vertex   -3.150000e+01 2.360550e+01 1.700000e+01
      vertex   -3.149631e+01 2.375415e+01 1.700000e+01
    endloop
  endfacet
  facet normal 0.000000e+00 -0.000000e+00 -1.000000e+00
    outer loop
      vertex   -3.150000e+01 2.604088e+01 1.700000e+01
      vertex   -3.146689e+01 2.405000e+01 1.700000e+01
      vertex   -3.150000e+01 2.449450e+01 1.700000e+01
    endloop
  endfacet
  facet normal 0.000000e+00 0.000000e+00 -1.000000e+00
    outer loop
      vertex   -3.150000e+01 2.449450e+01 1.700000e+01
      vertex   -3.146689e+01 2.405000e+01 1.700000e+01
      vertex   -3.148527e+01 2.419756e+01 1.700000e+01
    endloop
  endfacet
  facet normal 0.000000e+00 0.000000e+00 -1.000000e+00
    outer loop
      vertex   -3.150000e+01 2.449450e+01 1.700000e+01
      vertex   -3.148527e+01 2.419756e+01 1.700000e+01
      vertex   -3.149631e+01 2.434585e+01 1.700000e+01
    endloop
  endfacet
endsolid
